0.0	0.0	0.0	0.0	0.0	0.0	0.0	0.0	0.0	0.0	0	0.0
0.0	0.0	0.0	0.0	0.0	0.0	0.0	0.0	0.0	0.0	0	0.0
0.0	0.0244422570154149	14.10491191304864	5.278995988175676	32.255799088491386	2.5055716662705017	9.239357273805672	10.57919451320132	7.857632606418437	0.0001177654433226	2	0.5116666666666667
0.036	0.0221508274273418	9.995178042472336	7.749434867101304	27.87466356482132	2.863023954031908	4.8650721805459245	6.893565765399472	25.5406	0.0002614871364426	2	0.39296
0.0544	0.0110657849372961	4.608051797173262	6.959051694027243	4.610840709177976	2.320185668773385	4.009185600997951	3.0024413277326087	33.15992	0.0002707098672927	2	0.3546
0.0	0.0	3.76896889449929	3.95907449339783	2.947811625805349	1.8209518665620568	2.729545593503328	2.3584235813553245	18.31976	0.000113539936424	1	0.36584
0.0694802631578947	0.0094509847520843	2.651446326233341	5.561396591755377	4.761960720463628	2.0331397865845444	4.980376217767571	3.449588657327248	18.63992	7.423820187870125e-05	3	0.37372
0.0751407894736842	0.0064331297684152	2.216905720144167	1.474249684741488	5.028630402037949	1.011338071186996	1.6614495666582227	2.134749848703501	13.25964	0.0001714724207212	4	0.42352
0.010578947368421	0.0741486491181267	2.4091222568155555	1.3992911635730163	4.8725995148422125	1.339484025286178	2.5420842190746886	1.5816303093175146	14.82084	0.0001291708565119	2	0.46104
0.0546273684210526	0.0187656180936932	1.8694974768301509	5.191200989840229	2.098164593607833	1.549356098649704	2.409651530648653	6.049579000760842	95.36704	0.0006990781154768	2	0.45088
0.4420726315789473	0.0178424334695153	3.444541583616362	3.5278230471556062	2.576021864976036	3.7651998249874574	2.068153491640253	2.324149876706562	323.46924	0.0065788595556949	1	0.42904
0.4660894736842105	0.0	2.372566915790398	2.8901240628214064	2.4523309038755605	3.578585413963146	1.5126921705223615	2.410993445059125	517.0068	0.0209688428295009	2	0.55028
0.2053302631578947	0.0	1.766983664966884	4.623440367890634	2.345021229869161	1.871110037833052	6.5278191010684425	4.807984869729141	586.81868	0.0166362997999962	1	0.53652
0.5693344736842105	0.0194705254153201	8.986748885964209	7.536945419119408	6.761202614122176	1.8022355975924331	6.749256844569992	5.6481093736037895	550.85716	0.0182360400576801	1	0.52892
0.2991865789473684	0.0148000001907348	1.972272400744952	5.390750539958932	2.4810364316073024	6.578407465675058	1.5555713608556223	2.313150645732144	498.44008	0.0099965231709971	1	0.50072
0.2078855263157894	0.0248252029404509	2.1492969355953515	4.180834003973218	2.3897381832187765	5.624309927058353	1.7539185737893734	3.6650787696924234	555.2226	0.0150311313938393	1	0.55244
0.3603413157894737	0.0	1.596875918307376	2.693664068453524	1.7192313743000285	5.476860867030496	1.4025518948771662	2.4828918939716007	590.26244	0.0312401095860845	1	0.62616
0.2181113157894737	0.0147502313224125	1.7481964495339568	5.413510930725948	2.172937188977038	5.148870970745424	1.8208753131696835	2.4070936076518623	644.40112	0.0167121177772914	0	0.5688
0.5411460526315789	0.0219506451804808	3.073582791033429	3.939710129075237	2.0580327285022104	3.0183739104899687	1.5337921117502051	3.1115951555208543	656.89796	0.0317757789305027	3	0.60376
0.8895118421052632	0.0273295811244419	5.992569605487828	5.024419457243051	6.676620383097188	2.6616075824574668	2.020811731330904	4.302358264812281	546.996	0.0313197242458077	1	0.59488
1.7190273684210524	0.0579997216534555	10.38466136701226	4.697057221430558	21.43038263406597	2.281496972540608	3.748086849439368	7.004534311271621	533.48232	0.0275058209027963	2	0.58796
0.944342105263158	0.600256536960285	9.151100260822854	3.68893106060118	8.46170578705252	2.013498079454189	3.5320918124057585	6.534497934834343	560.09812	0.0308550160763544	2	0.6158
2.3829594736842106	0.7537998048240213	11.69406867442668	5.443152776074375	17.380777655661532	1.801850960252501	2.729566872584964	7.651275907727506	568.9026	0.026940785284463	2	0.55752
0.7431815789473684	2.390239452721416	5.484679821295983	2.9142063691876947	6.770597191921616	2.473616646004013	3.197304841540553	11.84271635737257	612.02428	0.0307766656679966	2	0.63712
1.000195789473684	0.0901311180134233	3.9937957951726952	5.479437394030472	6.76348136177314	2.0953868047355195	4.2395798773932745	5.198415067584151	654.9786	0.0366001568061463	2	0.63824
1.1899857894736845	0.0377540523953544	10.32214577754736	4.024749975140915	6.351353925495864	2.087864734925432	3.743049796191237	4.599811629952908	678.28032	0.0445617626655803	3	0.6054
0.6882615789473684	0.0264207124710083	9.06636925431107	5.321344159308556	8.9538684133085	2.0520546146905567	3.627482857172072	5.923572020125562	620.11488	0.0348011537403218	3	0.59864
0.9660936842105262	0.1050260806019415	4.637427862747778	3.162115563342238	4.788870923441236	2.083853853136255	1.511153179278667	3.556036661497421	458.37452	0.0318586464235361	2	0.5904
0.842717105263158	0.0330454195978411	5.20681135214669	3.4277017034877213	3.257939912726357	2.128157787365552	1.6821257254865751	3.5105820985706524	423.70348	0.0251940849627466	1	0.5866
0.6880302631578948	0.0874022875670823	1.6676328422281523	3.346266709661528	2.174231393112818	1.8397383885323693	1.900582366776048	3.0596534607790677	551.12448	0.0272054255627884	1	0.593
0.5992236842105263	0.0235367200483621	2.521152767213507	4.14603722753438	2.3741002271738907	1.8503483185485892	1.4708826559202202	2.829982814916652	564.55904	0.0227125129267748	0	0.56292
2.5095447368421056	0.5163550092644246	12.782979898196826	4.080555709472019	21.513493223648428	1.85343960936378	2.871686559001416	7.399789968495276	746.98956	0.0261841262597196	4	0.56568
0.8866578947368421	1.9911071977375172	8.97957943277053	4.683383931049647	8.82644176681698	1.782906196083179	6.955418540669858	18.21439804937519	848.14404	0.0376264908537444	4	0.60672
0.7424236842105263	0.0575542242295116	3.3090466352021077	2.546386805960652	4.592487197714799	1.9116126242974487	1.5704389846563584	3.257985299264963	786.01388	0.0213952349417349	2	0.57132
1.753725	0.2441365993886486	5.185126779812497	3.079513188474045	6.0195245572481335	1.7875173058933584	3.705203001562397	8.466151999571434	842.54228	0.0405481906449794	1	0.60836
1.1346618421052632	0.0363613708084441	5.253766452497515	2.9253096005052743	8.101847225738766	1.686101286209798	5.165442537207772	8.427620208447719	744.23416	0.0307482887575205	2	0.607
2.3292	0.1371673835412529	11.729351042627927	2.841966180118106	20.25488146490182	2.0490626143513664	4.1090302629262645	7.3961082240922655	619.53804	0.0331138552246374	3	0.59108
1.1899815789473684	0.0704405965946423	8.309734377063169	3.1524996590814505	10.243327377064686	1.6335617513713538	5.009775623789654	6.489209373939389	688.12536	0.0335858654255025	1	0.61152
1.4543092105263158	0.5483156967036061	6.351131319914269	6.474349399919616	11.205948697680872	1.7582693868999293	6.679815967435372	7.14246652477753	795.62228	0.0225485838350127	0	0.57412
1.3316197368421054	0.3725406737483093	8.80218910126832	3.1857166980008262	11.435301449798963	1.729276411626578	3.9053068906597774	7.089258107803996	838.7232	0.0341925661070206	3	0.60112
1.6523921052631578	0.0279457651546151	10.980330054688872	2.506540956733658	15.246010141585725	1.954722785455016	4.187969111799799	8.669015588371177	831.21588	0.0448780856375133	4	0.62896
3.332918421052632	0.9277320066814888	17.72408063977056	2.9973315164934995	16.27805791013636	2.0483009931304093	4.540778436561268	9.849038172292994	810.05804	0.0234560199013177	2	0.60608
0.8999363157894738	0.4814239487954896	4.815991952795466	2.5879673607203157	4.7748807559519575	1.9769684453310887	4.7501324765600605	6.072633867264665	789.34444	0.0341289141013341	1	0.60668
1.7153984210526314	0.1626014131746294	7.586688956473967	3.289533577446764	7.414918805600489	1.728018469468108	4.020821489112009	7.108789974502975	825.68152	0.0413407628774642	1	0.59464
1.7260418421052632	2.68573491241471	6.4822469780321725	3.4647974008704066	8.173364331942953	1.7196105490411886	4.328223094170403	7.827800776721069	910.60008	0.0418508621503325	1	0.63632
0.3226181578947368	0.0338450265710366	2.1289797440634715	3.0698526652013087	2.2364939646781266	1.828646173969915	3.2979359903707097	3.501389436855621	909.72184	0.0346354466950192	0	0.61564
0.7139394736842105	0.0467612608829954	5.2531346841224495	3.455374579951655	4.109559372874146	1.9486664304093928	4.06104663079304	5.991965014086875	881.6526	0.0385976711189396	1	0.63432
0.6989973684210525	0.0074000000022351	4.940385544741136	2.2523012376729468	6.661952277390118	1.6384710372063014	1.4756796413502389	2.8271552963056896	705.83608	0.0123328014294189	1	0.5428
1.9488618421052637	0.3655879673745064	9.570756656796968	2.8912227625143325	11.581028702532928	1.7596526122405598	5.083344347934039	9.298619321563182	719.94796	0.0249943708789348	1	0.59028
2.481357105263158	0.3900972467472244	11.942265394683927	2.737778402973849	11.353620141771328	1.9988435629824504	3.854769928780988	7.246385557872784	884.9806	0.0463441716947275	4	0.66868
3.092779210526316	0.8366377628964151	19.094559338103775	3.0189616886515998	22.458865098752337	2.109792973766984	5.537827874140568	16.14980749219563	816.07696	0.0398587673410247	3	0.63264
1.230322894736842	0.6430896059089399	10.4024328519663	2.420207219816452	15.299483637295875	4.046460846067659	3.979311688435343	5.566321076462851	732.41764	0.0490407658260008	2	0.64372
0.6730078947368421	0.0268150692128556	5.324282315003977	2.414743857517184	3.1359466929904074	2.3399103697248846	1.623642067077892	4.193496452889772	674.4942	0.0289745740512539	2	0.58388
0.3455047368421052	0.0	2.9752170248814838	2.272367169954152	1.9632046556969225	2.449188621868188	1.541281746834832	2.3661844046096614	565.51928	0.0150707546024462	0	0.5398
0.3843044736842105	0.2326794700620989	5.865349771289986	3.0336619507366804	3.757690418762386	2.0372451332019472	5.83867842828792	3.892452434467832	633.12688	0.0229953689805199	0	0.53044
1.0155313157894736	0.3359833978814623	8.285754658327768	3.065694327310195	10.252830202330635	2.0191142494739247	4.890840186336639	8.655835770457179	786.64176	0.0250851707845575	4	0.58212
1.4964894736842107	0.916308064665492	11.795023220233674	3.03689461741237	10.93879642733492	1.907934426229508	7.7351018116235135	9.5568643742621	823.40008	0.0344776472738911	2	0.59152
1.3797726315789476	1.572193101177651	10.623105964872495	2.899045678936495	10.755029969442628	2.2394318380388927	6.22200097089623	12.495942160549864	813.39968	0.0285500460516004	3	0.5858
0.9473068421052632	0.024992110989551	4.35525896308424	2.3089881266273	4.627219316387565	2.159964209019327	2.202963262298394	5.684262583812156	723.69676	0.0496732062614665	1	0.6364
2.3697405263157894	0.5465067746793799	14.261250589998347	2.603175472036232	13.458698218219638	1.7251339946905129	3.267156145268657	6.030028855229449	733.92392	0.0343217315973604	4	0.60148
1.457552894736842	0.0173589728794489	7.357732882639588	3.1523588492379826	7.626166150340979	2.932965879265092	2.275889050572291	4.242944564938548	771.61804	0.0281082191247449	3	0.5834
0.758636052631579	0.0313055163878702	2.908614740704508	3.0524394298671296	2.340057224230612	3.175076589653373	1.883925087076244	2.261009041269658	685.79296	0.0220083472365491	0	0.55856
0.3676057894736842	0.0	2.8773471395468206	2.6319926850704505	1.9178762453462723	1.828385572937241	2.5498920895581305	3.35763720137558	590.2214	0.0280974813816126	5	0.58588
0.8625821052631578	0.0210839174000364	12.57496655594855	2.86376523219472	10.773574858616774	1.9105821920740145	5.129951586151498	7.318920674884703	671.8048	0.0236101535853217	2	0.57464
1.1509165789473683	0.0316792486552776	9.207412977346332	3.252642508023128	7.528793067739769	1.769642382704725	5.8535475110011	6.833460159039594	683.27696	0.0313720320921785	3	0.58768
0.6959486842105262	0.0	3.347477141619998	3.7341878298045375	6.10692488641447	1.508269353461018	6.071974257172132	5.54326587756141	566.1944	0.0355187726912778	0	0.58436
1.1337	0.0309412257424186	7.651175947745842	2.822416962744237	10.622427555444164	1.8467324958096156	2.1306556243313466	3.9374683202499674	535.42052	0.0234926118521129	1	0.58
0.7591789473684211	0.0148000001907348	5.198660191756399	3.497524465418343	2.1059475749434258	2.8476032993338887	1.567826785982553	2.81561972969851	563.90244	0.022116608415842	0	0.5566
0.3666328947368421	0.0284523092783414	1.552443010399753	3.287026651315057	1.6934867129956177	4.525346441708389	1.5425276153346328	2.289941557273872	655.70596	0.0149998889518485	0	0.51128
0.9179671052631578	0.0496687575653716	4.563404958552324	3.1072586118110426	5.545228735011499	3.589300998955516	1.593089223671985	3.3053439144003565	749.50372	0.0373169226493554	1	0.572
0.876025	0.0234489833874105	4.51541262379216	3.910335457280243	6.56577588490587	4.045638775462402	1.721077504737733	2.6769213379662578	795.07464	0.0387394071440135	1	0.59368
0.8615171052631578	0.0238082621595314	3.293598991887884	4.429176155649817	2.5124877923451425	2.881322328313462	1.927787933593402	2.9183825365551463	690.33972	0.0247151681418278	0	0.57468
1.3137434210526318	0.0343263779381828	7.984809813613299	2.4033599535598347	7.743102856545556	1.661720574852838	3.8402867343209737	6.02607033587109	686.9822	0.0497665199457196	4	0.60668
1.347196052631579	0.0632638002517953	11.907985558361414	2.932695895364521	12.818456485589936	1.999506226640531	5.461561140568313	9.05281027444677	753.11808	0.0344530415725708	1	0.596
3.1818657894736844	0.0179740677960971	17.47887575426415	3.2994524612272422	18.939600281451764	2.097774610798425	3.55946943545976	7.614589248159832	679.5374	0.0365947037814645	5	0.6122
1.1464315789473685	0.0087287319240285	14.368249879679157	3.22529835687518	12.762850426863016	2.451346868042186	3.2120760547326004	5.231464439419569	566.25652	0.0212488376056446	1	0.57108
1.2850828947368422	0.1929413119431575	8.205242654192805	2.8407086559252286	7.390898852180952	1.8545960219263224	3.65040247205585	4.510514888556759	586.66476	0.0208849102144381	3	0.58352
0.9503144736842104	0.3877899626548668	8.956937910930042	4.121776400911161	8.138915626705476	1.917833627005472	2.7609344566393568	4.466417062429842	722.983	0.0330783679571572	1	0.57772
0.2712878947368421	0.2653776393215021	1.5187389910389557	2.189870436712852	1.9690524771492528	1.6176550722005267	3.6727361378034025	4.080581251587772	752.88024	0.0205221619890717	1	0.59892
0.4689663157894737	0.3049253650512665	2.325722329780764	2.8625003144232632	2.6927183428180235	1.6069580075422294	3.3649404094223216	5.021322319834797	701.01876	0.0246455391258351	1	0.58508
0.3686681578947369	0.0148000001907348	2.4253897365461854	2.778453933671729	1.949192121976084	1.8987405813440288	2.131202340147599	2.7621177603711087	632.45676	0.0197666318108053	1	0.54556
1.389719736842105	0.0189109579823649	6.465827438178413	3.2027653460656227	7.557396625802792	1.8836241743074045	4.786144819008131	11.880866333021435	647.39872	0.0431344116746678	3	0.58976
1.9574434210526317	0.0271427599163511	11.1984233424509	2.555293654987297	36.45186430931565	1.9835737879345927	2.7970238799126377	11.131746720380129	644.46076	0.0216960305615733	0	0.57128
1.1056392105263158	0.0869249329656845	4.585184550418482	2.8066334607608088	6.098010280810092	1.8548257862000812	3.84965131926346	4.464922009230873	695.78676	0.0268200771394897	2	0.57232
0.3514097368421052	0.1025703110382627	3.653395591073816	3.0042717500346026	1.9072884781147093	1.6172201351082027	5.729456066945606	5.747776397224915	768.71976	0.0250751916510217	0	0.59076
0.3129144736842105	0.0	4.4684921330332745	3.0180758360192232	6.018417887946678	1.5805055240637014	5.434124225071369	4.576225419095057	665.69068	0.0186059234480296	0	0.553
2.54209	0.0817052202281615	11.097837562075457	3.047510356368824	13.986883314627928	2.186684975550941	4.203227927297406	6.923343358900052	560.98172	0.0277639463168032	2	0.54576
0.21489	0.1861759098883724	2.425270480169452	2.542742813587927	2.5154992703198222	1.702928596238773	5.259146238779887	5.048087520655103	717.89	0.0263811674137676	0	0.58924
0.3459813157894737	0.3600708474840457	1.5907836320823794	2.3816917718441224	2.4131309164745223	1.431426589722435	5.821427990434515	6.574978360448587	896.18452	0.0287953003772567	1	0.6012
1.3077213157894738	0.666007151173101	14.705688363431593	2.858253225571149	13.00223867921286	1.6876560703439485	5.942272764839087	11.015123737373738	830.7306	0.0355378357024753	5	0.6134
2.1152765789473684	4.316466284445553	11.406477683999316	3.0141315905571973	12.548176736274767	1.9532619615998597	3.332143169467175	13.757905970982144	659.63368	0.0269740354235032	2	0.58476
0.6780207894736843	0.987807999010323	5.179760855508819	2.81181009315352	3.610245027654128	1.8974302395559364	2.021623899083733	9.147202305323765	662.547	0.0249631832197133	1	0.58588
0.4055510526315789	0.0234506537330888	3.484194579392374	4.36711013400335	2.032012118086309	2.5868772147259915	2.2904476507584164	4.032687632284864	819.84448	0.02367573075014	1	0.5792
0.8105173684210525	0.2753811937675943	9.064795614565153	4.827719414893617	9.244551106481923	2.103350939404459	5.731239837398374	6.585962447478993	884.30212	0.0331469759803659	3	0.60024
0.3056102631578947	0.2258718694633527	2.4063322460783643	3.979144664674727	2.6013203652882533	3.872260625584537	2.981745680523516	3.5012545506395165	769.3912	0.0197001677209489	1	0.5422
0.5538055263157895	0.0	3.1584680569736667	4.40505468988844	3.222748965929299	2.3084606485539	1.7759110676214829	2.762952346233406	484.50776	0.0128973636333732	1	0.51628
0.3454042105263158	0.0239614166228877	1.6852727161340144	3.2204436197809434	6.803866854859241	2.170548489839379	2.7641099318485645	5.427102045491998	387.84072	0.019963163707081	0	0.53316
0.8284921052631579	0.0264207138901665	9.218215435430992	2.3371945971563983	9.019047683561032	1.9164499481302335	4.526968336444198	6.843491126289768	406.28008	0.0271175764449904	1	0.60292
0.7484039473684211	0.0	6.597973638311298	2.4807445303225752	4.028222869778515	1.906163336420286	2.200679824561404	3.761077476599104	405.8804	0.025407245227449	3	0.54888
0.7030323684210527	0.0892498258560422	6.39534139917005	2.7639638118395147	2.3159018459143823	4.030568968458479	1.3769740769835035	5.766206516627478	418.34148	0.0272800364053249	0	0.56424
0.4615647368421052	0.0	2.2719439559794323	3.005401123482561	2.1736230748467524	3.2455121643027844	1.7935533201717275	2.757188706770789	423.33932	0.0141653016626133	1	0.53264
0.5562078947368421	0.0	2.151924233465272	2.7681327047017605	2.253028027832272	2.560622491152675	1.5855360256508704	2.413666394888033	429.4234	0.0133846890586264	1	0.51696
0.2224355263157894	0.0	2.030969972005329	4.057884960078214	1.7025620920329438	4.517796643867561	1.7731952528535793	2.255117801388716	523.73996	0.0119831823261695	0	0.51636
0.2400381578947368	0.0	2.2723455951202616	3.613382028362474	1.7912940226151544	4.100326217531745	1.4887642757870567	1.9631819806936004	484.37572	0.0135647787231206	0	0.50476
0.3573065789473684	0.0	2.7541026634422643	3.5540864929036298	1.9090447791641092	4.7139160235448	1.7240782322144397	2.2646672743133043	443.82292	0.0142157114990318	1	0.5318
0.3357565789473684	0.0182692577809463	2.098712054967209	4.575984069393448	1.725833376983575	4.015077798927754	1.5025675772913591	2.558342811704955	503.42148	0.0184727526459974	2	0.53656
0.1689710526315789	0.0	1.7001509929268142	3.5633436432924586	1.7418938431953304	4.757608003323179	1.5005831341668632	2.008697067062119	431.11512	0.0122659110942658	0	0.50888
0.21805	0.0	2.0052607343510074	3.35774684818998	1.6633407186713485	4.842999377860208	1.3140154689010637	1.9587643061035704	404.49956	0.0115320859297934	0	0.51824
0.6600065789473684	0.0	2.820451922886859	3.452064096861197	2.004730463019736	3.3347957737550407	1.6350641779913144	3.335516483918346	414.56288	0.0337126312613487	2	0.559
1.0214855263157896	0.0	6.451777342174122	3.506508138342592	9.052007051108664	3.4783065329055964	4.849649301776414	7.860158148107311	438.8206	0.0270049948544362	3	0.54508
0.3108539473684211	0.0189715379323714	2.011563709947616	2.0955800922047367	2.129679681450086	1.9097855376109412	4.333688217907911	5.141327373323873	469.12096	0.0222960367352822	0	0.58508
1.501717105263158	0.2912870158883983	14.440435643179535	3.5633789212950355	9.466097781005276	2.040774344063093	5.882416182682155	5.05072431771908	585.52432	0.0207708521889939	2	0.548
0.638153947368421	0.2953911556438919	3.530019676405728	3.3434661854429835	2.312824783396051	1.7990805959940546	4.509420383076043	4.003270993519793	596.6784	0.0284103299446666	1	0.59216
0.9299092105263156	0.0650371063385564	6.136490110868528	7.684298353238197	4.100497547605476	2.2685139743541343	2.963599009517914	2.9371269515636587	459.07432	0.0168005681306123	1	0.49048
0.5083868421052631	0.0740023689827471	3.4901764193846176	8.903742875491636	3.9476855187993305	2.264808248176991	4.002819139301179	3.0101798889308413	414.22012	0.0100008498530177	4	0.45868
0.4643763157894737	0.0202015365756819	4.841871074073305	6.824930147623434	3.563272319869847	2.587136823238023	1.8945324410448787	2.191564599109149	405.05956	0.0076600070928826	2	0.46272
0.8616160526315789	0.1629736541897734	4.676789031794118	8.663238199107703	3.500126423284145	1.8986786225615413	6.4420308241706605	3.6413125248619296	382.1984	0.0157309623059805	1	0.46776
1.4925234210526317	0.029225710811543	8.742206338350329	7.962916039622605	7.892790017553634	1.8440326356640249	5.410610609696374	5.154222477443719	367.34044	0.0128319843521538	1	0.49428
1.0480105263157893	0.0	6.282534716032316	2.888535112001972	6.8969804823442	1.9652971730855116	1.7795821297883097	4.165893751143472	429.66332	0.0084073284390393	0	0.4982
0.979888947368421	0.0303921322053346	4.178577669454624	2.6136584057369663	3.1800943833529183	2.780489881263535	1.6384160766655451	2.792180599481532	527.62564	0.0181542764759764	1	0.53988
0.6042942105263157	0.0	1.9262619718466152	2.389008233474464	1.867817152024417	1.8869508623494955	1.7830587865731655	2.6785381868947837	631.22324	0.0184803985635673	0	0.53444
1.822456315789474	0.0287331817219558	9.828661904364614	3.241052592756509	10.33898798053085	2.3847315462119427	1.9080787776182413	5.167964356417301	667.99888	0.0233340929387597	1	0.55804
0.8009776315789475	0.028731701348925	5.122279269913814	3.0243663639952625	6.112040556030507	1.7459796440338835	4.112181572433065	5.734106717974806	614.15672	0.0251725313983945	2	0.5544
0.5989486842105264	0.0309781167300305	4.411469367843003	2.387142857142857	3.725090109072733	1.6792309535057548	1.953385687901408	2.9651910821371112	630.80248	0.0232218896342025	1	0.54924
0.3328592105263158	0.2033886410338354	2.559088430047193	2.4833600144665318	2.1800772923408287	1.621771132664814	2.2829574580931293	3.351584642527094	616.23936	0.0319203247505075	2	0.60944
0.4682328947368421	0.0	3.043149698346648	3.378288771280367	4.43330808413027	2.0540279028298114	1.6980171985751809	3.336848475478449	663.2606	0.0146015424815346	2	0.50932
0.8582921052631579	0.0148000001907348	3.705130768903115	5.210305596265537	8.638603405211896	2.100751912018942	2.463785910603211	4.1309089748364105	622.219	0.0125373029387873	2	0.5298
1.4458315789473686	0.1551619230816706	10.674314349057102	2.694736842105263	12.057098931094522	1.905465717690252	3.897391898042785	6.094061637294904	514.39464	0.0268307346812241	1	0.59372
0.3704131578947369	0.3586657898216823	1.661171822131715	2.148802017654477	1.9715382296650736	1.7486694913832723	3.214346993942503	4.77108889508151	593.98756	0.0306380470627896	1	0.57044
0.5304268421052631	0.0186137733219554	2.0243508717806367	3.6277962678886966	2.2057766573369384	3.6343967084143416	1.7443331064362804	2.9667771280051976	718.20552	0.0160861632085547	0	0.5282
0.5177718421052632	0.0234861903720431	2.8554498800170998	3.765804296976277	2.0805227729144	3.115994750706452	1.424857477777843	2.451118958783084	807.95792	0.0182081482129237	0	0.52328
1.1796313157894738	0.0402508442331871	5.164700219879946	3.14730000276271	4.238751179491823	3.797629570490339	1.512918527986891	3.2672762333056253	732.44248	0.0344703674815682	0	0.54324
0.8438721052631578	0.0	2.045536372070039	3.9918788300835657	1.6249340810706687	2.7882012036555466	1.6768563965896388	3.3034040663958115	694.57404	0.0198386587099117	1	0.53504
0.5143857894736842	0.0	1.8188748173404776	2.8617966688283505	1.62745176154065	2.502825815579228	1.5397360214419362	2.7308100297892333	643.31664	0.013795216103687	0	0.5226
1.6409484210526315	0.0711576076699242	13.488593971876629	3.200053607597051	15.936886193939864	2.3430720804255527	4.489794731296101	7.664145680946298	653.88616	0.0339940765015518	1	0.56588
0.64034	0.045592977108124	3.5250542346969813	2.955223562122729	5.857508241829499	1.7094832963911712	5.388985911054722	5.464416568514488	689.57284	0.0195528872629474	0	0.55516
0.3303973684210526	0.0315994479581828	1.7602500010093158	2.8207601212398035	2.5871682396183724	1.6688667254886298	5.126391131541609	4.386601926653029	482.11432	0.0170206522644267	0	0.53288
0.8908894736842106	0.1492343559310246	4.997680476115376	2.9852520568812406	7.167728151859328	1.630482453699272	6.648691935403396	6.52813306586426	484.36808	0.0231346072871544	0	0.55696
0.5138460526315789	0.6458176709672688	1.7137621000194436	3.882207219566725	2.2393705182061123	2.147160618274641	5.006512080549474	7.14673848514158	784.75028	0.027333134728039	0	0.56928
0.9895460526315788	0.0292138981975621	4.989564779947823	3.152142889295006	4.7291477293313	3.059694138201763	3.9084891103431647	4.391830286064211	869.07968	0.0247736902647158	3	0.5576
1.8810118421052635	0.0736535468020007	14.956870479354576	3.0638926149244186	19.156876985943946	1.8851062103929024	4.058469640644362	6.938207527271807	841.05828	0.0319822547298319	2	0.576
0.6589960526315789	0.1908757085731619	1.7478052122501069	2.454660115121124	5.444562817638089	1.654945638324981	3.926844567082815	6.813080316751139	759.5754	0.0316835020919407	2	0.61304
1.977613157894737	0.4257251311241368	8.553250042013406	2.9956612238116103	8.114828802879828	1.8718363219513048	3.367649298211882	4.924757575757576	686.89884	0.0273860247902309	4	0.56024
0.4987526315789473	0.5161159666183428	6.285171459218209	4.441794399705416	4.140399150572076	1.6723646382367034	2.940524324683082	4.005886252354049	850.55132	0.0201644866656906	1	0.55748
1.4168592105263158	0.035425171632017	10.989750510963454	3.4170501866557457	16.765852645860612	1.7238582550569417	4.097468713226768	6.329699197246749	948.64208	0.0442942668328916	3	0.6136
0.7361355263157895	0.0260334602199341	9.122300092554877	2.260123418748658	8.367245245720591	1.6447017385513722	2.953470433333931	5.134875824683784	907.61356	0.0342232550570544	0	0.60328
0.7417921052631579	0.0211385704222179	3.359295297597782	2.463739286843035	7.724027374996803	1.9883097658287632	4.307378617373978	6.365887620691341	892.26036	0.0367918867290721	1	0.61452
0.7272657894736843	0.0	5.721356835500965	2.8867690162304545	4.544622994217394	1.7938665118978523	3.4337214912655907	4.104676114075697	786.33356	0.0268460175967216	1	0.58056
1.093375	0.0214340203624231	3.514992650504753	2.8563753645611407	3.705075059895527	2.225538240917782	1.5407436467243545	4.004357532990472	556.61012	0.020554979696975	1	0.53336
0.5045486842105263	0.0334764300211942	2.273049494118104	3.1832221848551376	2.703719688427576	2.5378114935002345	1.8998748931559717	2.801110556813385	455.44464	0.0166533705782189	0	0.53404
1.5394986842105265	0.3416585579192896	12.725612816341124	2.326608429788163	17.66921806500129	1.7355500497692982	2.994749545665386	5.0372137043346585	636.5838	0.0243587029962679	6	0.5706
0.4639881578947368	0.0242558991322751	4.539311805312864	5.049171345911457	3.374447261750676	2.36382909004678	2.5677491655304614	3.553210766681517	718.59808	0.0235361620383753	0	0.54988
0.6858328947368422	0.0242558991322751	2.01081460024339	3.0010753819183567	2.954265518982037	3.178220327307796	1.5586695583397443	2.515746275440291	568.89828	0.0175901238519654	1	0.57612
0.3039644736842105	0.0	2.193725672097946	4.740394425188562	2.497814652567337	3.1313461359311163	1.93236527442075	2.5387071360957587	540.87816	0.013920617823741	0	0.52804
0.5187355263157895	0.0	2.051328141753251	3.236772664810184	2.1929942240706333	5.442603538141577	1.5428495061518537	2.40195506801403	492.11656	0.0141452867406256	2	0.52392
0.2647344736842105	0.0	1.379590379904965	2.919242028565053	1.4947435238714264	3.874081656921678	1.3668557800869905	2.05718619183401	410.90004	0.0106496932279713	1	0.51744
0.3258565789473684	0.0	2.125785513276141	4.607733122842695	1.7931888353071632	3.930689966946804	1.798106930138042	2.486403996820711	448.42124	0.0096931460611609	1	0.51112
0.3397234210526315	0.0	2.8856545262476705	2.8335004191282134	1.9876166098210135	3.41369863571989	1.6614290525569442	2.3513357791982408	472.51888	0.018274651453495	1	0.55088
1.0764565789473686	0.0205877718718155	5.776470977631091	2.281586003480032	4.721786426399924	1.7888349768837986	3.9981003248375817	8.209382777134152	549.4254	0.0216279238892302	2	0.57024
1.236327631578947	0.0299389315950267	17.092114001234638	3.819686757972576	15.351758439877049	2.3192377997779703	8.256087233646879	29.0161879548845	607.583	0.0131086471597587	2	0.53408
0.6721386842105264	0.2459381021496084	6.584944086450123	2.490696851692089	5.016783853692315	1.6298154231190365	3.063004907019673	4.097760257787325	599.47864	0.0293580124712691	1	0.56284
0.3254771052631579	0.2758753780948912	1.9265044454353204	4.621558318255613	3.0832159354108013	2.251775736478332	6.546919477531956	7.3281094224924015	628.37812	0.0273445354364198	1	0.5808
1.2885078947368422	0.0805694857651363	8.77304179326712	3.08681515201944	10.373271019028772	2.0082241688438094	5.195665608627481	10.093577165951	566.78012	0.0488636967677929	2	0.60588
0.5447026315789474	0.0	2.559653283335206	2.2426906685193444	5.904633305402796	1.851090438315308	2.8883947153045715	4.500296371027567	574.82212	0.0241031386648206	0	0.57228
0.5653107894736842	0.0148000001907348	3.2000087406028475	2.6492448132780084	4.18890558905216	1.8837760577742857	4.612243012865201	4.452926122827334	564.3564	0.024447626680346	1	0.56684
1.0143839473684209	0.0	5.637846878526911	2.8116041994015157	4.350962121160983	2.1285584558289967	1.651045846859051	2.9759985281942787	519.49892	0.011453358209063	0	0.50144
0.2703207894736842	0.0186842427109227	1.89026676640214	2.898270285503502	1.7091410280208197	3.98697663751637	1.4962473985128653	2.992441096867591	573.06492	0.0156167895240643	1	0.5356
0.938295	0.0212820168919688	8.322096671872139	3.123265250985402	5.406582065052752	3.389762635340225	2.9428914954451297	4.395206258068245	670.04232	0.0241150823430103	2	0.54224
0.7709242105263158	0.0293891907671921	2.341147973049728	3.569906421488372	2.266867458591844	3.463641269481867	1.7233264549625489	2.760996192161237	677.97772	0.0121430813160713	1	0.5418
1.2050805263157895	0.5091020110322646	6.121035751557273	3.4249664679760743	7.792811659242019	2.7043820496471054	2.420665517519998	4.417722193502207	580.85636	0.0114458399272666	2	0.51772
0.5248268421052632	0.2006787633720422	1.5072862349897185	3.603618397711094	5.075425888669907	1.6917264602173872	4.898632916581266	3.549464916521028	519.57644	0.0128278188086958	0	0.52692
0.5289684210526316	0.0220846275785076	2.716365802944397	2.4026299036476253	1.877138505959992	3.0843838223820708	1.4807099500382137	2.7532829496128426	492.46436	0.0162852280249315	1	0.54404
0.8307407894736842	0.0345669395258422	3.18412906357748	4.847213043423899	3.2931795687563774	2.417721665521108	1.7476541587979308	3.128662998434465	673.74692	0.0211838983690738	2	0.54644
2.0970907894736843	0.0621878370232526	13.87547011810363	2.689800786964158	8.65276887467802	2.115997078092888	2.719957320356594	5.573047968459244	730.57692	0.0268392745933112	4	0.54268
0.9408460526315788	0.0655028610572341	5.845394619208154	2.608476176448215	19.888987626859173	1.7866650149685144	5.08639459602299	10.253722302346926	670.96048	0.0264499450285294	3	0.59912
1.139375	0.0259573689678259	7.864884885167158	2.7388387976947364	17.390516852935995	1.849557587591816	6.844452784978556	8.509145073096331	683.2998	0.0194734447202962	1	0.54044
1.215146052631579	0.3897517527182187	11.277559896475704	3.1463756976355644	12.432750717819632	2.04244427102772	7.777190950655625	5.658975038371436	600.49884	0.0113638372998377	1	0.49676
0.3713460526315789	0.2714697815487272	1.4668415739311085	2.369290584568428	2.38849396686856	1.625667245571379	6.402897986322189	9.149463921473943	651.3034	0.0170660714161396	3	0.55556
2.259896052631579	0.1435343893250817	13.46840730558016	2.854984001923435	20.5080529163485	2.017403131950841	3.4632931180968565	5.680988026983002	743.46236	0.0292378628793884	5	0.53496
0.263853947368421	0.3013240814317539	3.535150394559502	3.009783880360315	2.7432237462923563	2.268285972566128	4.85099958249252	3.771872783887399	794.65996	0.0147761790246823	1	0.55648
0.3649302631578948	0.1105188187823398	1.5043934234133158	2.671646912360845	1.891557418052726	4.10093666844066	2.1027371434211823	4.052509662315863	698.59128	0.0221281353949799	1	0.59124
0.977375	0.0317887553578955	9.269273566936398	3.3672680489499287	9.10313380231766	2.1472615197376577	2.3686343741954468	3.875577770681533	631.96056	0.0201030150983614	4	0.55648
1.0135394736842105	0.0	6.319871531849712	2.893683162507688	3.956112793802725	2.3585174477486817	2.007857226999646	4.415484031050528	630.56312	0.0235877090393094	1	0.54652
0.7347868421052632	0.0188507638919125	4.273104820376344	2.936888969873664	3.202280858370945	2.207279890532132	1.6616609126005544	4.020620512174492	580.47656	0.02551894588779	0	0.56212
0.3435486842105262	0.0	2.362515184076447	2.5772178590859847	1.9021768924075837	2.712142234491049	1.5875255642637869	2.7028293206422176	529.37988	0.0136417323698015	1	0.5182
1.3156381578947371	0.139631265232149	5.671659035680497	2.761672742899361	6.286526258262932	1.7789604082293011	2.566393481389812	3.9037551807963946	529.13868	0.0230794941203033	1	0.53512
0.4679742105263158	0.2439462069035505	6.105324584044668	2.931812696328574	5.198501343884009	2.0783479255724004	5.015060344907494	6.609289617486339	602.8234	0.0227639503014788	2	0.53372
0.6703442105263158	0.0158847764480945	2.4101725802681213	2.499376904729567	4.0714749713543545	1.6228117503988575	4.891740299752534	4.336617712202269	677.3054	0.0241995225884633	1	0.57536
0.552321052631579	0.0	7.345801248627479	2.623031059908587	4.168201538413905	1.8144336334035625	5.3310176809548055	4.964589978586724	728.878	0.0247795196981289	2	0.55688
0.9280289473684212	0.0	5.75073183828099	2.493088928695179	3.630900295751343	4.610059495907403	1.818052240109868	2.932593919348531	624.876	0.008975841877215	0	0.50692
0.458243947368421	0.0	1.759746782580051	3.128184167141011	1.7508803061247895	4.200078853811149	1.7425396256442975	2.164894137238004	543.25468	0.0140381816633659	2	0.49956
1.4312923684210526	0.4190017650814118	8.82590555879773	3.643251144784612	7.337166003298797	3.451782596792009	3.4587689112734967	4.895831003741482	445.09572	0.011708577570249	3	0.51068
0.7677136842105264	0.2782377544367377	3.119521584010234	2.848197206215061	5.858252369717934	1.7016862012416405	3.129302570436437	4.006283993958852	354.98004	0.0130322995889537	0	0.52196
0.5543763157894737	0.0	7.92893708068783	2.611679205103953	5.542332529618495	1.6115026531212957	4.101990402362495	3.7671028456614177	379.60256	0.0104620306836857	2	0.50632
1.539917105263158	0.0505882898966471	7.834216339882968	2.5961488349610558	7.628801949977795	1.941910315433502	3.2295941239104144	4.855070241705897	441.30172	0.014139572517977	2	0.52828
0.1707802631578947	0.0	1.7880978159332617	2.347214785565881	1.7588343713860464	2.3897554333775703	1.5631319068892549	1.9544099636741048	468.8788	0.0060959804134509	1	0.5118
0.8400273684210526	0.1055180225653451	8.420446737503779	2.632282113003647	6.361035521536121	1.923207282235026	5.275163192169859	3.206761596792799	487.92184	0.0173950126863928	2	0.52788
0.3193773684210526	0.3514401308101149	1.895001732686426	2.666547280334728	3.4166363295466926	1.64154797548759	5.869907077403316	2.611991358588164	507.64056	0.0144204386664488	1	0.5234
1.0360163157894735	0.3436802886418953	8.848926544330855	2.749188237652876	3.997270424289305	1.722033898305085	4.931085474479004	4.678439338279431	475.64	0.0213209039749818	1	0.53496
0.4166	0.0207331918647377	2.670619280373568	2.4020246380332715	3.0646372034329663	1.7251253282832797	3.6510862684355847	3.3327650933234447	530.88344	0.0150146665283511	0	0.52308
0.2670018421052632	0.0905245941964181	1.7326594274559195	3.826298832279397	2.1103894413107924	1.9123429623955	4.378369567025399	3.682025953705121	619.46172	0.0161186504697799	0	0.53852
0.4378955263157895	0.2749020449461872	1.4839291448298215	2.996960550164908	1.9618146370903309	1.7131738519559268	4.517917866735704	5.043899974985678	610.19832	0.0280487362598671	0	0.58804
0.2570302631578947	0.0972033310406244	1.5017971842403044	3.527981421985068	1.8279504100562844	1.6724764769795928	3.737059509152097	4.538035524468715	577.499	0.0270914456321211	0	0.57656
0.6543671052631579	0.0657711676919987	3.665561277707802	3.757524583908181	13.445700607683174	1.8540844949928497	4.57560612533272	6.406841502538071	553.67928	0.02561418018306	0	0.57608
0.2462526315789473	0.069319737709017	1.8812434944431424	3.0197105118581327	1.883741780663804	1.8386341315769976	3.541233286432839	5.005592148099322	529.7184	0.0226066251195178	0	0.58316
0.4292763157894737	0.1677059331372537	1.7452728780033715	1.990624243665407	2.5938113908071943	1.5630264678735064	3.5458106941331407	5.900842806105879	487.91696	0.0380520968740827	0	0.61804
0.3879476315789473	0.1613703671499698	4.509997166834903	4.25661199993055	4.703227428469821	1.6514397158622438	2.8793159588254715	6.026915544531066	399.57652	0.0153668436668199	0	0.51284
0.2486076315789473	0.0212717433288519	1.7025049342850085	3.4456192215236685	1.864904210157923	3.448082355808458	1.5816919209077938	1.964427458188702	389.00576	0.0065698056813197	1	0.486
0.1875263157894736	0.0233013385862816	1.321004384974066	3.1058921506071835	1.8002830569125836	1.9022735533842483	3.2735886505927803	3.241588214241463	542.44504	0.0184399682381924	0	0.53552
0.3364210526315789	0.0	1.635651145402728	3.0855189631344064	1.8182262412458985	1.847280183994564	1.948476711826539	3.3853564498967263	605.83752	0.0208230044181907	0	0.53532
0.2701276315789474	0.0	1.6692320094114526	3.451148129621852	1.8088828911482528	2.111501897343719	2.81876703760814	2.8170646738423213	526.2004	0.018678883464687	0	0.53116
0.4235092105263158	0.0	3.872179883060428	2.556167050671414	2.9344111200784995	2.318704243191893	2.374629376866363	3.630164050932781	527.03848	0.0271907035924406	1	0.55468
0.3615842105263158	0.0175129577252991	2.0349163740884317	2.998772598870057	2.181466238501441	2.520126072148954	1.5648313201885946	4.475769437322081	521.07808	0.0146951127413441	0	0.51788
0.3689578947368421	0.0205516666173934	3.1412056589409207	3.617206776755303	2.366499583699247	3.8969403316422513	1.5974579178995	3.3752027244599256	502.00184	0.0231364738879834	1	0.5346
0.2622907894736841	0.0195994045560723	2.013862881655428	3.5004272491603787	2.1396906493536423	3.319226884193907	1.884967880932245	2.926447823301427	519.86068	0.013259112893378	0	0.49952
0.1449092105263158	0.0	1.4589968082493765	3.572245103252044	1.6530785077090728	2.693230754600352	1.54529783901065	1.952927836076988	530.2198	0.010339625392451	0	0.49932
0.371653947368421	0.0	1.4998235373844169	3.4315979846952915	1.7537301664031193	3.821977824015277	1.7083628087869795	2.090028745837868	536.73948	0.0090325747255016	1	0.47632
0.4594276315789473	0.0	2.944106354972809	3.0351983924609818	6.23403409264666	3.3802512557735267	1.5391744226178083	2.9275415380712806	568.98164	0.01766304220438	0	0.50924
0.1668157894736842	0.0	1.5110892351928336	3.653706207068449	1.6130367234038996	3.8864902186421175	1.5459572271499504	2.036726155455318	594.42316	0.0139519673367107	1	0.52476
0.190528947368421	0.0	1.43765750904825	3.638390257413004	1.5755309941922804	3.978218865773725	1.504138283408719	2.548454249154997	612.89956	0.0134613144837407	0	0.52588
0.1862394736842105	0.0	1.3333477853279492	5.491921042509466	1.3311132078427728	3.051366742596811	1.3555031175444574	2.2594204094407537	621.47696	0.0096677453286858	0	0.50104
0.3171710526315789	0.0	1.5763672332799084	4.141940073081607	1.658259347281882	3.5892524933776886	1.3026873854018113	2.083732129420617	542.79928	0.0107023929853825	0	0.51284
0.2637078947368421	0.0	1.5882519923236935	3.721933030054441	1.8324831497001624	3.4428750622748128	1.4079340546110253	2.299605894363945	499.34004	0.013068936504108	2	0.52324
0.43051	0.0	2.7572627439703306	2.9255689494057258	3.399076028509591	1.8773590052146008	6.79149391910358	5.9094802894738185	572.06244	0.0205496251508067	0	0.52792
0.7469328947368421	0.5143617976064342	11.291864685706257	3.4254288771592227	10.552941880474428	2.29805132251648	11.253164175720968	8.231912133250603	591.5584	0.0103585193537964	2	0.47572
0.8490018421052632	0.6053719611237172	7.0801001548122064	3.650985302886808	6.679404571717112	2.0404046324745924	11.423605817372644	5.7935872603833865	513.337	0.0100311170471766	0	0.44072
0.3266528947368421	0.6298972806047914	2.282954822905468	2.5495078613861266	3.6682071274748234	1.870397753860552	8.047594745389352	7.37152688865597	584.4286	0.0125206302940494	1	0.5116
2.2602776315789472	1.7849008233270716	18.259798532925984	3.0849585094146024	12.671734209802002	2.0927487352445198	5.010500032004841	20.821192940352983	712.97892	0.0387509133003739	2	0.6018
1.4054023684210526	0.0282993559343147	11.642049012275306	2.5792703963486256	28.45872112672698	1.9614538006983613	7.037485697336824	13.308681376101944	535.86888	0.0173551530551209	2	0.5512
0.2500376315789474	0.0268658293791937	5.5928611049181685	3.1368879349102987	1.8030046784248293	3.991433300710917	1.579990746913663	1.9211749595872365	340.23736	0.0074962552441568	0	0.47932
0.260805	0.0266586488431638	1.7228926108250682	2.6840442272313374	1.764929930286766	3.955774324629392	1.4889579190613378	1.8874681910381708	412.3874	0.008227335417481	0	0.50124
1.475517105263158	0.0441707155597743	8.260416025263323	2.785821136977272	13.827088634111584	2.681950604440272	3.6128290668090455	10.013675832127351	662.14996	0.0263088863968147	3	0.56052
0.9975634210526316	0.0346255291793741	7.070669625747796	2.442211222169297	2.4398782057528137	2.072353347550536	1.908960592865064	3.6625688921541615	771.339	0.0227659342528792	2	0.5588
1.0834171052631578	0.0641919607951562	4.444066907730303	2.8720714401590004	8.80469468272871	4.032271343965855	1.5886512144100031	6.3309485490053845	620.17196	0.0212414961214977	3	0.55584
0.2320715789473684	0.0049299997091293	1.6290583098495317	2.988180843913177	1.885757383137808	4.356773103562447	1.588601012939059	2.0007584524869824	493.39776	0.0113385174310207	0	0.52708
0.4483205263157894	0.0220865473818423	2.067737688717432	2.4096796691884057	1.8721678871219507	2.9993637390855654	2.3035677505819283	6.105865935057485	508.2028	0.0174718724962192	1	0.56088
2.0867413157894736	0.0692504677759328	12.889425920154816	2.388850301999923	12.535713757281163	1.6862457390892074	3.932609215339127	5.336208883914401	591.46356	0.0285801087458694	7	0.55896
0.276825	0.0	1.8303463861524527	2.5576729666594424	2.4290162653050857	1.984098356708457	6.182850050916497	4.274864505823193	691.46372	0.016737051252337	0	0.53304
0.5411955263157895	0.0	5.36192952832778	3.296485279805657	9.041351363476007	2.340284955245841	6.633257879157234	6.042007045943746	752.7422	0.0200117461644901	0	0.50636
1.4117813157894736	0.1648256378963778	12.700957037108042	3.9684373143298126	14.890469461366909	2.0877914554670527	4.117271577094449	5.26853242888257	736.61732	0.016001786810931	2	0.53268
0.3614218421052632	0.0148000000838207	1.6951092530919618	2.800755903697032	2.005296984720825	2.3133397611346105	2.573921939702824	3.5836645456594485	617.69284	0.0166750907009138	0	0.54036
0.3524618421052631	0.0276548595071953	2.105269960813413	3.135574129521079	2.129885181317937	1.868146826665769	3.800593131286174	2.7977930276069034	510.75832	0.0115878755356984	0	0.46224
1.0191828947368422	0.0	5.649891558134158	5.269907647771431	14.288949974641143	1.991224948906955	4.203248488070712	4.837970000905794	518.94092	0.0105160900361748	2	0.46412
0.7986092105263157	0.0	5.087178777767423	3.784289932977822	6.874489515089966	1.759333615044285	3.527730022950136	3.1472650126132047	486.07688	0.0080517469908209	0	0.45656
1.1792394736842104	0.0164433333608839	7.830557878955358	4.733690533256916	5.971624271312703	1.9215517866728569	2.635778586176384	2.978511106482781	449.50156	0.0141483449280262	1	0.46624
0.3322973684210526	0.0271510990387802	2.239285761274029	5.2494414638349856	2.244804276821557	3.189415822634304	1.9256602929385869	2.2653172451462336	487.04104	0.006977317801486	1	0.47408
0.7090394736842105	0.0324479300400306	2.403585320463537	4.237773421124062	2.446370781898891	2.9315795750632234	1.785491500998397	2.1141247701484507	493.99808	0.0085686313585498	1	0.456
0.6510657894736842	0.0238247311541012	4.750782701280264	5.516463381387436	3.114163710988167	3.261321657617249	2.6592087728674256	2.5898455953449138	464.40112	0.0097687342694577	1	0.45968
0.6061197368421053	0.0202702741100363	2.3627166116715004	2.235172398412061	2.6382819611592434	1.5897860429694897	2.930157555751592	5.7429825298690576	583.6254	0.0338605422074654	1	0.5762
0.3373802631578947	0.0148000001907348	1.9168670339838316	2.7167577133142338	2.8872948272568766	1.883864958200017	4.754387179466247	3.671677152263911	666.90292	0.0199245306355287	0	0.55304
0.4561539473684211	0.0147999989986419	4.89824927615667	3.306286496027676	5.797150305956889	1.8571906641474636	6.152515404929577	3.600022646850672	574.6122	0.0129871362968578	1	0.50548
0.6408671052631578	0.0	7.379014109852635	5.650838648517651	5.715902591582374	2.3283867041071264	2.9877655418882987	3.454025651166732	465.19584	0.0215299852028664	1	0.50576
0.2615815789473684	0.0	1.6716396725229017	3.971164971792016	1.846586163272744	4.2841480122885045	1.6129393009098465	2.067608285752727	359.01828	0.0069107706719987	0	0.49244
0.2958263157894736	0.0	1.788822069499735	3.2520484798520064	1.641545839169548	3.658281673449961	1.5296136799065383	2.1038427526951358	332.56072	0.0064931793878709	1	0.47964
1.587196052631579	0.3165762526979702	6.554166299054519	2.988299380003942	6.276516865463563	2.3676753526336567	3.3198187052522545	4.76529317484512	399.02092	0.0174021590666209	3	0.53132
1.2346013157894735	0.1147304576864205	12.202081885310388	2.7030882255671096	9.040754929785006	1.7448643188417392	4.484735336581574	5.090035302424099	411.86116	0.0202726825181526	4	0.54488
1.263544736842105	0.0482154291003346	6.944307572132789	2.850527371165824	10.051120236637388	1.900154190754413	5.375796577344905	8.278715619663554	431.90068	0.0200692709914025	2	0.54
0.9301842105263156	0.0681314958879532	6.9485276708289865	2.9769796761182787	4.1123273425297695	1.7755357026359122	3.129134219649526	3.6422497353697274	440.82028	0.0177645922929399	1	0.51052
0.8515957894736843	0.0295203160288064	7.63738108618851	4.969211239340284	7.887345129994994	2.8053518373300124	4.676808566054117	3.2772873494871413	465.40304	0.0248492444665291	2	0.54272
0.3569121052631578	0.0	2.497586105031094	3.496176499397299	1.9277658245276512	2.4340522768490844	1.832410629509589	2.747171182936119	527.11984	0.0151333005037728	3	0.53128
1.364356052631579	0.0157161944735366	6.902094600273931	2.846765041478095	6.646750326761856	2.477406360635564	1.8733512398274084	3.0919210778826165	558.30092	0.0197399104235277	1	0.52284
1.0256965789473684	0.1001144809366386	10.380745176266268	4.451804131418292	13.548822196575838	2.4063242886934573	3.571852662323944	8.575676520717618	509.7366	0.0179159775539882	1	0.5024
0.367505	0.0168168179013512	2.4216351497671837	5.336281172799071	1.8860325438896448	2.3885349160517597	1.6265397064712008	2.18644226139724	413.63728	0.007081185624354	3	0.44856
0.7793802631578948	0.0213165088417979	5.058173456641048	4.814863018091372	6.724377018896024	3.0860806306599917	2.4152613573370867	3.388988355939142	399.3802	0.0088314161969984	1	0.47672
0.7631831578947368	0.0302664561705155	7.5882867426536595	4.086132031079508	11.575014775965949	2.741992121129399	1.842368049251765	2.886139530166458	341.39824	0.004671915791245	1	0.42564
0.30764	0.0	1.9616018879235049	3.1746442981929577	1.9576046205243764	3.0596443321383693	1.6845222133111954	1.783473975960234	363.76232	0.0054730186259746	0	0.4528
0.3440797368421052	0.0	3.2048482670691643	3.675683844395419	4.453420816765911	2.9266940851435512	2.126968376241638	2.6719877736390747	509.76472	0.0118854927618363	1	0.50128
0.5946223684210526	0.0	4.718526154992223	5.022865538891391	3.799952586192509	2.80809270026107	2.4272432227718923	3.404106957913567	572.50348	0.0113659745151505	0	0.49976
0.6630810526315789	0.0148000001907348	3.942272880347197	3.3936157972942147	3.0663019935401588	4.23606312404176	2.225779341062365	3.5002605386055508	587.8788	0.020173107586538	0	0.51924
2.418894736842105	0.6937564639163734	15.169213959241688	2.972294867622645	14.168242497885275	2.1669288909455497	4.224646938560855	6.092135096321641	519.81364	0.0315342055283223	4	0.5552
1.4614176315789476	0.3104978629601997	8.625239240645664	3.5101699718568318	5.702732152690327	1.6131267306525994	3.760600777760863	4.566875377134136	377.53668	0.02060749675905	2	0.52864
0.1830013157894737	0.0359692249899692	3.032515278989093	3.686569007691163	2.4306851320449323	1.883352347614763	2.0670363426320475	2.4357547148904106	347.72032	0.0083844602833074	0	0.47716
0.2948436842105263	0.1340986335220737	2.9911055317862325	4.452870292614122	2.2042102698555426	2.51878934800906	1.872545741072144	2.442056369007828	366.92032	0.0102058105244356	0	0.46956
0.3113115789473684	0.1121917217531506	2.3231456881533696	2.7184203990503093	2.1647164432282247	2.008265304903808	2.1490106176543846	2.322363334454803	388.14204	0.0133949155114678	0	0.4688
0.4453586842105263	0.0758922398281525	3.410200406490859	2.6620414070060865	2.0270483139339337	2.5849757472476567	1.9719931932285304	2.529558406020657	432.18412	0.0072873974975067	0	0.47412
0.1789492105263158	0.02373873580657	1.928440973369745	4.35781007825349	1.7327768753874864	2.903712419218996	1.6701141763605478	2.165590288155806	524.4416	0.0066657565521142	3	0.45356
0.1352971052631579	0.0214103400911999	1.6599559478031771	5.416068750666094	1.4543615373521377	2.388221650723453	1.6382468017760583	1.6866464056510315	516.07624	0.0052489166606173	0	0.44012
0.0920818421052631	0.0212906830602412	1.6322326391902613	3.6523526820893415	1.5830475296521664	2.504454322501533	1.6124794023948148	1.7101020358818124	449.87896	0.0056102535487623	0	0.4388
0.2311434210526315	0.0040427868972059	1.62973608399698	3.911692576108545	1.8015982015650975	2.848266117713109	1.7278809098599492	1.5489385969224718	435.122	0.0060622940372894	1	0.42908
0.0927092105263157	0.0	1.6059358015462222	4.680413951643922	1.6968063799176374	2.4752818650161226	1.6756440891733992	1.948386786537256	428.116	0.0061541662218816	1	0.43272
0.0623684210526315	0.0119354840247861	1.8113126301128395	3.923494659909076	1.8933678414154025	4.5699653882946345	1.7999999999999996	1.789893058412733	278.4704	0.0081527092807608	3	0.45172
0.0023763157894736	0.0049299997091293	1.9359971704274417	5.694682200570859	1.932197063979263	6.307483660130719	1.8834462633297533	2.205885736119211	97.09836	0.0016126352228311	3	0.4128
0.5874302631578947	0.0721262944653429	5.214250395939132	5.324901104395884	4.8112256353937095	4.268216847372811	3.1934467929165007	3.394059920385502	175.0884	0.0078628210613657	2	0.40388
0.4696671052631579	0.0727575754153638	7.553589794899333	11.36799888162025	2.6965333596239005	2.0136622253506964	7.233874462381875	2.904177180896354	383.68456	0.0106817070313762	1	0.46172
0.2420013157894736	0.0148000001907348	1.5465457411453047	3.3859245200669226	3.3838559297887403	4.618715969293977	1.68907808567184	2.3081687356478784	401.89668	0.0076019037004779	0	0.46936
0.1815513157894736	0.0	1.6565480907364636	3.115513432126159	1.6954827139819046	2.785126193451628	1.386027884602027	1.6525137270024048	317.8586	0.006268776771356	0	0.45532
0.210225	0.0	1.7520825424640314	2.9436385851937668	1.8877985671016235	3.548017814908437	1.6834520458838391	2.2572346468424564	366.28432	0.0067264478991136	1	0.48028
0.7427486842105264	0.0	4.16294165602882	2.773798647563019	3.223975737140259	3.765423379934964	1.6114206727077254	2.540464472808312	421.6024	0.0092415825443933	0	0.47592
0.1697355263157894	0.0	3.117554202343638	2.552310750723507	1.9671741322484757	3.871674561920126	1.5726778007130795	1.8919579512935816	455.118	0.011620605266585	0	0.48596
0.1510171052631579	0.0	1.7450804170048515	3.134847108010762	1.5774179700908522	2.771080523369157	1.6351673059511262	2.0665902999083245	460.50076	0.0054110322510494	0	0.4544
0.2280105263157894	0.0	1.5795301738645642	2.813863953504762	1.6252290492167218	3.736119480400194	1.5447517778224236	1.903065237763075	458.76024	0.0077971563551355	0	0.47648
0.3025631578947368	0.0	2.178249818605572	2.652070649513964	1.6417348900797073	3.819139136766175	1.6724265054320582	2.037498288293619	350.8918	0.0137673481112718	1	0.49788
0.0390736842105263	0.0097708750443848	1.8208413199224505	2.362154749313717	1.2889852965453998	2.5433067131784464	1.4688535729270065	1.998609306368564	126.37204	0.0142090810730176	1	0.4984
0.0224	0.0114080379622418	1.2990958068151393	1.9306948727555695	1.3059116574643883	3.2436304780363088	1.3592818221447254	1.567904323827047	10.61836	0.0061408167801885	0	0.4942868025138069
0.0	0.0	0.0	0.0	0.0	0.0	0.0	0.0	10.2362	0.0	0	0.0
0.0094631578947368	0.0	1.6113074204946995	5.742861945786929	1.89	3.824104683195593	2.259410361019167	2.303618643250024	157.8702	0.0009732785815351	0	0.4544544544544545
0.2367142105263158	0.0	1.5969368794710943	2.920849299617419	1.704546046271689	3.5730790074916325	1.5036958685437394	2.019529021185768	422.82844	0.0103128103591414	1	0.49564
0.3359478947368421	0.0148000000044703	1.8393279290249969	2.621000918957852	1.7782411438979828	4.172201040404462	1.5143761983084991	1.9593623001170803	511.7984	0.0097528144912158	1	0.51136
0.4292123684210526	0.026788190169769	6.8106631759917855	2.933817014560093	2.8139041514013634	2.861161904761905	2.4424487869039826	2.911806847417376	480.56016	0.0119648731692047	2	0.4948
0.1926318421052631	0.0206005424027295	1.555623418139735	2.2292709191563027	1.6958877060100357	1.4591306599346217	2.1723902098599277	2.116262066511048	467.65956	0.008595260126205	0	0.50228
0.2906560526315789	0.1894313360414859	2.9534636266308536	14.80881621248059	2.964776459699978	3.204956479289098	5.840551323541614	4.288950748525963	439.91848	0.0088837877149441	0	0.51124
0.3388981578947369	0.1482051160094248	2.4362076290339174	2.3694309955697928	2.190202753758814	1.5140964412263131	2.175281176228585	3.2250768660459235	434.34076	0.0222937951214173	0	0.57056
1.423823157894737	0.0280535677480207	7.1900317033211305	2.7520117630274776	6.800612223497408	2.2595319273810466	1.8325825694315383	3.912246590248204	435.43792	0.0208036394096823	3	0.52668
0.8258531578947368	0.1414299699090673	12.15742928475093	2.552071659430434	3.8613118447657175	1.9553984246198937	2.387924312200244	3.791129079835505	415.80112	0.0365366455549352	5	0.55716
0.5563934210526316	0.1394320940123892	3.624164069545318	3.3768392085182284	2.6059585496283533	1.5383253788830278	2.801800120409392	2.900706919136623	440.68136	0.0355733404301895	0	0.55584
0.405972894736842	0.1525427964256334	1.9603564926193384	2.947131783447565	1.6444728322688829	3.5101352291593475	1.5946205232881792	1.990788411498544	478.80312	0.0077345343352415	0	0.48592
0.9457802631578948	0.0577198790048338	3.284059973091011	2.590633771341736	2.6689248448140046	3.3547957298830138	1.457791507712722	2.5358595084425577	575.10444	0.0194919270760522	1	0.53972
0.7904692105263159	0.1948563442461663	12.871359534332203	2.5398287967564093	7.638465530594304	2.4901067720622936	3.604588513115538	6.274271599855916	621.2756	0.0364017902058713	6	0.60552
1.039966052631579	1.0391012512367106	6.277127045079184	3.4195347235004867	9.42012389691738	2.4645740931094458	4.401151997952852	6.92985871734916	514.19848	0.0259280502747086	0	0.55344
0.4998171052631578	0.0982778458020163	5.0854697943889	3.5547655959601454	2.963348312370811	4.2818817246157925	1.6439146133745386	2.436083811715907	572.4662	0.0178890959290897	5	0.53224
0.2484013157894736	0.0272506610830551	1.768548142370446	3.615400945927128	2.166564422630582	4.503840612910997	1.6165099422281886	3.292851361886965	597.87648	0.013659932254658	1	0.54024
0.1957302631578947	0.0	1.3172886159302954	2.7001359052924423	1.743414273475194	4.0553615768360425	1.4233504362161802	1.7013872752895884	524.9358	0.0115539594294393	1	0.50592
0.207738947368421	0.0208043767194965	2.215483629717079	5.120121973819432	1.774333968357482	3.726724321771894	1.6613300434479428	2.044032886895744	567.4262	0.0103773547595388	2	0.46344
0.2923963157894736	0.0264207167284829	2.2325417682430038	4.136115463103153	2.328675007220432	5.589470965025971	1.8235912910610168	2.1572476096733846	583.8586	0.0086807464776319	1	0.48444
0.4842657894736842	0.0	3.1057413962939227	4.745789872360924	2.763077682886158	3.30638180918702	1.7246280745410782	2.5371168929754235	509.89636	0.0090151726600527	1	0.4918
1.4398684210526314	0.0332545765366858	3.607275450212341	3.944189326784947	2.7802076479830897	3.585938654708521	1.7532214889744573	2.2820420194360453	551.58484	0.0125471758517272	2	0.49004
0.7070092105263157	0.0567240670784924	3.291482723192409	4.15286127999729	2.9226262483790744	4.056336077819215	2.084269587571253	3.263389530749399	680.66228	0.0296452144611583	0	0.56464
2.4191776315789477	0.0551451471133675	9.262951905771924	2.5253347795371672	5.969870791435742	2.183264824134732	1.784034955686213	4.004227543661812	606.81732	0.0327169675850868	4	0.585
1.1952315789473684	0.3006617616045682	12.110816299644055	2.7330519548951417	10.995158233234331	1.892027303598175	3.227794208083648	6.099500426507207	626.3022	0.0258037542005146	4	0.56768
1.970518421052632	0.5960393555210701	10.162656520191796	2.54590694322095	10.479495778122624	1.9311220328907177	4.128467220683287	8.71561714874702	665.2994	0.0390806462716355	6	0.63492
1.4657473684210525	0.0670106966076338	11.042545220039704	2.891612793831912	8.846189315654433	1.8113794684855675	5.021958247433399	7.199273962952219	602.91832	0.0150735956412203	2	0.51716
0.213328947368421	0.0297627606148415	1.6673195747594969	2.952902671193892	2.948681984476359	1.7971633642567135	7.222197699695664	5.480464123300608	607.3196	0.0169845333378455	0	0.53972
0.9104618421052632	0.0482854061036623	9.754447751541122	3.2915200626074763	6.907688129816624	2.0633439099843103	6.89044021633003	5.558795028225704	515.11488	0.0126550752596995	2	0.50784
0.7670723684210526	0.0417300981897733	4.738072600891067	2.777130541932255	13.013741658671917	1.7817015723246743	2.7888403121091194	3.301290575521488	378.89636	0.0077011170690725	0	0.49788
0.9313302631578948	0.0244586783007156	5.744057123664724	2.8978217696016326	6.303715574531428	1.9600000775995567	1.930295526478542	3.4514919238374557	392.86228	0.0172514281159464	1	0.50516
0.5203039473684211	0.0244586783007156	2.0546892892796587	5.342929148026726	3.4336014284138074	2.0976336928852306	1.8005797728595818	3.088140079562783	526.7062	0.01294948339876	0	0.51624
0.3409605263157895	0.0	2.6701566328244057	5.803379296526735	2.7835080043697875	3.457350666943808	1.6568437177157922	2.672866212146088	607.40104	0.0136118258603881	0	0.50424
0.1980578947368421	0.0	1.52300673427185	3.1216784623675227	1.4170503837560766	5.914913379079846	1.5062267990102411	1.7983758888003394	574.03688	0.0135122208376491	0	0.53168
0.5060263157894737	0.0	2.380641599705576	2.771604661445079	1.8528117169590463	4.330430674451208	1.5084695713692495	2.8520165033522438	458.97596	0.0181997133165247	1	0.54412
0.307678947368421	0.0	1.9420175276104752	2.5263472639650844	3.5846507664811784	2.878611927898627	1.503048352377499	3.065810868595696	360.61716	0.0041766432236748	1	0.48312
0.3787884210526316	0.0163319949816472	2.016698638886904	2.372729147828747	2.2212003796799054	2.8037541489362705	1.3694235299218176	2.4648112855513498	431.46332	0.0143013710332793	1	0.50912
0.40352	0.0190651685668719	2.480942978420956	2.8623106908243154	1.7298168831165273	3.4318545794871502	1.558120992859409	2.566060418152317	495.00432	0.0106832406697904	0	0.51372
0.551566052631579	0.0383001760129166	2.867156678288692	5.515612709116161	3.401363921729333	2.2773509300072714	1.8278829569252235	3.7472358497473817	456.49316	0.01804916736445	1	0.52828
0.2456202631578947	0.0443037406994724	3.5784617479575567	2.471886676747945	2.740214939340504	1.5976790737700768	1.5835508395250724	2.6779017115356103	280.07512	0.0121543342674479	0	0.49736
0.5910734210526316	0.0212262302148537	5.756277331573348	2.3990917897502806	6.181997050215833	1.5422385308775186	3.15603695035808	4.297741442724322	314.20512	0.016060074973457	1	0.52872
0.8455455263157895	4.849609172628997	16.569961106550924	2.98593053452306	11.655901468548125	2.386300276455549	5.687603806752743	9.227545505480771	501.64376	0.0166970314182954	3	0.5396
0.7829444736842105	0.0510626984832811	3.097371356204317	2.7544713388387345	2.020860038121392	2.800159417778548	1.524593914436056	2.175654343312058	467.2194	0.019967267840154	3	0.50952
0.5222113157894737	0.4835321280442018	3.875149761437648	3.0737252112233167	2.9673189037197902	2.317980108899693	2.1332071173684253	3.5326846441758843	485.78244	0.0110323429270702	1	0.52244
1.5400157894736846	0.4415141433246193	6.683881590204553	3.0962151218118827	7.397781267528976	2.2446709566795358	3.2130347339989904	5.321656056363577	574.4048	0.020598287085172	3	0.54348
1.4575884210526318	0.0434044922849289	3.919808453153972	2.543402742743147	3.9532333375891255	1.723375104375958	1.9664737627866389	5.5735179212879205	610.9382	0.0158840173878564	2	0.51052
0.8398934210526317	0.486185420087203	8.71005775202811	3.007386618493483	9.023557552464366	2.064174756231717	7.378319611394699	6.02713988123536	636.68224	0.0151639691864742	1	0.47416
0.3198776315789474	0.8171559558991641	1.9264365514220951	3.323304415890077	2.4263901853749026	1.7249532513603705	11.274829317269075	6.149676687464549	644.46084	0.0098336830204725	0	0.45704
0.4991986842105263	0.5657758344157902	3.82279982672219	2.610237239227863	2.11398608738105	2.392254712780169	3.51524069908736	5.2323930394045215	630.05676	0.0230541877965366	1	0.56516
2.366830263157895	0.0196909304864392	8.448061053406487	3.159906556744021	11.165538242016758	2.762322721184347	2.1594115588996776	4.4944474282925535	634.10124	0.0235842888569831	1	0.54364
0.2214078947368421	0.0244562822925157	1.735646171268516	2.7870777933789634	1.709990820433316	2.885740694617407	1.4144130379424498	1.980245463615511	612.13924	0.012396171095827	2	0.52816
0.552728947368421	0.0074000000953674	2.6319873362152326	2.4608864634633303	2.264634514208019	2.6487032870548206	1.649800327952311	2.4821915993403523	592.02156	0.0158598545708025	2	0.52156
0.4692223684210527	0.0	2.903834248775618	4.3838007380073805	1.7649269392727618	3.968716524019879	1.7343539585347054	2.2763195581962585	604.61404	0.0230282143705031	1	0.54696
0.1634618421052631	0.0	2.7849328766486376	2.6472875226039783	2.1920843030773205	3.5812368788078985	1.7143332229214971	2.3627899321034223	344.38544	0.007400012343631	0	0.5304968027545499
0.0	0.0	0.0	0.0	0.0	0.0	0.0	0.0	69.16766666666666	0.0	0	0.0
0.0831421052631579	0.0	1.4810546169589471	3.0183583611746085	1.6132803223457766	3.3723382313291994	1.6146990694249184	2.108022351571595	305.35356	0.004026960975703	1	0.5006249023590064
0.1414078947368421	0.0226125733638509	2.079796676572089	2.8646433719727207	1.861089469157068	2.9701503842743127	1.5690976743312353	2.684640141777248	592.48584	0.0113946850489868	0	0.50052
0.1963342105263158	0.0601294026873463	1.9696496494132256	3.0386540612198023	2.366633536751126	2.2842505149134182	1.714433164192583	2.260073732920546	617.93572	0.0093915582994503	1	0.46544
0.2015157894736842	0.0234439949382222	1.7314457314945029	2.7905817708386733	1.6097348808896172	2.595574136124568	1.5148683548264228	1.8004296709802925	486.77604	0.0100498775459738	1	0.44908
0.0933631578947368	0.0288115085291215	1.39188070226184	2.941360626128838	1.4085160391646134	2.4598635345930813	1.6681421623643848	1.8414546708031716	335.23256	0.0042423716414588	2	0.44452
0.0242368421052631	0.0025900000333786	2.511947754095965	8.540111699380166	3.118631222480311	15.721683176852975	2.4806841639634327	3.9373006837439073	163.59288	0.000361420985532	0	0.49664
0.0360736842105263	0.0028991968530574	2.581004227310338	7.638122968368423	2.922123415750679	14.745137783891089	2.425334618599149	3.5262304640051827	123.46652	0.0008354733644584	1	0.49164
0.0987881578947368	0.0	1.898881152081896	7.87221422355078	1.588021941117206	2.983867510399769	4.795364468908648	2.1285692312714986	335.04928	0.0036625942739055	0	0.42624
0.9192013157894736	0.0	6.031097203664734	4.770201233145877	6.664643934123453	2.456954442360165	4.915285031392694	3.1600407397597805	489.32048	0.0176704550615566	4	0.45804
0.1199671052631579	0.0	1.5310256549894472	3.087312572783297	1.5834569688406426	3.067101491437326	1.4860344681212327	1.8072128812148056	548.70428	0.004996294364561	0	0.45032
0.1486960526315789	0.0	1.6767006760164282	2.709907777710556	1.674142282534377	2.382147348057392	1.6042682253391898	1.91801717140538	723.06924	0.0099958733842653	0	0.46436
0.1265486842105263	0.0	1.4740045483887436	2.8184430478266167	1.6374522902943094	2.59666560986648	1.5932034259553154	2.036559602620501	802.15672	0.0067656935798245	0	0.45996
0.2049776315789473	0.0192177930435577	1.5422270621260117	2.601128915667072	1.6300448498088869	2.31592629376194	1.4445999685256117	1.7059101220916282	654.49708	0.0073577061359496	0	0.45028
0.1070881578947368	0.0	1.455507917589359	3.174886057174111	1.621105467187952	2.522528816398488	1.6193268566022634	2.1527212415097514	668.1208	0.0085463802862517	0	0.46628
0.1321486842105263	0.0	1.5171460618568628	2.622332732347953	1.513902219315877	2.4468348003966414	1.4609861508186983	2.074570406416102	652.3346	0.0077861699619889	1	0.4682
0.130155	0.025734926306683	1.491087735543695	2.254051215379018	1.3908070259274603	3.0007188916495857	1.495736660154406	1.7125443927602926	435.51248	0.0082585005655884	0	0.48404
0.2070607894736842	0.0	1.501218789662377	2.36063639644489	1.351479098989653	3.679627552786431	1.3623995719768114	1.764500434565717	300.01644	0.0052359008096421	1	0.4826
0.2109410526315789	0.0	1.3936742212292947	2.3137095972698862	1.444836256643245	3.1319185295947847	1.4179293872366696	1.8788090126983807	264.81996	0.0064882593220647	0	0.48172
0.5826905263157894	0.0	1.86800813377742	2.240969667859394	1.779783753225649	2.5763648468708387	1.5815449353772169	2.5363490541673595	268.41876	0.0087647742008636	1	0.47812
0.2659397368421052	0.0	1.9115996630414096	2.5124160689762807	1.6061498499847076	4.006125432479881	1.4684484393168342	1.546398628334036	238.75952	0.0048490492614928	3	0.4534
0.5264234210526316	0.0	9.293460988742364	3.1804423997261475	8.034745754493875	2.640478718679597	1.4639058091214538	1.8823816955974049	261.30508	0.0060347944934403	2	0.43712
0.3905065789473684	0.5682385130344663	4.481046031002981	10.718151792849069	3.5984473804240795	2.070651022489868	9.290474640573176	4.997734525514993	336.4408	0.0067846087266767	0	0.4436
0.1216776315789473	0.2959969282365426	1.785890149677939	2.9165353592389707	1.6625666324052597	1.81570645460648	2.131490243231106	2.1638034519827998	328.87632	0.0048499086807229	3	0.4352
0.1418684210526315	0.0	1.8931231004155096	3.3052920772905283	1.7622697806727046	3.2348618359467296	1.6354516129032255	1.7922773213753962	327.42292	0.0066314688743387	2	0.41864
0.09521	0.0	1.700142499125347	3.1489511435181123	1.503202071872203	2.870753092878314	1.6507361414663222	1.5995067524678797	368.90036	0.0055859394585735	1	0.42452
0.1292084210526315	0.0186137733219554	1.5671798924951674	3.883449683296563	1.376667992456856	2.6650772741492035	1.715451689910793	1.691401205567935	364.45956	0.0055389982742772	2	0.43328
0.060828947368421	0.0192236908912984	1.5091770234775972	3.464218775221046	1.5808792343444302	2.424489212452904	1.546869654649778	1.5840210034464055	357.14044	0.0054741415586366	2	0.44832
0.6215810526315789	0.0197299989064534	6.846214419411507	5.646887781362231	3.667838249607213	1.80792592685654	3.4749528941545926	2.5071221225340903	334.49836	0.0088150999434029	2	0.42196
0.69964	0.0946397432635073	5.483495986312978	6.04750095177665	5.182707916180845	1.8923235555555555	2.903866373320982	2.461442169270106	317.07992	0.0084397337408977	3	0.44008
0.1447873684210526	0.0992212031774063	2.5973934454008805	6.5037627540391645	1.369430243742561	2.1185559847705857	2.253485390861765	1.76569212712586	332.32128	0.0055984154182321	2	0.41256
0.1317915789473684	0.0444619042078307	1.7984199225731377	5.833335921858449	1.2708910677424834	1.7165799256505578	1.8794588381050557	1.9359618418087583	352.04056	0.0051763239773582	0	0.39204
0.2366276315789473	0.0174070867516187	3.830740815713068	6.485810970000752	1.744283387571962	1.6236293436293434	2.8965828035772003	2.799024314139809	382.60072	0.006934800102623	0	0.43032
0.4680276315789474	0.0289809634681026	4.960353884443972	6.204348987093477	4.576521179254105	1.953428922572716	7.180987660955738	4.392850764077261	404.72112	0.0106396467576307	1	0.4484
0.1396052631578947	0.0252843797099555	5.208899435225586	5.210018799071105	2.4070434967446444	1.8885705199412848	1.5547557582589555	1.387788907884925	410.37964	0.004153897108944	0	0.41596
0.1634973684210526	0.0070737702924697	1.5650627253131588	4.66984886542637	1.4231136061475784	1.5129023330744795	1.7550940199898355	1.6001545457817885	359.95728	0.0055234840817837	0	0.41976
0.1372710526315789	0.0	1.7754876331441312	4.563745656204104	1.5420871006122063	1.7403229371997908	1.5451483578089535	1.492181745247879	328.73988	0.0050433230792248	2	0.42672
0.3992447368421052	0.063484242253571	3.531947270989766	8.73368219184104	3.584486562088873	2.020071092101841	5.584680330376262	3.4048137195461465	398.2638	0.0067819374033984	2	0.44692
0.1617473684210526	0.063484242253571	6.414226773945971	7.16329098611311	5.4480636403583285	2.0371788263056003	4.003847661088714	3.72083940397351	399.81836	0.0055496239172711	0	0.4538
0.6591	0.0	8.80722370933422	14.130621600972674	9.193450629151815	2.0953731159021785	10.261805276155895	6.355431445224328	325.69588	0.0068613431495428	1	0.426
0.1554736842105263	0.0	1.9728281946473671	6.199469747252747	1.779250052996939	2.9232247645812803	4.624524628681715	2.836080134049309	309.56424	0.0044485827727002	0	0.44856
0.4937763157894737	0.0409033286298692	9.13632652399188	5.125781581038136	9.07018190310676	2.0897028432979408	4.148321632098898	3.3396379214423733	403.32144	0.0098775783550563	2	0.44548
0.2303144736842105	0.0320042546342605	2.1043545130542154	6.832830554999182	2.018231799604515	1.6910490490044714	7.401595046279036	3.1727947803374823	414.57788	0.004356148273752	0	0.44088
0.508903947368421	0.0229423261736098	7.765852829541951	7.071363877084355	9.589138759075771	2.089086270159291	5.320139116530082	3.953150463953224	357.6384	0.0075463864093493	2	0.444
0.200075	0.0187316665166541	2.592484743326715	5.55745639664445	2.0440080217052388	2.41139208057627	2.495116711592505	2.148330652336208	345.7402	0.0041604938975765	1	0.422
0.2348828947368421	0.0148000001907348	2.4553532569123946	4.475791593378104	2.42172025717285	2.5856017739715558	2.0045250015149416	2.01962431282659	355.882	0.0049256023799408	2	0.44
0.1286105263157894	0.0	2.0856475380031743	6.777915835052005	2.955915276430642	2.004373560163034	3.0437592749401032	2.268772821117931	368.8796	0.0046594886501396	1	0.43184
1.5757052631578947	0.0348076929459552	10.544226747372887	4.182369833601718	13.080914808311237	1.881896041800506	3.0033930105794595	4.4604850556836055	357.25948	0.0125833484319378	2	0.46384
1.2094052631578949	0.0291198838102543	8.44177499570237	3.477838466008135	9.153814981003675	1.779060065971246	3.337872368216221	3.427809113628955	410.36408	0.0123401855740827	2	0.49436
2.429439473684211	0.5422868009259774	17.63314838973564	3.516823219185404	8.481591704523996	1.7745328945579155	4.37317068039639	5.511499451074831	535.50428	0.02162452659649	8	0.50968
0.2934671052631579	0.1913888354416716	1.4722687515242363	2.700207157408254	2.711984571439092	2.6490748702270626	3.870175894074122	3.717187363094288	538.79608	0.0200342280963939	1	0.5446
0.152603947368421	0.016129060250787	1.589406781889216	3.006788943397356	1.8137582953443177	4.602732130480471	1.556493045403283	2.1165113074030257	447.34156	0.0074381123396578	0	0.49784
0.1800684210526315	0.0	2.402309722355387	2.941629194313692	2.7418431614876013	5.426036982838898	1.5145652317474696	2.251318449161976	545.58228	0.0132969797877003	0	0.51104
0.6698236842105263	0.0246599992116292	3.3385334812933785	3.176720282049562	2.5981412443116927	3.238917453984266	1.8929792437054167	2.315747926603928	559.0752	0.0145804547161214	1	0.50144
0.4389294736842105	0.0	2.300223797175841	3.3742591911764706	2.5903546544971343	3.39358082935505	1.894033405258531	2.186732460208511	535.56472	0.0106100825327634	0	0.48916
0.2459994736842105	0.0	1.3848502772666438	2.653847421100522	1.7339425972810298	3.3454139167735115	1.4890808498767958	2.210871549911149	640.12848	0.0125769470701848	0	0.517
0.3024710526315789	0.0	1.5270986909168571	2.69717864006085	1.897916046660122	3.3976691806761643	1.689469392393914	2.1149102194116907	716.69748	0.0203276627503423	3	0.53224
0.3849473684210526	0.0	1.7201560745281743	3.093913581369963	2.04368712489264	4.910872998719846	1.594801577871774	2.2878532828719336	680.27384	0.011990889578146	2	0.49264
0.1419852631578947	0.0	1.6338838469873695	2.856701568825748	1.5045607557031109	3.665437138256669	1.595448761669955	2.165576827431736	529.61796	0.0113853690369339	0	0.50308
0.5011373684210526	0.307741763860742	4.78101773763199	3.3117381311032617	2.642502752223272	3.984259552031368	1.6894476917230428	3.0009056822610183	527.38428	0.0143554558324463	2	0.51104
1.632707894736842	0.4803991766462389	10.894055584568576	3.411795052212609	10.21103854673363	2.106302146731797	4.263968971230607	9.713762351715362	639.68008	0.0278222269438996	6	0.55408
0.5932721052631579	0.3693375809924233	4.888585920668112	2.628147776934771	4.957810298593868	1.81251505755729	5.0674481787079895	8.92852815934066	615.43712	0.0130920759631605	1	0.52988
0.3604197368421052	0.1751573894098613	1.558257434598689	2.6144408879817336	1.98757991177213	1.81227612356418	8.818398713420788	5.517430797822047	583.16312	0.0130588456311296	0	0.51276
0.2128855263157894	0.1530035824206634	4.25736039504428	2.508815600349084	2.483654616825289	1.8031566434179045	7.417848405262161	4.050358262584986	593.6796	0.0059571930023151	0	0.476
0.7024210526315791	0.0	8.83845518217542	3.20310621358103	10.289372762750189	2.1560717877083904	3.367027139374075	4.4326863242794445	587.55808	0.0117142561747747	0	0.48264
0.8538236842105262	0.0193433325275097	5.288756141433859	2.443064194652326	4.903454970786079	1.940265571230384	2.333913996702744	3.714845352299041	590.28072	0.0174925330002693	4	0.53128
1.1343302631578949	0.9641889659029284	10.069338405480869	3.1106436146433376	9.229313897781706	1.9943575529598097	4.735450399015524	5.501339802941031	591.18388	0.0126579894117572	2	0.52276
1.884912368421053	0.621836430646271	14.178041486551113	3.0696472196696325	19.108485637747695	2.237668274695022	5.224701986050609	7.338371085011186	750.88208	0.014712091398765	5	0.53052
2.928454736842105	0.8172346859222892	19.420558654164093	3.4930712132325845	22.87448492664714	1.930178378942244	4.221329562503233	8.153265106992588	847.66252	0.0183932054371693	3	0.56388
1.5016315789473689	0.1688985217762768	17.23012413224516	2.85073243291269	10.997712421768858	2.072924599643504	6.617314303389157	9.469551655311692	766.40208	0.0212436415680015	3	0.56484
0.4019184210526316	0.1446918972107693	2.37032811665545	2.3218321747806896	5.172250330026734	1.944145545202751	4.006767587145705	3.700281113684097	729.93164	0.0134578872262029	0	0.53096
1.0361278947368422	0.0226766652074353	10.488417572559234	2.6541053610100422	8.200422981620521	1.7463479431812003	4.525917001856436	4.676418824496507	630.61756	0.0184244898843064	1	0.52504
1.0459197368421054	0.0383616906625253	15.790361367615423	2.709599010660202	9.22834216031334	1.849727082372148	5.382273930958003	5.996464418357253	659.94548	0.0215688909532743	1	0.5344
2.908073421052632	0.0245306296131215	18.316486410118443	3.633395028370711	16.273726492673678	2.3617586410266345	3.540977554172408	7.027380850147228	706.3806	0.0220840509190454	2	0.55652
1.367946052631579	0.2259747754645147	4.057736402055412	2.331391554702495	3.2967579141856493	1.7200294189752388	4.414679827354418	3.7331668507856	674.8368	0.0275839625328253	0	0.53256
0.7047513157894737	0.4987987927379179	3.3145226828201557	2.45402971656886	3.0766494390013737	1.5708070474566638	3.231360768541639	3.387121770371753	614.57556	0.0083590106712369	1	0.50616
0.8507394736842105	0.0168807225535577	10.054827233895884	2.9846757339735124	16.852550605487817	2.284233870967742	4.7563409456800425	6.296240725413614	491.33628	0.0210053703695886	1	0.5288
0.2519315789473684	0.0231193769723176	4.599837505715592	2.971338634925208	1.861683919797604	2.854826876928351	1.6510865817131193	2.0456897364922937	465.76192	0.0122883870666167	1	0.5074
0.8715657894736841	0.3347151098368247	8.539523331337248	3.3905973837891645	9.263126621858548	2.033903625466957	6.337435299199119	7.382751216793239	540.58196	0.0277868534689791	4	0.54268
1.8504684210526317	0.024458396533304	7.162142486969335	2.784871357994767	7.945064153799308	2.6834711494775103	2.463646303183884	4.373490840287794	566.63944	0.0170103784680191	2	0.53124
0.4423197368421053	0.0979919611867422	7.832284347071206	2.6232835956035374	6.042196061242952	3.1526515705367286	2.1835882760001337	2.811473814768131	526.884	0.0142778485333042	2	0.50248
0.4174197368421052	0.5525599996740359	3.0764246815544927	2.434310143373182	5.359570238619575	2.000008779950332	3.396857171237392	4.131004818383988	636.47984	0.010407814001441	1	0.51612
1.5107289473684211	0.4228402163227857	14.519706644271755	3.050077121960372	17.090837524830974	2.2216910386201727	5.333447782546495	7.7796462165488975	629.30004	0.0154177984562516	2	0.50708
0.3362894736842105	2.469186572130244	2.0500532152999584	2.888601625126796	2.422016967010024	1.8754515362488011	8.687621604346436	7.583910813814964	629.32064	0.0118483089202116	0	0.51276
1.016071052631579	0.8893609156463186	10.601548580426837	2.688603274656008	4.413756466825526	1.968946836711816	3.720387309435517	5.486522198731501	603.29348	0.0141550760302122	1	0.52328
2.210876315789473	0.1182758862610142	7.313339385319469	3.2284915676753068	7.700796177218952	1.8777034359701696	5.205254740086409	4.730062031095645	459.49924	0.0122900270039193	2	0.51604
0.5541947368421052	0.0549765826072529	4.937969616462569	3.792545667778308	8.819569146237116	2.090154759561006	5.233651639042959	4.999297940189325	515.94636	0.0111921425934398	0	0.52116
0.2586473684210526	1.81909739844914	1.6021721685221608	2.602075924728653	3.027596533021497	1.6143548688388971	7.450266329415266	5.350279988221503	576.79768	0.0089148850593146	1	0.51928
0.6323105263157894	0.7345159795391414	2.8914046877589943	3.576080559283974	5.235765825616982	2.125434097651848	7.0215440625	7.749440641162304	558.85788	0.0164694161276256	0	0.53224
2.023708947368421	0.673388643937143	7.6449438245740895	4.459694109039476	15.278374808571671	1.7839572343632253	6.334492230854606	10.90380801872988	545.82204	0.0225122867033762	3	0.55812
0.6320634210526316	0.0383869304613927	3.4650631822416678	3.919383089809021	5.700426220423644	2.028145909050948	1.9758631570404008	2.9194122670727567	542.499	0.009389061656489	1	0.49596
1.5017381578947369	0.054249707493886	7.892377909487522	2.8307487484183307	12.219598493220492	1.7049550454170912	4.059472173661035	4.036981054153116	539.49996	0.0202776425700327	1	0.54076
0.2755897368421052	0.4647761404210112	1.553156178708348	2.937012391495916	2.1192382391836526	1.8175328232334111	3.950185704014083	3.6202803359590554	652.34676	0.0114339290116815	0	0.53352
0.9641707894736844	0.591867901846194	9.579219665874914	2.483980665583027	6.47368172739592	1.6347819838463973	3.784994552369205	7.798392939054621	712.38196	0.0191587617460419	2	0.54772
0.8858184210526316	0.0502930833854653	7.952273316959828	2.4062686390298818	9.227445098954844	1.5997745700251274	2.348838501240289	3.522460639646025	632.79528	0.0115359849822521	1	0.50204
0.4157368421052631	0.5100584475133002	3.7820433575719066	3.043306515905155	3.151283511621707	1.78608010003657	5.081084905264042	4.158185396095641	649.05964	0.0175792836846323	0	0.51796
0.1625784210526316	1.3361773462203723	1.5037915232487638	2.41788846671584	1.960632405660929	1.4813788817344526	6.905057810894141	3.851478559334724	745.38516	0.0109225155773583	2	0.50212
0.3755084210526316	0.8604942879806853	1.539012073118461	2.414868724133411	2.2400226102295515	1.5172068922720503	7.443885406218655	6.377104834502656	782.18132	0.024711929063271	0	0.55876
0.2287276315789473	0.2948917802501707	1.5960630409634344	2.4857974822214386	2.622814620863563	1.7510267667469197	5.688751669316376	4.596374352254056	708.75408	0.0156197888003727	0	0.52768
1.1177076315789474	0.2683529896827044	10.943517864300786	2.672169505577328	7.878469353716059	1.645360159095018	3.034062085640745	4.642020760708454	586.85636	0.009900912004569	1	0.4938
1.488288947368421	0.2809241351291514	9.299507871425009	3.4217752021278462	27.924157617235288	1.8468266993216087	11.135083175803402	16.843778336809176	506.49852	0.007207028659512	0	0.50824
0.8624978947368421	0.8169490220809308	2.3943906368241112	3.2877997473998937	3.4111500454505643	1.6688791057884669	9.046929324930066	15.921662243510909	484.43672	0.0098684086263881	0	0.52144
1.6155357894736844	0.0269009091637351	10.306001953157628	3.309128008374793	9.442127840947554	1.947575582514924	4.300913235347752	7.3163581492463985	515.30452	0.0117750813322733	1	0.51852
0.1560647368421052	0.0	1.966896396564739	2.624221902762027	2.270436464214189	1.5998983412128005	3.804184693318729	2.724241230521176	617.76768	0.0113453203359246	0	0.51072
0.7004497368421052	0.0445422626399956	5.220495145594279	3.325492837174493	4.238382563050766	1.8779229391092735	3.0074645151650974	3.98229816777845	704.4808	0.0343073115381423	2	0.56364
0.4347560526315789	0.0201020617948398	2.27188585645466	3.963249200492005	2.082666408149665	1.985348825163601	2.545782535122585	3.3786609923390105	739.93732	0.0154902263098253	2	0.52576
0.4838852631578947	0.0	4.184240913602546	2.501996607916144	2.048429368121117	1.7919054005179662	2.3499155550855777	3.493335228686165	637.17324	0.0259618680566899	1	0.544
0.4273531578947368	0.0	2.1224854100592663	2.733838365913569	1.8590799538124556	3.74471007115115	1.7824490269585709	2.631211120391196	490.39768	0.0103747375777188	0	0.50388
0.3824757894736842	0.0236230738022748	2.230752960958414	3.46836758092934	1.7936855304760284	3.999107118916745	1.6975144774077475	1.976481738664189	454.141	0.010628675936478	1	0.48464
0.4471257894736842	0.0	3.71689202233656	2.781309279561302	2.0129651273794336	1.84241656893666	1.6349334074840425	2.7404609676784157	484.362	0.0105052646361203	2	0.49928
1.7446263157894737	0.1368331276915618	9.407466326503291	3.4321195611612807	5.069133012390196	2.2352896653619845	2.6899149970861886	4.5048433048433045	556.77972	0.0290710250092955	4	0.55168
2.291634210526316	0.2666290431590382	12.09531247137114	3.0909864825999427	9.01731068769647	2.0571764329264206	4.591569617644028	5.79557947365938	524.11736	0.0262104523152814	3	0.52592
0.3109763157894736	0.0178292774292359	1.88708586049418	2.9422975876281434	2.894955640097417	2.090808064963223	1.794161173146778	2.018966457379353	493.583	0.00972087209684	1	0.50204
1.1256763157894736	1.5907009096969302	8.793061245802118	2.9135480893157557	5.130750580664524	2.7592389545182296	2.795924855129601	4.398440845759826	554.68248	0.0236017862597633	4	0.53068
0.3061342105263158	1.9049322557903143	3.472321761296084	2.6439458462437444	1.9604136482644765	2.6001203091431604	3.7323952150674473	2.987160819621236	630.50316	0.0251108871962042	0	0.55668
0.82545	0.0269011208505341	3.308529877620369	2.9616965524544545	2.064404590072153	3.6452127304002513	2.150424420134581	3.255237900279334	744.30316	0.0290946181381449	2	0.5488
0.9798710526315788	0.0227658770634577	5.147241931073073	2.7528404171991587	4.7700856834349015	1.9025520308883552	3.7593642384105954	4.03331208774814	688.81428	0.0268361396599517	2	0.54384
1.0767894736842103	0.0454129428487908	7.023787722788628	2.9568045906673706	7.661039469346327	1.611998459463231	3.2418490300239373	4.352636062009138	567.21684	0.0120368263195542	5	0.50108
1.5972078947368418	0.0866652199883282	10.344567394152977	2.8406519787769184	10.630420343780134	1.8071861026112892	3.953309914662004	6.363130090802841	549.44128	0.0160452520642736	2	0.535
0.8439052631578947	0.0304963559114283	7.268801340943949	3.1509142672651924	11.281362610919029	1.8145354148326307	2.448335578909548	3.555316992906663	534.59696	0.0094825976200664	2	0.51236
0.9183381578947368	0.0412903663618437	6.932666241153012	5.988004002527914	9.086858127324684	1.93640094585596	4.166413931957805	5.293592704426934	456.09532	0.009969222341583	0	0.46516
0.4388197368421053	0.179377675592995	4.399333224524415	6.838745369735217	2.272496052812507	2.538870966444896	6.539677773763263	3.6901483805634094	347.69868	0.0057885691182753	1	0.45424
0.4252157894736842	0.1021690109487731	3.266706400675681	6.731127660955348	3.723564278489041	1.5732398986170582	4.731173679066427	3.39072094090326	381.88344	0.0126600452251995	1	0.45208
0.2002736842105263	0.0473661545281716	2.7739748691192974	5.672875329089879	1.8102763045274088	2.017299307618623	2.8299255772093184	2.689407586519571	493.26332	0.00613884265386	2	0.45348
0.549206052631579	0.0234347619622001	4.072300628223002	4.054645046470239	2.890066079537555	3.1542340033261143	2.1355010617564067	2.7702338691946986	470.31728	0.0099283198970906	0	0.45204
0.6210723684210526	0.0	5.523798403691512	5.784631543905856	4.614229962650914	1.9724764450203829	4.593757604458854	3.001607762256692	389.5972	0.006978984869701	2	0.44896
0.7621315789473684	0.0	5.346332971921695	5.931567348960907	3.5412871703243067	2.2265087634147656	2.10351920861847	2.692467572850036	384.21956	0.0073615299444338	1	0.39752
0.5108257894736842	0.1544229090446675	5.136199439423035	11.727909604519771	5.774463426249228	1.952688512923365	6.301373256209595	4.176877914823326	360.07944	0.0068508299347057	1	0.42228
0.7270886842105264	0.0584336459267727	4.746907081650625	6.049329175406554	2.3289237950825883	2.1152831510142573	2.045957612618757	3.094331688851608	326.85892	0.0083835073323986	3	0.41976
0.5805186842105263	0.142345776348693	7.15342980649308	10.808054333841966	8.359590132961598	1.8222106056109757	8.447402347809295	5.116806274617726	327.78028	0.0087649561140291	0	0.43808
0.3033871052631579	0.0148000001907348	2.6323610139867446	5.1567832239540605	2.193508359828068	3.399968152500086	1.936070890190989	2.3039517626703896	358.14364	0.0069213522880392	2	0.45304
0.5331381578947368	0.0381724081838294	3.704080535439613	6.809149096325878	2.4565388554376484	2.545303482266533	1.940581967874728	2.241114285112481	380.697	0.0084153972344889	1	0.443
0.1899407894736842	0.0950579297863365	5.194964410318439	8.624717268975866	3.330278507986672	2.1178070444104136	3.773343310442813	2.573126810466592	334.91792	0.0051262106356024	0	0.42492
0.646775	0.1023701301743295	9.70520111050829	6.112779493638055	9.675584368914826	1.797354892524864	4.090873079599593	4.21780481175503	297.14004	0.0072022187387066	4	0.45216
0.2851336842105263	0.2106935314461443	2.3693144561051125	12.500310795151565	1.6577696186811433	1.855436443722017	6.183633506893401	3.0110530206555657	314.96152	0.00523139665246	0	0.4486
0.3144136842105263	0.0371280886287295	3.41249620686959	5.925709588078952	2.9304505727470262	2.5896033183111764	2.029908167660012	2.2424053238056434	340.60024	0.006811547033927	1	0.45392
0.2148710526315789	0.0486096953865442	2.329136825141197	4.30237455153334	2.9830626678698566	2.344395804231326	2.6324382802864745	2.382946777313284	304.31832	0.005146462291707	1	0.43744
0.2688236842105263	0.0220672574923691	3.0905672912475595	6.510973267002909	2.853562384504825	1.7130834310499174	2.902442843272522	2.439628184256913	331.06372	0.0066931491079926	2	0.44072
0.482725	0.0231788671106324	4.138247942855763	5.691198356329727	3.1607166924748618	1.747329650092081	2.244692767443777	2.833976266059992	394.53948	0.0119547764522187	3	0.4774
0.4674813157894736	0.0979487935771739	4.525461347273529	7.537027482193965	3.939681825107267	2.068105700551316	3.209392548146128	3.3213443618469274	326.89644	0.0071856380374992	2	0.44516
0.3863268421052632	0.0927343197859737	3.2476483237255427	7.5110653598655	5.3637354729239926	2.0960498102819263	5.203063989439311	3.0286803000139515	276.40008	0.0074743395355168	4	0.4314
0.4773747368421052	0.1784575493188454	3.3687345385135536	6.605352177713279	2.6276959809610467	1.9305249799258404	2.942019793940009	2.945295253025033	317.82284	0.0085242604152595	1	0.45732
0.4775578947368421	0.0323825706910344	7.074198486068831	5.165829028105198	2.4442364380803183	2.3899077636175714	1.8043856425333824	3.041057764091079	378.24264	0.0116765184052551	4	0.47228
0.2816078947368421	0.1049369637217873	2.4011408675778045	6.653704461457234	3.412967253341046	1.8764808382743332	4.064296641170602	2.6093821461475053	443.30004	0.0088689108022696	0	0.44076
0.2046394736842105	0.0720104776240537	1.7745277485053308	5.306910542588556	1.3017783843940196	1.8813736981143532	1.958647953933156	1.873536584638211	422.63824	0.0044466892607948	1	0.43072
0.1013105263157894	0.0129048656772922	1.7687679113996082	4.127547988077655	1.2754253960726554	2.172581550718274	1.4940573059439366	1.5491212977869766	327.53812	0.0046554393327937	0	0.42576
0.1662368421052631	0.0159511826257969	1.7517188797739247	4.722538193818248	1.3547582162197214	2.305293667875432	1.781410200519161	1.591108454269107	358.6396	0.0058864989051748	1	0.42752
0.1491184210526315	0.0	1.902234915505036	6.5628951106197215	1.5265497860316382	1.813257914649249	2.663543653488441	2.302046240669944	369.26068	0.0058319281483222	1	0.42504
0.7578605263157895	0.0202702741100363	6.82334068612313	3.8753092590598	4.702017240211229	2.388452772853887	1.958514649102884	2.738390474442525	292.87776	0.010801481029847	1	0.46872
0.3142736842105263	0.0	3.8418057823967766	4.763852801934685	2.001697646476179	2.3114317559270803	2.1204302916778164	2.260383548426004	251.0586	0.0100232699683308	1	0.43544
0.1698618421052631	0.0181202032128158	3.089534888774617	7.023948689163309	2.679804481772861	2.136888503302362	3.527635778070561	2.8969650657938675	317.38412	0.0072638109695911	2	0.42684
0.5549460526315789	0.0181202032128158	5.373730148562227	5.857297367565812	4.667564988600153	2.387930182879175	2.238768098853936	3.315401740531108	370.7402	0.0104591513153384	2	0.43892
0.6212763157894736	0.0	7.249840687594814	6.421005940082645	3.5364781606327944	2.1777454874838416	3.502454414680612	2.901615334133974	325.09732	0.0101751604632945	2	0.41592
0.2234105263157894	0.0221393986752158	2.8575150420107533	6.572670420888851	2.59053856078846	2.025426532855001	3.5466067291272445	2.2677607110992954	290.94012	0.0036407006515299	2	0.41468
0.5397144736842105	0.0331347134648537	6.5745799907762414	5.325293197332424	3.4040180240039644	2.082367437616535	1.823761915719892	2.377333658162188	316.9624	0.0077060052723569	1	0.43072
0.268803947368421	0.0331347134648537	4.711424918999159	4.257706449741869	1.9969401624878684	2.2383895143451418	1.716607994644202	1.796380031498873	367.08224	0.0067026827826394	1	0.44216
0.3659197368421052	0.0	2.7439422728142144	4.1823689945221725	3.1684033288403395	2.069613908313283	1.4711490978157646	2.669903526462092	384.7786	0.0092697001051902	6	0.457
0.2572223684210526	0.0	2.3330450391151114	14.031712172519674	1.8473480243735128	1.7822490041875194	6.310976767424431	3.4315777165918604	367.29812	0.0058729249429527	1	0.42204
1.5043894736842105	0.0297416510088213	11.277302304064031	9.242906563505692	23.567468351992677	2.3692827252037296	4.565878215440439	6.320316468275535	363.70044	0.0098766478695413	4	0.4856
0.223178947368421	0.0261895036275407	1.7410239464686863	6.384934647698916	1.8359546006338407	1.519527040801468	3.726363834377581	2.660126898519533	355.88256	0.0065498886789469	1	0.45964
0.6521147368421053	0.0990278184678819	9.107999991753408	3.8243519542423616	10.502120939654828	1.8456333514549772	3.733986903102828	3.7286860912589335	373.7002	0.0109384851172566	1	0.45648
0.4170168421052631	0.3236171673789037	4.3709956855678	6.49657605372777	2.356920586434491	1.8852534362087368	5.074027278910752	3.314147392756732	481.42516	0.007380564352344	2	0.45796
0.5990421052631578	0.0751474060065203	5.594470942094056	3.955037583397017	4.175227376874802	1.545559398674628	3.055316619897284	3.340313208887917	653.87004	0.020994994111622	2	0.53528
1.678610526315789	0.0900055279963872	19.39091975914814	3.1284103562699945	16.678076258972812	1.6238904983237363	5.400291717849162	8.83098076474314	814.84208	0.0222603108642381	7	0.55052
0.5640526315789474	0.0194090434604855	4.595656326996357	2.705615986132887	3.700253727519068	1.8005800025775436	6.498446309880931	5.806841687629789	842.69748	0.0161925819769326	2	0.5394
2.6005715789473687	0.1804531521914589	24.37949154326868	3.791570458024531	21.40469751107715	2.1142866746331075	6.424835270257761	8.379166953181997	776.08064	0.0175947955494417	4	0.53472
0.6225707894736842	0.5394859510296551	5.79477250711298	3.8558365853658554	8.115825373532484	2.764016421394222	3.6249065069154858	3.6091401142693385	757.63824	0.023896642250068	1	0.54556
1.3041207894736844	0.2692727145768328	16.01127036216273	3.311833724798207	17.567961869404886	1.9588711389179256	2.545370826008586	6.824155995656817	770.93908	0.0243836858574783	2	0.56392
2.487043947368421	0.5105451385206738	19.837566165310143	2.9905732181962383	21.325063403182025	2.236304548802952	5.167985647039702	14.035502431643488	716.44024	0.0218405216982785	4	0.557
1.3723744736842107	0.1862405396855125	6.2813794641271015	3.515840639304834	4.739960922654436	2.3312472291629387	2.533847436513619	3.468004858346992	747.73756	0.0180336426415162	3	0.52724
0.7407139473684211	0.141168059044334	7.628128232444989	2.9349449711026763	4.073624448234455	2.4367524347802627	3.675123034733356	3.1619814836644573	705.08064	0.0126579487999747	0	0.49124
2.771602368421053	0.0827610167560233	20.35222727066977	4.25311529456083	23.474608152882706	2.143180092787853	4.839627347135291	9.679097012778897	662.74156	0.0233491004109382	6	0.55488
1.3959165789473682	0.1203393078139368	8.575084693995692	2.764062001176174	16.149022258832215	2.0859353870786257	4.394847382281744	3.9475880631525695	747.76096	0.0135555025605945	1	0.5126
2.255018684210526	3.5475894775155217	15.273415241135396	3.354288185840309	20.3791586179848	1.888732119979079	6.224811342459449	10.797855834574367	730.6368	0.0149667540134752	5	0.52992
1.4136615789473683	7.712669012966468	17.646155686353982	3.606184125186637	15.26448528461157	1.9576461957091915	8.000741779429292	15.588589909606	689.383	0.0182349484360919	5	0.51968
0.961458947368421	0.0374824291078459	5.256403821073292	2.9868640462485065	5.859622534495845	2.2756370370370367	2.0366231961639656	3.5189834216509057	896.75156	0.0181655144078591	0	0.53392
0.5747973684210526	0.0270388628033946	5.350180324243148	3.5771748344652954	5.960840015404736	2.6485697399527184	3.2221362620643745	4.299923515552976	1078.6646	0.0332483429148618	2	0.58404
0.9012857894736844	0.0697449853239857	4.221173142626541	3.290894016407128	4.333251213270541	1.837305798455847	4.742896678361806	3.2866501300699813	1069.13564	0.0219699349655824	0	0.50408
0.5311036842105262	0.0163274288303583	3.2203184797619984	2.8911565039106994	2.86775905676569	1.7199504513483497	3.3801956211493613	3.4815638093464445	1078.31928	0.0193659183883667	0	0.53948
0.9619763157894736	0.172275694055823	4.428866951769163	2.9351782652829828	7.451273734962617	1.963185335671661	4.182793228560455	5.601754245557519	976.43536	0.0245403232240676	1	0.56812
2.1222344736842103	0.2805807266704794	18.64662637952556	2.8395130924777003	30.210522698029	1.8825693826605971	4.950605911797931	9.470980827151848	817.43376	0.0332269137003842	1	0.58008
1.047925	0.3591568694376865	10.405527183899348	3.2462785983203006	8.468892611246787	1.9931815963213195	6.927646805265427	7.146900598194777	748.81876	0.0200426510841005	4	0.54928
3.028330263157895	1.1902616010450977	24.07092841140785	3.0471776185888566	36.23501076102914	2.293309785024211	3.060482864651304	22.402102639118507	632.67264	0.0191574997649473	4	0.55472
0.9350934210526316	0.0304585889332649	6.861652548483429	2.586029963469441	10.255652070592452	1.875616243580157	1.6776623983253107	2.838027341662241	467.90156	0.0123674853339615	0	0.52116
0.3541	0.0	1.6895109078922286	2.350358492658036	1.6332599695515777	2.041501639567225	1.5736114153934853	2.103332950264692	615.58668	0.0179438988266271	0	0.5376
0.3364552631578947	0.0234139629557162	3.0764720722791385	3.3452595606839037	2.1866841415517406	4.405087915772672	1.7986287651182498	2.364570711150434	792.0978	0.014745690469321	0	0.52916
0.4030736842105263	0.0	1.838858671082559	3.632745115628563	2.5405030169270133	4.242021273838018	1.7385720181593065	2.784836138318954	652.71544	0.0113273942875511	0	0.50492
0.3661710526315789	0.0151792312279725	1.9799171020473527	3.270742465144469	1.76527299105686	4.085480743691899	1.7423407332187917	2.5533508860381304	522.97812	0.0111557452811563	0	0.50164
0.2395	0.0	1.5964633519442477	2.847925441885507	1.7280488192335592	3.938987187309335	1.4564734975381324	2.2231596572172787	542.74092	0.0113307194456808	0	0.4824
0.1912026315789473	0.0148000001907348	1.82996728564992	3.8088390112236414	1.7872239159815784	3.746956580095296	1.6409968604472112	1.84461348722768	547.50004	0.0057969620980234	0	0.45448
0.1233486842105263	0.0148000001907348	1.471028426876862	3.85168160312436	1.610301586537124	4.02657860243425	1.4731367592500482	1.936570495335536	536.91896	0.0078044504309927	0	0.47004
0.2798592105263158	0.0	1.5139839276172642	3.165000576735579	1.9349363985709207	2.942025385242402	1.7071917587401657	2.352715448287319	523.13916	0.0077327848169733	1	0.47184
0.8824736842105263	0.0	3.9028701447384058	4.748678423347791	6.711088694457463	3.2014755076578125	1.886178888759876	2.3361823129577903	493.45828	0.0072270984130221	0	0.4594
0.2968263157894736	0.0148000001907348	1.5392105414222863	3.221562060347529	1.4679341191298745	2.540155008200111	1.6668462174483916	2.181310136931445	443.45964	0.0070612554644311	0	0.474
0.1728671052631579	0.0	1.4174666366755124	3.652268489982143	1.4156576872451023	2.805749252358916	1.7344826929406385	1.992399461869448	478.98356	0.0074359158315027	0	0.46032
0.1749181578947368	0.0	1.441034694158859	3.4178447822037974	1.5035745874736466	2.598422779087105	1.777033411616822	1.8278971348194355	638.18396	0.0081305879471933	0	0.458
0.1287173684210526	0.0	1.4654395295087583	2.962158280458413	1.5903988702682146	3.576630982367758	1.585298902794701	1.8839244154897885	575.4744	0.0118262776337301	0	0.46476
0.2499731578947368	0.0291924059170535	1.8915818957398756	4.128186264275876	2.0529558024442176	3.151948488584149	1.742811334353231	2.146769935472835	452.01724	0.0045057115067804	0	0.42664
0.2458794736842105	0.0291924059170535	2.252541092614948	3.353008955272529	2.011860185479028	2.931744594361622	1.5361889260186796	1.7496466375851067	474.70188	0.0060434771452581	0	0.43976
0.2739710526315789	0.0	1.6500945330135144	3.0887279062679016	1.6873449485153251	2.915540791100124	1.6339469410503349	2.686956270065442	461.3196	0.006916873439936	0	0.46744
0.2634842105263157	0.0	1.8189423775633704	2.645482752109401	1.455383466794765	3.070653863069932	1.5665073317561242	1.8259815285608088	506.00216	0.0101666298313701	0	0.48156
0.134378947368421	0.0	1.5527034399838586	3.3240580285012875	1.7261844841251677	3.6264007051790847	1.4875898921559103	2.0072722865782127	515.3786	0.0064161007017247	1	0.47612
0.20475	0.0	1.738298345820043	3.562424682606548	1.6011246322636266	3.3394344990759857	1.5567748199756666	1.788212153911711	427.476	0.0055942925826766	0	0.44792
0.3131131578947368	0.0209887230649907	1.9916985093159751	4.303567541996592	1.7744708376429923	2.9129473260205083	1.617533106029568	1.6600819987961486	346.35728	0.0052136858513074	0	0.464
0.2385652631578947	0.0	1.9632331399252592	3.934739353474525	1.7804291826926044	4.143800489539556	1.841150056839712	1.7531166964249003	339.74108	0.0055778626507695	0	0.48652
0.9237952631578946	0.0413556780133928	5.532683009444151	3.5278272881163315	6.474522764221198	2.7372066855665578	1.9238527220281965	2.8762764154931304	370.58396	0.0099323136406435	1	0.47748
1.1136702631578947	0.2511162609473792	8.993172534041452	3.9016583153472175	6.560607211703309	1.844454657180124	3.931243024553571	4.05781989289725	470.24296	0.019481527056694	1	0.50892
0.7960702631578946	0.6303517240386384	9.557848662131336	2.601741917574756	6.429921046771143	1.9862338296314372	4.2035121629460805	4.9759968585212615	523.13964	0.0164024620626603	3	0.526
0.883873157894737	0.0262955900127189	7.301807843850088	2.7984918956373668	2.918793284946268	1.873897114218607	2.0833296313924587	3.173483663562421	485.77876	0.0200831385607929	3	0.524
1.009974210526316	0.1127535720400329	9.829099256118914	2.9880486670799757	7.50817746584952	1.8803782673735292	3.019015708332827	6.234203837439818	505.34148	0.0287497098634523	3	0.54856
2.2081452631578946	0.0164433338023998	14.599744902474267	2.927645594150321	35.68619531712875	2.11399312281334	2.351218963425268	12.169800928745431	521.46164	0.0241829403821159	1	0.55248
0.891841052631579	0.0220298506781717	4.073132715218138	2.822397797617651	6.687008655645957	3.006633478229195	1.6438135648696417	3.087884207446419	512.97596	0.0304025668500451	2	0.57444
0.7484063157894736	0.4647980012588639	5.7707442021393005	3.2233195969658137	5.14930875599176	1.7861892142150135	3.4390137502617435	3.435669410035298	518.2464	0.0169367558240539	2	0.51328
0.4141957894736842	0.2753178432136094	1.963964694470831	3.737705500830408	2.983415906369334	2.4216149632275057	4.993308347706553	4.15770113942239	677.30868	0.0188625585135642	0	0.56092
1.2121526315789473	0.3944472316121065	6.691668875298536	3.200124929545409	5.109346356540402	2.084767100293748	4.348524532613556	4.6971098171491725	861.0788	0.0331015840583689	2	0.55024
0.2353852631578947	0.0	1.4483261035849375	2.2393773112554167	2.1780963679533945	1.6949153323349844	3.603264596639965	3.2644884784943806	778.6324	0.0247707153232658	0	0.57468
2.086245	0.0218138331570262	7.662668809667405	3.223712570492996	13.782342067624034	1.5610767160161505	4.085638387194741	5.562778225865442	503.19224	0.0134245351172019	1	0.5174
0.746225	0.1543747522389453	6.893257392909716	3.1022574351859884	6.630289549298605	1.8632060203916487	2.3501952950576954	3.737249095184883	452.26708	0.0107922841810128	3	0.47584
0.5981644736842106	0.3958193184128727	3.250616409547628	3.6362250077502583	3.952671565917272	2.341451177213369	3.5809335843173047	3.224439582496305	611.68072	0.0153384922129792	1	0.5378
1.6437644736842103	0.1689431323771063	14.991985434039622	2.441884602449788	8.27161815069547	1.9770364565035263	3.0000160490458843	3.945360283484091	589.19488	0.0240377488342453	4	0.52848
0.7640828947368421	0.0213794547685023	5.809535717512881	4.011079702374952	6.429157196892028	1.851477316446516	3.7795584994586338	4.266342776019968	536.76368	0.0209201048201673	0	0.54432
2.3162802631578945	0.0546166507502516	8.467657493432156	2.96240007687567	9.010366423304546	1.8783297117283528	5.05567185133188	6.801068751733684	618.04704	0.022883034083738	4	0.52936
0.9772684210526316	0.0902715380733297	4.931619355159067	2.963026355597131	4.593624177376011	1.9484874887268613	3.923240156623885	5.900230488233731	839.76432	0.0212825187591594	0	0.55216
0.2118473684210526	0.0926213770317612	1.606476474876236	2.234403941506912	2.1550380457407763	1.606274316569657	2.983406165374485	2.89417348608838	814.19224	0.0167391403553065	0	0.55084
0.7353907894736841	0.0336588058736272	5.524075399312003	2.746616444143306	4.432190260092097	2.3767828127820905	2.298650256019731	3.873753176043557	470.76676	0.0344334616033469	2	0.55724
0.3499197368421052	0.0	3.871955013391409	3.5287137476606363	2.354471218136702	2.090097670230206	1.5779324630657388	2.478199159849252	309.05812	0.0143659346206924	0	0.46652
0.3197355263157895	0.0148000001907348	2.582334519998406	3.14974683656549	1.9257642357522915	3.244566125405082	1.5035954858437643	2.209166863621613	366.52504	0.0083668878578964	0	0.51356
0.2921697368421053	0.0	2.626796447143603	4.470177217669723	2.1023472851591576	3.4535277463193657	1.5835688262729153	2.3269100783196066	416.28272	0.0071532082561009	1	0.50536
0.3989184210526316	0.0	2.579347255693045	3.7876995580702384	2.57875845771008	3.1377634214350234	1.7234130989846208	2.4046988960184925	523.62252	0.0069285462207829	1	0.50332
0.4744	0.0	1.635834347065945	3.5838986369998382	1.7101240135514624	3.4409925892656634	1.7368219475757165	2.1717069564243308	585.27976	0.0097700297465043	1	0.49736
1.0656736842105263	0.0	3.5686657065827028	3.395801718408382	5.420652274454195	2.6500120380402072	1.861429252024774	2.7386818630228995	508.83896	0.0139084591177456	0	0.51564
1.3885763157894735	0.1523450617289023	11.853304582881387	3.0788619973679925	18.812638586175435	1.6343094647696728	2.6167177317329875	5.264606434585432	502.82156	0.0105139227766324	2	0.50336
1.0339502631578947	0.2931999285848699	4.033035318033908	2.884520036537265	7.281174126950076	2.009979793805913	7.4639653901618335	14.575137112711712	589.34332	0.0281927534615993	1	0.55816
1.587085	0.0402381122069793	13.41271595477474	2.855350985111884	13.979132202288955	1.7455102913658176	3.99764315445014	7.674650199674605	706.42228	0.0170249001834673	2	0.523
0.9393976315789476	0.4504893999251558	3.682735439878347	3.1386046511627907	4.110186451579682	1.7027285582222336	7.324462871729834	4.159762902514336	691.59976	0.0186991479059527	1	0.51392
0.5691397368421052	0.6574947645450897	3.138645203715849	2.633029043931911	2.740156212937421	2.119306767210557	3.675280452732165	4.665290697500082	609.99512	0.0338862309667643	2	0.57196
1.1577247368421053	0.0459452981818212	9.39657781945694	2.696176003287907	6.684254494223826	1.9947207740337287	3.022694676986258	4.852470003252902	538.41628	0.0210666493762941	1	0.51096
2.831141578947368	0.2846774104155823	14.09779511011549	3.5071024592038103	12.921534862479994	1.98449290221701	5.322606090594214	9.0157074981576	556.66764	0.0173857059141818	3	0.51288
1.056080789473684	1.5707623918899518	3.549146675716249	2.6068742104347797	5.7689557480533935	2.096387574777879	3.8441033945377456	3.577266927074434	698.24184	0.0165228166286734	0	0.54596
1.4209834210526315	3.6392016416533695	8.012983585186483	3.3490979624646138	5.158552241889401	2.9041847969878907	3.0658463077596445	4.939523829206795	632.69276	0.0210908558248071	4	0.52672
0.2298418421052631	0.0	1.808767465363439	3.798071698513212	1.994314894770446	3.873070029563933	1.701125761920339	2.179799950670942	441.61564	0.0059301595559891	0	0.48484
0.140055	1.247066151012074	1.9223521054365529	4.669836881495437	1.4616673144958603	3.407665222523834	2.059837042811668	1.7930464515460758	387.33756	0.0062240685836707	1	0.43648
0.0533710526315789	0.0	1.6003907699935649	2.77526230698776	1.544505897232312	3.9621835499061713	1.4650650075775702	1.6989287451245518	431.646	0.0050190637165132	0	0.44684
0.4593531578947368	0.0	2.519091409933169	3.436279412609077	1.918158695125638	4.266878704138207	1.9043534205447137	1.993115402698636	559.74412	0.0082281531139857	2	0.4354
0.2712471052631579	0.0631493944669027	5.979757427319028	3.9909305680707834	4.948886162118648	1.674966224399171	4.003776885600077	2.9721177202487925	590.1766	0.0116861274340924	0	0.49428
0.2565497368421052	0.0861924466991864	1.8685532188210248	7.732558384563799	1.642729648846078	2.491558202405673	3.8961262235532255	2.7792530568607545	472.13668	0.0068302157868883	1	0.43172
0.1612681578947368	0.0182692577809463	1.8302181955493468	3.267373468018602	2.110736296306802	1.479747368421053	5.598525873655914	3.09296942024386	426.45852	0.0055853232470855	0	0.44192
0.5851507894736842	0.0129824563076621	7.452445103428623	2.9013913169561536	8.152370172365584	1.6028038315561175	4.343388872135103	6.109944978641995	452.7018	0.013398599735288	1	0.5174
0.2176981578947368	0.015913224989368	2.7337679390069933	3.683349502086535	3.2790768559079355	3.3968340871221128	1.922882250633143	1.803004578536716	429.35936	0.0057427908132006	2	0.41836
0.1001855263157894	0.0	1.9962406444435317	3.749273257628886	1.4768956335904064	3.995780025106997	1.7949663712157342	1.746550822427693	475.2024	0.0040327101580185	1	0.4212
0.1231763157894736	0.0	1.7985854718962186	3.19977632277473	1.549244760137766	3.608185525145571	1.6752125629861552	1.7257833801719007	520.2408	0.0050978587174415	3	0.40968
0.3702484210526316	0.0	1.7294891210352434	3.5658126995004595	2.234738513145946	2.728802166860397	1.729634725317314	1.9366488969527351	495.19912	0.0049304571682565	2	0.4026
0.1815476315789473	0.0	2.341631261220173	3.912473091612005	1.7231774514394549	3.647415494797924	1.8561836480832297	2.266327117053718	485.28008	0.0049441576540294	2	0.40184
0.1278671052631579	0.0	1.4535489215598645	3.0190584787376302	1.4690100263742163	3.2154382993363817	1.6349619919804173	1.4791786985698707	462.7588	0.0040628632363852	2	0.40552
0.1747368421052631	0.0	1.456374656952782	3.357986720936551	1.5442285998364198	2.959710006448013	1.5190428228604351	1.698575634721482	484.82276	0.0088887674584984	1	0.45284
0.1699157894736842	0.0	1.4692948314733671	2.56997318304114	1.557847793163852	4.316782676992458	1.5286725726366035	1.8991576439556697	514.93956	0.0081849617504635	0	0.46748
0.1797828947368421	0.0	1.3051708004004836	2.485679782301484	1.2896280038443892	2.6358836475818435	1.6177389581308563	1.5915752447784963	489.35728	0.0080188860891233	1	0.45304
0.1963223684210526	0.0	1.5680382609872414	2.846258972150445	1.4418073645280594	3.069887984144809	1.4815255421862448	1.864383457933784	491.16184	0.009477894889537	1	0.4754
0.2023302631578947	0.0290099966759775	1.759902958103635	3.0104065856553257	1.7335125792161932	3.708726502337156	1.779749051648672	2.0165421405216484	492.16032	0.0065338515986239	2	0.45204
0.1732486842105263	0.0	1.5063436377132209	2.3454049170412	2.0680716949424367	3.407234071990223	1.6395885629013778	1.9787519360104984	490.23944	0.0048685278843781	1	0.44748
0.2064434210526315	0.0	1.4748633661989523	3.587750781470373	1.8768352267973152	3.0189895615866384	1.65117580539119	2.084420581026332	525.31888	0.0151256060602209	1	0.51808
0.7932907894736841	0.0	5.538883153367719	3.5996551805802253	5.02454481846219	2.999478729723555	2.8628779897494305	3.4133989862418543	492.57972	0.0188432178392129	2	0.50308
0.1963960526315789	0.0	1.5401936073333704	3.797104188932431	1.7367937268669569	3.255725945644552	1.7059168922072354	1.8212980480313383	458.90372	0.0119066941780903	2	0.46856
0.6081328947368422	0.0	4.817308457774762	4.304672829578208	2.6517390574046864	3.139266346265166	1.5886294324923638	2.554721440691883	528.17796	0.021897069692261	0	0.54584
0.2290236842105263	0.0	1.89185123753098	2.842121616610503	1.9048288964307951	4.456448256647758	1.6948465901467376	2.176232353210539	476.55752	0.017913305749823	1	0.54216
0.6107763157894736	0.0290099990134145	3.024385126783785	2.8269122714830246	1.7503621644529983	3.02291796734554	2.4032816882859205	4.18907917313506	491.88368	0.0235426262980348	3	0.53872
0.38585	0.0581106843940998	1.4200701999998564	2.6501448798441225	2.251782436952884	1.7427816806004035	8.491361418437473	8.02731885426503	676.5276	0.027002437849746	0	0.5622
0.3723184210526316	0.0799819843189136	2.524128335643061	3.290197166801705	6.076655779326079	2.272594638492485	7.515129572065906	5.784743549102897	705.4392	0.012419108744509	0	0.49096
0.4760184210526316	0.0	2.683366792514403	4.016414317955701	7.042821659466937	1.8995218099909588	5.273362017390734	4.960925571890039	548.95008	0.0065229914367023	0	0.47016
0.4299815789473684	0.0350293933394567	10.189042868800287	3.214991268208496	9.460231319057272	1.9193689745836988	5.375112197177165	5.372188973601869	387.2958	0.0120208551580152	2	0.47728
0.2328581578947368	0.031849784340227	1.4084256469226852	2.359027120111333	2.216716284883878	1.6394538868765671	4.613022462779161	3.5330757383489497	400.943	0.0048864170496341	1	0.4932
1.085962894736842	0.0193731472515069	14.901423548534227	2.852786437650388	14.169618216908423	1.9382789699570813	5.738223687140958	7.273795377570597	483.3446	0.0219595447096053	2	0.52308
0.2896618421052632	0.0133352914413848	6.071406014341336	2.6704170023227563	3.104842689848524	1.6612446041642088	6.731398077236435	3.982412626611248	497.01764	0.0097998596494688	0	0.49168
1.2550644736842105	0.0176872903132343	9.35963745742438	3.101823777261421	7.741495628705527	2.67616782867523	5.871802664179854	7.435462696851696	508.66156	0.0359341044814797	1	0.56268
0.9796368421052633	0.0211385709898812	4.057704050418631	3.036476946325496	3.484468507054102	3.9466989959034415	1.5441079783859215	2.9790007416122424	514.74036	0.0395187719544943	3	0.57168
0.1970263157894737	0.0	1.682343627324557	3.1837585938850586	1.6846260832376787	3.1462048304779824	1.594848643006263	1.9369293895467696	449.41468	0.0083436923568914	0	0.50156
0.2045460526315789	0.0066008772666972	1.7450468274614432	2.628600208946835	1.4378649310248368	3.523718049927296	1.4672507128393737	2.0016038375306326	438.4832	0.0084215594403358	2	0.47416
0.172803947368421	0.0163525402216621	1.6253901033827007	3.5300032166801665	1.6328422742092776	3.523827266924053	1.457933968778752	2.1094479664086943	525.86236	0.0083531631487607	1	0.48708
0.6364078947368421	0.0163525402216621	3.973224695186913	3.117188122656588	1.9411290212342087	3.075726591693125	1.6278727449951589	2.4913678131849606	569.66044	0.0149372001042436	1	0.4986
0.2138	0.0295899987220764	1.812776461793984	2.815587132716861	1.694603322957351	2.8335131549304204	1.5264358968746334	2.0240056618934896	503.41588	0.0084918549477352	0	0.47848
0.1665	1.039132343639027	1.8322518029025123	2.826315823154936	1.6976283320583827	2.534347737232907	1.481633675713347	2.4931813770903664	420.73724	0.0054075142185828	4	0.43724
0.2752210526315789	0.0	1.5960987497430827	2.544585960505487	1.5962281929919435	2.294236111111111	1.478520699393138	1.88592521320796	486.64944	0.0122780143655748	1	0.46516
0.3926078947368421	0.0157811494800151	1.5707966135991895	3.1943893773940584	1.8065254768209968	2.999976984185909	1.6328317264023773	2.0277629932246786	635.32448	0.011518665815171	1	0.4624
0.1629973684210526	0.0	1.506016912072514	2.6420503613835344	1.6695959026278275	2.4150411280846065	1.5256211342042976	2.085530596470226	631.39288	0.0110031928654628	1	0.48116
0.1232921052631579	0.0148000001907348	2.1381206591556	3.03825442505516	1.5419388049158549	2.063504569807753	1.5093383616174314	1.5712046567891291	514.77684	0.0056077033946093	0	0.39684
0.1548342105263158	0.0	1.419106033645032	2.6037288766188285	1.7596365073093638	2.7570822731128075	1.7000126888093017	1.7614429302255354	477.88096	0.0081299422374367	1	0.43544
0.1918157894736842	0.0	1.5287423470159296	3.50454936210292	1.624855886094155	2.807550529095265	1.758743393198687	1.4906004179597554	488.94028	0.0051077220084211	2	0.38944
0.1647315789473684	0.0	1.7062593754220907	2.7898054919376944	1.672398480332712	3.238776322210127	1.6038067711890212	2.069431017221294	480.02204	0.0101440825350144	1	0.4774
0.1972407894736842	0.0	1.8275774597226064	3.045670600565584	1.693501273134038	5.078483369983507	1.5625940105173517	2.0579062731123514	460.75512	0.0097749319420842	2	0.47268
1.617527631578947	2.962548330923654	15.508672881955992	3.646966927420532	27.26571045155267	2.485067698275744	5.59076045932707	6.948656779886249	413.63752	0.0062869081755245	3	0.4608
0.6983473684210527	0.0543877501779146	4.019418629592748	3.297766478451005	6.183720975501612	2.4014882700121603	1.9300563386554437	2.5915725753959644	416.38508	0.0079016960129317	1	0.46652
0.2999368421052631	0.0193433325275097	1.9885039382176048	3.53515170670038	1.7765970776486744	3.697242708893832	1.7641000454752165	2.0970749609224564	558.30244	0.0103835357021233	1	0.44012
0.1845473684210526	0.0402374300520243	1.808304593482169	3.7167751662795614	1.6280346021573524	3.3500465481264827	1.7048463006147976	1.939499387953231	576.66044	0.0081936053250116	3	0.44844
0.1532368421052631	0.0172578127669175	1.4518885220025728	3.2062393905999262	1.713042004065308	3.351642941930582	1.5042537131255291	1.914571614796316	536.61964	0.0083256872326486	1	0.46584
0.1185118421052631	0.0	1.618855347733028	4.384895450108197	1.761716075653892	2.5010576303773133	1.6667826598811284	1.7618646943760827	504.6768	0.0062225774407036	1	0.4218
0.2658144736842105	0.0	1.4643897157051289	3.4585378465725465	1.5964526615943857	2.458790205910826	1.6418186657878393	1.754884294311278	508.74124	0.0059424609219326	0	0.42656
0.1845092105263158	0.0	1.5702654365818154	3.414899831217436	1.6810656058664275	3.477221803794884	1.5815260112627416	2.0137623374076736	552.78172	0.0082123163106511	2	0.45572
0.2441276315789473	0.0	1.5783121045045705	2.6799613172804104	1.7077023542304264	3.5990776235587867	1.2956034112858672	2.1411726005212683	481.27496	0.019060850595937	2	0.57636
0.3500144736842105	0.0	1.7460452952404986	4.078922978678722	1.9278729568750923	2.9436545221716304	1.621321613502566	1.961941573033708	519.98508	0.0112409494520636	2	0.46028
1.3041434210526317	0.1755097575436134	4.988426610173234	3.307233787659933	8.58121884849028	2.00591794686051	3.810257264911879	7.556223336676696	537.82124	0.0159914747131572	1	0.53324
0.8082421052631579	1.0167523105664855	4.818187212571597	2.7835998466340373	5.393630722160545	1.8814826731589251	4.540526753227564	4.28411190124069	482.37876	0.0154211587760027	2	0.49344
0.4624447368421052	0.8622942496394767	4.623115987878356	2.6488776872844544	4.46835699341011	2.051637515842839	5.477281053820625	4.653454846513336	559.42092	0.0145791379459114	2	0.53064
0.7187805263157895	0.0189116938045611	2.224482558218599	2.66667970965547	2.3451540329003797	2.6889057008718984	1.6740308902695045	2.5775166075882896	559.9148	0.010634402349451	0	0.51384
1.0770957894736843	0.9000086808622457	5.153709687506395	3.2470889951709347	3.751942647383246	2.645778938207137	2.48413897841029	3.839613454351308	476.24192	0.0099437075483798	3	0.48984
0.5936052631578947	0.3431010316724022	8.175067689935656	2.80809120758215	4.77829378990603	1.874756651524984	4.750610461207476	4.436680614866432	450.35896	0.013878685761357	1	0.51336
0.2095568421052631	0.2381684953366637	1.7242597227387342	4.713607782824851	1.9776922079311707	1.825296815523164	3.892441027551521	3.350360350275967	442.61948	0.0120463016108029	0	0.53036
0.6181531578947368	0.0148000001907348	2.5096789641904897	3.1299100613299484	3.0619434883568077	2.841838026801321	1.6655525864839833	4.350468709019401	444.63952	0.015251058555631	0	0.49996
0.2575531578947369	0.0	2.146125289135092	2.875422763890953	1.826499534134184	3.954817571339163	1.407949848921613	2.1247081599705995	409.17676	0.0090662878011955	0	0.50568
0.3607460526315789	0.0	2.0397893786282304	2.947663999410008	1.7675386869622436	3.580614909384897	1.32820303894497	2.0083303472818748	390.64288	0.0078081578974513	0	0.50072
0.6815928947368421	0.0500956349453683	2.719361239709745	3.358392243042392	1.785225418123031	3.918447763279908	1.588366848451636	2.894935060773032	428.00232	0.0241206302676481	2	0.53168
0.1869871052631578	0.0	1.6102802679406418	2.2998466136177718	1.85381331008616	2.1326263553096645	2.411659611003516	2.5811075995614265	485.23968	0.0127261722552425	0	0.4958
0.4551107894736842	0.0	2.054989135194696	3.020712174833084	2.5149617141843734	2.2271650764605937	4.171000992945617	3.628998087071161	493.1806	0.0169945445069144	0	0.52792
0.2488144736842105	0.0	1.3885556352831294	3.15118427408404	2.179662500711747	1.966223557125248	4.864713431060281	2.576353813116754	489.67936	0.0123140785890467	2	0.48068
0.3153918421052631	0.0	2.062034181280385	2.574722378695902	3.379428296197149	1.714963880863962	5.435952406509839	3.188315935428649	494.80048	0.0118570814274339	1	0.50992
0.589745	0.0	3.292552467847718	3.045761674841462	3.0695535241910954	1.936848554986604	3.368104256931026	3.1609133118304045	487.39784	0.0104204600111175	0	0.50368
0.6472834210526316	0.0242558991322751	4.928675800941048	3.747779816712408	2.7549483281961678	2.3204322600646616	2.302434639852247	2.7304847752006154	387.93596	0.0137486547796515	1	0.49228
1.025188947368421	0.1314389385322456	8.588986554018948	2.6591508967599458	3.882126545329194	1.6715287411465265	3.06196147622702	2.8489023125440323	362.68584	0.0088233651958143	2	0.49368
0.2954684210526316	0.0490837018732562	5.796518933704912	2.584109973681941	5.051258022546998	1.3898303986939946	6.616655778934425	7.67094374364027	534.70484	0.02012173092786	1	0.5728
0.6995307894736841	0.0947801709175109	8.97777234358777	3.0706040377855683	7.571112931680973	1.7289200817458703	6.352517876059322	5.3557710088132255	612.061	0.0118261013981875	4	0.49808
1.059837105263158	0.0607838275191225	10.727485863933593	3.4045032483316398	11.426934283540696	2.486172172572936	7.354629929681451	7.33131347162728	704.1834	0.0221754989264993	2	0.54724
0.4893847368421052	0.0271918280749007	4.3960756741082365	2.9108988859596905	3.44792949926084	2.043944624238709	4.4819682344024585	4.0009613900247984	707.55592	0.0148007492639737	1	0.50192
0.6170394736842105	0.0373819893284847	8.901968079765663	3.729787890210054	7.011949201710414	2.1082457350356574	6.462453495675701	6.378586481019883	490.21412	0.0160351560542863	5	0.5044
0.9392402631578948	0.0581935963979581	6.76031161888905	3.234559625703199	7.038475847074958	2.461998455026692	7.556671284251783	4.58308892831931	401.65788	0.0142633996178297	3	0.49356
0.3221334210526316	0.0273673507473623	3.937972827169527	2.8688727644087693	1.7722578299951746	3.009895021545796	1.7623848345764257	2.3074265492037487	409.15696	0.0074863125243607	0	0.4936
0.1478618421052631	0.0289405757545405	1.6896635145411163	2.497597312453752	1.6725085744145067	4.166005104697517	1.4890439042182309	1.677924210233427	328.25916	0.0048191991792882	1	0.47168
0.3143302631578947	0.0189715379323714	1.7325837750543005	2.969652218166832	1.6605225893798017	3.697911808230869	1.487583552702342	1.8452172437062464	312.6226	0.0070160009041428	1	0.48584
0.1604776315789473	0.0169612889986666	1.376312378442636	2.627684586407064	1.827970856131237	3.8800261052484366	1.5136272755971798	1.8473613832742055	464.82428	0.0073985330995391	0	0.48748
0.2388460526315789	0.0227638464707594	1.692947602898054	3.523198696074497	1.6512985816447154	3.014763141024506	1.6439085731193137	1.6484887068708016	486.61868	0.0095555041348408	0	0.47256
0.2438842105263158	0.0148000001907348	1.438656658223172	3.1546611349963305	1.6479976472382576	3.630449125076552	1.7135840965686069	1.9216010017388003	376.83672	0.0051091997412197	1	0.48324
0.6437157894736842	0.1059941359682874	5.459220274969932	3.220854872584373	3.3952180489814743	2.775264262058343	4.20223707752502	3.684201219632531	399.64384	0.0081588630567754	1	0.48344
0.3525868421052631	0.1595526802300024	1.4983703406168514	2.418561639106852	2.201066013977912	1.749109176577114	5.78056936936937	3.478890500892552	613.22924	0.0127021709097132	1	0.50696
0.7267815789473684	0.2915713795521625	7.119676243647494	5.540895107098097	26.11054027590181	1.7970306247829295	4.051323236723642	5.192012043691348	740.26092	0.0167746095836863	1	0.5608
1.8008736842105264	0.2552037938388899	7.91903979209019	3.5271050340621395	11.701831797730534	3.2326832507534347	3.0360389979051297	8.264622292502464	634.15456	0.0266948098641283	2	0.55624
0.5372736842105263	0.0287284457567826	2.0030107424099888	4.932454687652157	2.2886705817060355	3.6469146577757607	1.6337769391540993	2.984102497268143	584.23896	0.0147903655733781	0	0.48988
0.2307184210526316	0.0	1.825909955663945	3.3992906208550693	1.8932004634201125	4.154390662787844	1.9777218520304325	1.994703403967849	489.39664	0.0086994327010827	0	0.48384
0.2287657894736842	0.0170201559861501	1.4761697698022107	3.1085608748481173	1.7279594879648976	3.752233438895957	1.4461939784790407	1.7297614998824544	444.55976	0.0074171825480461	0	0.47792
0.1375210526315789	0.0	1.4817329574698026	3.4100955364134693	1.5925319426779796	3.7916705055907087	1.3786810565180343	1.8036301087915323	509.34252	0.0117551830579954	1	0.51708
0.3054105263157894	0.0	1.675797536481333	3.221642828648509	1.6833464924908426	4.234979510676926	1.5271937837130891	1.850026097492777	521.07952	0.0132975751433652	1	0.51832
0.3429171052631579	0.0	1.6537603879886924	2.793678392860322	2.137025258571783	2.225222976028946	6.375604137951298	4.723681425413624	564.60256	0.011032408988616	1	0.4952
1.1016355263157895	0.0224939692713333	11.63637747698782	3.074781610420635	19.601584423456053	1.9362018412750088	7.100248517826687	6.972382032071503	580.68056	0.0146743223650315	2	0.52444
0.4581092105263158	0.0877113412224	1.990393435675845	3.04241400466605	3.468805956031123	1.5569759865760655	4.563944367111953	3.69681398262468	564.93556	0.0126019585718126	1	0.52208
0.2413671052631579	0.0255806843630238	1.5743200304917806	2.412663352578326	2.05483596325156	1.7538267893251838	3.237694894758059	3.153447488478081	516.76072	0.0090132501546775	0	0.51076
0.2513736842105263	0.4043060999755696	1.747459873276881	2.909582044866372	1.8970319234844304	1.869814503227516	5.326450386494966	2.966931782005778	485.82164	0.0084156783344465	0	0.50508
0.2800121052631579	0.5070921793034547	1.3970186687572588	2.48423911725476	1.8565083044993325	1.751601206282332	4.827411594900168	3.392274655999552	579.32336	0.0105500110413046	2	0.51036
0.4751023684210527	0.4220214493898198	5.4440028351224905	2.878175222871196	9.595528789111023	1.7791505791505793	4.800948598707766	5.199451770944914	628.2796	0.0254410446865418	2	0.56256
2.111296052631579	0.2078199555338659	13.12365318322036	2.7310881542699725	13.54535301683134	2.065688538020406	5.072600394553645	7.788660057615955	619.21788	0.0214296995015004	1	0.54564
1.255557894736842	0.7271535193360675	9.320319769866147	2.5261694347097365	10.31210076741531	1.9540766808427752	2.5767662895860752	4.410850624201128	563.39952	0.0239995329726443	2	0.56692
1.0836047368421051	0.6444670952600033	12.201336930670976	2.825454479182804	6.683207040271721	2.235790672002208	4.082264239199462	4.479258949736805	512.10004	0.0209305074930892	4	0.53612
2.716957105263158	0.2597953523172434	14.41815510866154	3.304808118112727	12.24473923277684	2.0038481621088007	3.716578191949168	5.949071926210739	597.88488	0.022352944070802	4	0.54824
2.4258644736842103	0.3389878620178105	26.961622363681343	4.059331197092606	10.352059323033036	2.2512592758340118	4.06164513032563	7.344999560856506	705.54028	0.0316791230858774	2	0.59136
0.8776273684210527	0.4778445484358284	1.8031250091341056	3.1404626648886023	8.335876574049278	3.722429524098212	2.2373754345928774	3.1415483213890925	665.935	0.0132840483016827	1	0.52848
0.3819542105263158	0.0413333557171528	2.7873829372973717	3.341010607204105	2.1288711651449823	2.796729887491768	1.67104124197861	2.246866801000293	532.61796	0.0124010848663133	1	0.50644
1.4388178947368422	0.2436221126297897	17.311881213341422	2.9723963136465508	13.276092494646008	1.6233782995228778	3.792420072396988	5.178191205173639	477.73916	0.016154076434742	4	0.51976
1.1345242105263158	0.1667954482615899	6.174236953702207	2.881998291684005	4.550316259193027	2.398376310098153	2.3656669069634058	3.235112895097322	475.3398	0.0175749567219965	3	0.51916
0.5563223684210526	0.0295899987220764	3.66947362782096	3.905771418844463	3.236099748808164	3.553574595763539	1.788740410202042	2.5580838021442447	513.50196	0.0149120969296553	5	0.50344
1.4762165789473685	0.0276998131868748	6.527781018159554	2.547921565855192	4.245763743474049	2.458949730375303	1.7553834543703468	3.0967470261119345	514.61724	0.0133349196134595	1	0.5358
1.1503976315789473	0.0586304874863006	8.156641308630348	2.822280503099985	12.021447965677774	2.061127387743222	2.691732063642086	5.12643713834332	445.7394	0.0189443305874572	2	0.53184
0.9846007894736842	0.2010596950920727	3.5882190009647656	3.695210211727397	2.819758457323111	2.590161835863118	2.484515563639735	3.1264397502620764	472.48488	0.0187126844392103	2	0.52588
1.2688073684210526	0.3692567235703948	8.423367721568676	3.2530772794380183	8.816565174208153	2.019064838225081	3.651445802042557	3.899459612552396	593.62132	0.0147606612535609	1	0.522
1.1013447368421052	0.9674596291735656	4.04692440433679	2.692914990638884	2.848906258153195	2.0708476772758506	6.283178016726404	5.146969126634479	560.03712	0.0200337815447064	1	0.51416
1.2054447368421053	0.0	6.006960291688	2.807746860616776	6.028819919022745	2.5726381509683423	1.7603723219052485	3.964766939630583	577.60256	0.0163933686720448	1	0.50324
0.5478131578947368	0.0	3.434398775237016	3.658803481436893	3.188957648646514	3.946262728939391	1.8035769055333308	3.213424027478703	685.42404	0.0149453253335812	0	0.51176
0.2683078947368421	0.0	2.058302220826161	3.482085324887897	1.7985852486222655	4.235103199583851	1.651520261263663	2.4013742768141864	701.20232	0.0158338297977868	0	0.52224
0.4711236842105262	0.0	2.433833415901819	3.4168527721794897	1.745745321347248	3.702847624087939	1.5882343832905472	2.451359140386822	666.23424	0.0239989821403517	1	0.53204
0.3291723684210526	0.0	2.291971611807324	3.0764524260086934	1.844040927405959	3.7595656937942015	1.7321700235349191	2.1408918563218107	547.87464	0.0083559915133784	0	0.48508
0.645832894736842	0.2351465104006508	5.590070197605436	2.7161176419009765	3.5660056165586407	1.7197934428874966	4.888055069179798	5.121814808452156	499.9612	0.0203381429050599	2	0.54728
0.950467105263158	0.1984939006330021	8.21068792117843	3.201883925101022	8.900426710128832	1.8854337152209493	4.109623061446148	5.639456038316798	522.76288	0.0161677275303532	1	0.52084
0.6971118421052632	0.2887949761917719	2.7324333887737744	2.729294288149166	2.488031913229151	1.768172888015717	5.222335145355708	5.899235253222097	550.92016	0.0206341789650215	0	0.54576
0.4372842105263158	0.0175339452463303	2.620794531318998	2.81718049336274	1.7619990279227524	4.160809878587196	1.5769576924968296	2.88468748596974	561.63712	0.0130355869914153	1	0.52648
0.5518263157894737	0.0	4.187568717647066	2.808786886192262	1.846442791596838	3.644208490012083	1.633850014897665	2.533576417007551	577.60344	0.0269813405482558	1	0.53144
1.7317605263157896	5.483402100932491	12.241516064937027	3.319401803583246	9.756664168594384	2.13354318991024	4.764232149264442	13.244118208931948	599.11976	0.0243723612304996	3	0.54128
0.70705	5.544947791520944	11.551199590008432	2.7184496485022165	9.060301928863694	3.3217224697326966	2.370847956364158	8.244038299773933	534.73588	0.0192440493714108	1	0.53868
0.1768657894736842	0.0375390889528689	1.6827280529087567	3.64616861001428	1.4978372209120896	3.259674677714996	1.5715169328150325	1.6719056974459725	416.53588	0.007040172584758	0	0.478
0.8052973684210527	0.4625109359220714	6.976474611034556	2.793132012466389	8.000903168858086	2.3287538040466305	2.384808796579108	3.2828023713095025	382.02148	0.0101691591571359	1	0.5146
1.322377105263158	0.4499552157937261	8.710637462826615	2.832929118484566	7.694177334833485	2.040300676983567	2.9793755553512886	4.466723429311871	474.18508	0.0330330519057722	1	0.56452
0.5363018421052632	0.0469304051771264	2.6516140676157094	2.7032129027791783	3.787507509707804	2.7295683314721395	2.0419394677335188	2.9039905093646508	544.41836	0.0180694226535628	1	0.5578
0.9260539473684212	0.1878342038421516	6.984580533095636	2.904188935140452	9.42724939227883	1.93960573863724	3.9897979457189994	6.5987561380404784	481.85548	0.0233175163265536	1	0.55792
0.6954855263157894	0.1415226323828894	7.859513450412663	2.9224858209270885	8.381211241061877	2.6400873475825963	2.815671675081614	4.434835436272571	389.04016	0.0131001822144143	2	0.50896
0.7702171052631579	0.0163075208007139	3.1781625457785045	3.3594888022073985	2.794155265796738	2.853646397977812	1.8271266950154856	3.0691060539947097	417.38348	0.0122269457013466	1	0.51584
0.3354181578947369	0.0	2.6079043067626126	2.8435239189994403	3.0292614698253164	3.673834829959672	1.5854769159429252	2.911323034687609	510.80184	0.0108107560042072	0	0.50652
1.0470042105263158	0.023302898209111	8.611276828711118	3.1736904434269886	5.520004218099954	2.10478055233086	2.8383267215905925	3.671021924130968	598.28336	0.0230342070044489	2	0.52784
0.5772736842105263	0.1375827261136106	3.834298455378687	2.677740019869221	2.590256886699174	1.9077776841124257	4.103398239982383	3.689642474844787	621.362	0.0264590650104424	0	0.55164
1.937736578947368	0.2705556406698232	10.84671358849336	2.647903259999567	11.417305445532373	2.483641786309647	5.203043958471394	6.360142649710393	688.93988	0.031035955266707	3	0.56992
0.8030255263157895	0.8502798832368926	7.677981709594368	2.501814538184574	5.867100546391889	2.006489305343295	4.153718397302868	4.011849180256428	678.33972	0.0234236696112857	1	0.52344
2.8596418421052627	0.5020639342593484	16.274716239306546	2.627708451626448	9.166996474796491	2.1204559485874	3.3283049445692527	3.829860943402545	663.18524	0.0228314064074965	3	0.54232
1.8921828947368424	0.0206217778927663	7.414971121695125	2.934048316571173	7.002772684199241	2.781847697767493	1.6285552921835196	3.708424857785739	803.66388	0.0263977759966429	0	0.55052
0.6156265789473684	0.0	2.228444916308217	2.5177089569261515	1.9255832461097064	3.537992700729927	1.7006192941098206	2.380405217873994	880.03584	0.0155496949928648	1	0.54624
1.7625402631578946	0.0383347334685149	16.02121345179865	3.1913072654797103	30.58147845427146	1.947937426136717	3.7394404864536033	16.30865339147796	817.66316	0.0175662494641191	4	0.55376
2.0054852631578948	0.0379326247568475	8.448911017120494	2.800083817099116	17.323678403366362	2.0244365687070007	4.030429795688812	8.197233622896471	787.17684	0.0262218248875	0	0.57212
1.8430452631578949	0.0304294965742958	13.796892512800849	3.428959950208878	17.911920232768747	1.8359008894833515	4.267300386895678	4.305278820581671	713.81204	0.016640757151211	3	0.5096
0.9869652631578948	0.3173215274613523	7.232593530512245	3.17668483240897	11.87463072349361	1.664193252805885	6.076860968586387	4.34671613708699	572.24008	0.0090797145824222	0	0.51208
2.5707884210526317	0.5342114674028463	12.055968941210365	3.0189165800661315	37.90036282977106	2.018728626144566	4.617156767955801	13.085722983257227	656.6852	0.0119235353625171	2	0.5262
1.314725526315789	0.5438338664242894	11.276901484706464	3.2941608934161004	11.162425250384931	1.8946829409461552	2.319159521257592	7.333842982596501	826.21048	0.0158146127667146	2	0.52816
3.731869736842105	0.2837404078737077	13.923765898620912	2.7877905721820246	22.67260111821664	2.0590344510325087	4.300207870451274	9.454384034553968	933.61772	0.0373750185719658	2	0.64392
0.7842373684210526	0.0247557394200122	3.244549050514137	3.0778950673662675	6.268500271968708	1.786053386095872	5.586703894826681	6.776190460859907	968.0408	0.0263943714356422	2	0.5686
0.7762768421052632	0.0	2.9139414759014484	2.903676909661214	4.604186854490371	1.9050791264998148	4.270668748207857	5.196767407358015	986.22508	0.0242101441972395	0	0.55404
0.428332894736842	0.0	2.6722841627425877	2.801377464635442	3.16883646932712	1.714141576248125	3.5211521679847286	5.146376725053079	933.63048	0.0191205631779923	0	0.54684
1.612417105263158	0.0190938703475459	10.79877191487707	2.99457046948561	9.43853503460378	1.7815984161717202	4.716361155986358	5.848988329583802	761.21276	0.0167194044092823	3	0.54296
1.4116434210526314	1.2953697021490618	9.93311291876865	2.4890720030597078	14.386339802673774	1.8410671177571027	3.9279003333395406	5.838430139695256	623.01916	0.0159535832996929	3	0.51972
1.3266065789473684	3.3519379317644367	13.175194752957848	3.8258305595723354	13.045429707460348	2.3641484380459854	6.37729527153637	9.106450303364587	629.42284	0.0123264741476844	3	0.51824
1.2278368421052632	0.1506508184258004	9.91835757499585	2.7341644032857904	8.007671384383952	4.408301511383202	2.38596479857412	4.509865069739236	651.85788	0.034969555328874	2	0.6034
0.6514868421052632	0.0278111156039492	5.214083468920916	3.1303964730113187	2.740159495212251	3.90017266914713	1.7040656778527696	3.0578756922092727	653.64152	0.0234413264035477	2	0.53336
0.4040855263157895	0.0279586880299395	2.7599380159408478	2.507496690216703	2.7207366427642548	2.2577420828542656	2.6285228239199694	3.7213930002346585	752.58396	0.0233416666826079	0	0.5608
0.530896052631579	0.1201773323210947	4.160871218434674	3.367079050103301	3.6593875380595993	2.023878743482782	2.31398064209554	3.795381665562182	766.29724	0.0219117386724668	1	0.55032
0.5758184210526316	0.023433881760974	4.2987724592805945	2.8992257514741526	2.2652637160874285	2.0696565798948083	1.73804487939471	3.4525630721580773	708.93804	0.0147174403271955	0	0.52952
0.3041368421052631	0.0198167260421935	2.014208653600346	2.50924498622663	1.9993057792017	1.8596766287217144	2.023494374419342	2.4487906550363907	628.2998	0.0186008923419784	0	0.56024
0.4948881578947368	0.0675193905544258	2.0075254698641496	2.631228078333791	2.078096899983971	1.9098333280547288	1.9253702356836613	3.1977220305070646	650.76208	0.0222673888601976	0	0.56956
0.5148197368421054	0.0706365395590245	2.6485774494756247	2.779862972048765	1.7497342814406522	4.40342829111041	1.5351875502062715	3.464947072014022	735.19904	0.0417763141770923	0	0.60084
0.3355092105263158	0.0148000001907348	2.712010427467073	3.0504559421384965	1.885966204183203	5.033803939502826	1.6252501649226383	2.40831168908552	604.0348	0.0161022289571516	1	0.53688
0.528075	0.0506684342123635	9.55800138834146	3.5517765497590266	7.663461981627575	2.803164942178941	5.235105811762451	4.796452927605167	546.48128	0.0115558873428141	1	0.48872
0.3248276315789474	0.524144429739924	1.7272653842360453	2.685271447741528	2.46122632535461	1.6318935551052014	7.3424243287740625	7.034614444250401	677.96488	0.0231883793177324	0	0.55752
0.6006407894736842	0.6303700862763313	2.2901140013748504	3.4773321219488613	1.9479006130287904	1.71587113101359	3.352404659191611	3.9871534303534304	648.21484	0.0311446150144759	1	0.56268
0.4618744736842105	0.0	8.398729382167819	2.6027207986181824	5.510347065106192	1.995662808314648	4.006073902264479	6.983240638490112	546.9798	0.0289117675965323	2	0.59984
1.2599434210526317	0.3088716381360804	10.83486315369059	2.88408969748536	8.677977122562238	2.169754797104752	3.849292032519405	6.493960375391033	583.12064	0.0355410845377164	4	0.55224
0.3282636842105263	0.0	2.07028281136511	2.737437845869775	1.6185426276360433	2.9204565979881827	1.483891598077522	2.155446287833256	489.3524	0.012289554171755	2	0.53416
0.4181384210526316	0.0	1.8513246293604133	2.885179033672944	1.944431683560844	3.1361454981105377	1.700798133365817	2.245256357906419	457.44408	0.0072778499175345	1	0.49772
0.2365723684210526	0.0	1.6318103004243016	2.750932212016146	2.3071171118413725	1.807338180873856	7.493774149740783	7.098846216916468	558.86412	0.012980355024478	0	0.51464
1.0298155263157895	0.1417248028154952	8.158670533501605	3.663388167513724	9.297587405520716	1.956017925736236	8.34444550716512	4.76735408826548	587.68088	0.0140677764776874	2	0.48712
1.8212981578947367	0.2160134600778787	11.224208226502816	3.202817283301862	18.575737782981697	1.9867549668874167	7.515319904895315	9.223212102585116	679.72216	0.0164338365941889	1	0.5264
1.0019886842105263	0.0286391752463593	3.819756572737304	2.883121768463349	9.387145728760087	2.0182033034846776	5.056215377385811	4.001488983557949	682.659	0.0095055592731517	0	0.50908
0.4776907894736842	0.2627764968936303	3.6163924242206487	2.551722669746304	4.352809339098196	1.804297005613989	3.9940085507373375	4.376720538998884	611.51728	0.0200319190260242	0	0.54064
1.4266407894736843	0.0148000001907348	9.145115196597803	3.440562944625844	6.498005218946696	1.9270339976553343	4.845270782601676	4.621854405049454	555.63768	0.0222280165731906	1	0.51152
0.5622052631578948	0.0	2.2391556167317583	2.45900817693731	4.686875474912408	2.0737988898195603	1.916806336944048	2.549786225124378	514.9394	0.0163533460548344	0	0.53964
0.6861473684210526	0.0	6.315916349942253	2.7904766374577115	9.071729206610325	2.126380211357566	3.3935952934174227	4.585273255495259	521.56184	0.023915444152846	0	0.5478
1.4594786842105263	0.6726680915019011	13.374406291218325	3.151286802774173	12.011513237676535	2.647844748858448	4.132505260748359	5.120104678012609	628.68624	0.0228723046676551	6	0.55088
0.6970634210526316	0.0151792306166428	3.3043613062299837	4.73968632614336	2.049817518362121	3.9145944922873097	1.4862441446393917	2.4388772506025918	692.50028	0.021573455403377	1	0.51596
0.2997434210526316	0.0485145928429775	1.82405388070814	3.2414777822818586	1.6617556537291225	4.273967715552494	1.6736348626186266	2.1312866779107367	710.47688	0.0171188659831706	1	0.5256
0.2520197368421052	0.0	1.9563311483482304	2.695203918304258	1.7040422616788171	2.367719818834921	4.0650768314025365	3.044192430927577	647.45756	0.0200838853684768	2	0.54028
0.1637276315789473	0.0	1.7107136333893005	2.5325218882755176	5.454811007440529	1.7007082580209143	4.806480285463378	4.029918517828071	500.79792	0.0121693226113564	0	0.50936
0.6831313157894737	0.0606787061972305	11.742864778128716	3.0276602748146897	9.759739176157426	1.648043717706054	5.60476582855654	5.979764367085927	603.143	0.0160924637350615	2	0.51612
0.4820118421052632	0.3673759326211679	2.585012963965794	2.2433364583479607	3.0837232980155056	1.763074668366122	4.793830029848744	5.60384061869536	609.79968	0.0207177288809944	0	0.55716
1.9055818421052635	0.0445613263220327	10.441723519946896	3.1735282969954253	13.374878439490017	1.7322667805037288	2.6314392396469795	4.776833347063185	562.51744	0.0105742548727463	1	0.51344
1.3262934210526314	0.025810489358712	11.300236008512492	3.894019408936906	16.535207219514266	1.858986386657642	5.915728098142501	6.044336533032185	581.10228	0.0110642643041295	1	0.48316
0.4311881578947368	0.0364600236362532	3.508456599169058	3.4414041657651984	3.6743620785537616	1.7873017051560638	5.853659159063358	4.315438900747065	631.52488	0.0095183515743648	1	0.49524
0.4865842105263158	0.0313721651585958	3.3348747664521423	3.630664265200587	7.930812507872955	2.133767644035073	6.728054038424468	5.531270400835618	752.04312	0.0120999209014107	0	0.50416
0.6510815789473684	0.0962938685432265	2.544128783937226	5.495602744626191	8.638682440752268	2.067223913494269	8.475086651714998	5.949004146730463	840.76232	0.0140189234217475	0	0.50584
0.4973855263157895	0.9046669858875293	8.033196711189753	2.932228895503461	4.367831553467788	1.8453845981348789	6.551339828191796	7.263783168574402	834.23888	0.0244166143204184	2	0.55132
0.6964302631578947	0.966724741104564	5.145486945340563	3.189175279911604	6.09313865818709	1.82603219953649	4.417090667871598	6.303103349098811	768.2958	0.0310746619077289	3	0.56504
0.646903947368421	0.0220859465907462	2.473924434131926	3.5149018457458667	1.9315539403705215	3.0403496647950274	1.44797365029357	2.169882608910646	684.27488	0.0289761756577211	0	0.59084
0.2886118421052631	0.0148000001907348	1.5539165934198431	2.471202391135116	1.7783196717403849	2.267887923904053	1.6188112124604066	2.162593193556256	522.4954	0.0113699042478729	1	0.50736
0.3395	0.0	1.7321825854349997	2.7082610422880733	2.278764481910369	2.295283389882788	1.878813485197087	2.305828220858896	472.1838	0.0085457798269916	1	0.47528
0.6167052631578948	0.0	2.5679814490065667	3.2270323360531887	2.477134192180024	2.106646618851897	2.920351550282533	2.884235162582689	639.60528	0.0254760311340584	2	0.55312
0.8553421052631579	0.075543221228761	9.900086696688977	2.524938624204071	8.118964475313083	1.7705864752253695	6.052605013933154	6.460919959749629	633.03208	0.0302083436785024	2	0.5744
0.9035	0.1940325215883459	8.433934263795287	6.904316939048677	9.434921036230476	1.594201921794435	4.214847170698574	3.0854957935977203	383.57212	0.0079417192678591	1	0.4426
0.2750815789473684	0.0275262788284656	1.6645669009482165	6.869615354820509	1.474972704964309	2.378172171869364	3.3491119910739684	2.679223569547424	323.76232	0.0049306519302375	2	0.44524
0.5434789473684211	0.0	5.944231069838411	6.396610520604701	3.1682841086431868	2.0040022427088204	3.1296571034750205	2.9637320430752103	429.80344	0.0104328062071344	1	0.44276
0.2616184210526315	0.0	2.855108181876312	3.5901587378836264	2.06310290157236	3.305009523586945	1.3594077712142505	2.0052175646060286	427.65836	0.0159335234092088	1	0.53936
0.7281473684210527	0.0402550481357093	9.534783681686433	4.063596570721503	4.213645971107966	1.8647279016022744	2.80501518156522	2.5346234634290705	344.99592	0.0098737785953633	4	0.43692
0.1239657894736842	0.038449203399558	1.819363075416153	4.68921772822288	1.261682938443199	1.4570764972336685	2.4296400884765115	1.9329807433771573	331.21988	0.003693142717393	0	0.38284
0.1612147368421052	0.0261813898349499	1.757002141904486	5.112655067511252	1.4571628646945496	1.7281419954410793	1.5629150293092422	1.7966808731105512	298.78004	0.0053669865932008	2	0.42728
0.1450781578947368	0.0	4.796277764087552	4.502620249136207	5.900285740928879	1.8085768002852856	1.822644266654918	2.214139060547732	301.88072	0.0040307919192489	2	0.40776
0.8139834210526316	0.083806045121561	4.858111596848671	6.466262575228569	6.74274235125367	1.8778674727766136	3.585767389742996	4.070876954452753	350.44216	0.0045667587624753	2	0.39052
1.1860865789473685	0.1839296613565078	7.124214454528438	7.37419813695871	9.917562044819428	1.852318162170532	3.588306095719566	5.033082706766917	319.75584	0.0053514595176805	3	0.40644
0.1740128947368421	0.24801942232753	1.8701691646535776	8.283362694391979	2.402546270210552	1.4422535467405766	3.6326377674418606	2.3258568177840013	326.28216	0.0019855777976355	1	0.38444
0.2480307894736842	0.0595413697513855	2.981963807983604	6.043059226705166	3.13829329720658	2.2202534817855506	2.060106071823003	2.428216522662506	370.42228	0.0083922231348472	0	0.4536
0.1427907894736842	0.0814883592521042	1.555685195744402	4.747143679631525	1.2992740952918576	1.5215866225938168	1.4974347206124974	1.2863006782112691	365.51976	0.0042964290376445	0	0.40532
0.1045407894736842	0.0148000001907348	1.808442273722624	4.653538051645654	1.4992624115451292	1.857778149526717	1.6825540446141272	1.7273544362027653	382.7212	0.0070082867165348	0	0.41984
0.1425644736842105	0.0	1.7000280165324562	3.947844565202829	1.401062188281731	1.6326651024573042	1.534114503403326	1.483084627904961	402.67784	0.0051013404846892	3	0.41292
0.0809342105263157	0.0	2.399924337355736	3.649876375103021	1.8957955525406964	2.044479917918902	1.7087574921982072	1.864429433249303	374.90068	0.0069632267048341	1	0.42132
0.0324078947368421	0.0259293591210601	1.6915942838885785	3.3847720582956424	1.498327100574116	1.5986374301742514	1.4868172831813145	1.6940803528357795	348.51928	0.0051247858515031	2	0.45052
0.0780118421052631	0.0231690794355104	1.4052681674539895	4.014676522679179	1.4178400368522412	1.5321117205433372	1.4240797563421046	1.3684109445939976	310.21716	0.0034373485993024	0	0.41936
0.1166486842105263	0.026769111048354	1.510906392202218	4.669287655279503	1.3618087771654928	1.7564929852865443	1.824468119352397	1.7757613337993703	238.95808	0.0026045380190014	2	0.38164
0.0901878947368421	0.0624031464941689	1.408469216817075	3.354530408531894	1.279857568897003	1.8375913992331367	1.3212775137785022	1.3012501760934598	253.08192	0.0049024063562996	1	0.46132
0.1673357894736842	0.031022191038986	2.0573937501167263	3.6514375769240544	1.9252946826650452	1.555753424904366	1.7718561413729663	1.5738256424426638	273.27936	0.0044777270639643	2	0.42452
0.0782157894736842	0.0450459284834668	1.3360004488040425	4.164608215144401	1.3908779476906443	1.4253428740669252	1.7696946173102313	1.4723896381030668	266.66124	0.0032381811783243	1	0.38304
0.1755063157894736	0.0190698069650769	2.3342786002796285	4.479943575505746	2.2941691296325133	1.486997188122865	1.7432090106903717	1.6551104819946316	357.26364	0.0041405161503658	1	0.42132
0.1397147368421052	0.0194068359116376	1.5081835453179564	3.883436583712911	1.5324219883283603	1.707296772336458	1.6691352043725038	1.6334180053011091	380.15976	0.0049184393515481	2	0.41156
0.1042736842105263	0.0	1.3329147897237197	3.616889044655288	1.2007476062758955	1.3502901726899297	1.5032831429671307	1.517910403554239	306.2752	0.003653861495309	1	0.41448
0.1565552631578947	0.0209031356008429	1.44632265592472	3.534190243412462	1.1164189247291836	1.45561345828206	1.3845820270927949	1.3642070373119224	274.87968	0.0038942886658977	2	0.38656
0.0997552631578947	0.0148000001907348	1.4780554108311337	3.91809264953503	1.2382981259762131	1.6118067287652589	1.3587134923738755	1.2618771607814792	275.7826	0.0038111889798851	2	0.38268
0.0729947368421052	0.0	1.5115611293686773	4.050113794327078	1.5432749335733935	1.3576824774598195	1.4944525881197972	1.4149288138938925	318.6598	0.0043176969365687	2	0.40156
0.0544	0.0	1.4968600144048425	4.698971027332086	1.6374354016890476	1.649325842072212	1.6443363446838082	1.4863973128322474	272.27496	0.0050129971933189	0	0.41736
0.0424	0.0074000000953674	1.2154735137950163	3.179363021420518	1.1507437080054177	1.2117430151751527	1.4082327231039302	1.2951076320939334	103.95352	0.0019349753882779	1	0.3683536194746957
0.0	0.0	0.0	0.0	0.0	0.0	0.0	0.0	10.423298381720103	0.0	0	0.0
0.0	0.0	1.1510791366906474	2.6515315315315315	0.0	1.0322580645161292	1.2195555555555555	0.896969696969697	10.087023598651506	5.444812717135338e-05	0	0.338801261829653
0.0	0.0095850002506504	1.1725010983744206	2.5191761619861337	1.195640142384852	1.175028354931345	1.51918651955617	1.1417373110468532	63.54316	0.0017317125144918	3	0.40208
0.0464	0.0	2.2778877231103243	2.0914205154459777	2.324106986684721	1.465808240359366	1.5993780374270803	1.5687429480688555	133.6408	0.0026366581895421	3	0.41664
0.0648	0.0	1.2811246244695813	2.07328857337715	1.0052469980921943	1.373648268746827	1.1540268202136523	1.2036383092562868	131.57908	0.0015365772479071	0	0.37772
0.073853947368421	0.0213361657651931	1.325307972627207	1.9869364175925657	1.2811823390335977	1.3071750279325731	1.2372757765786788	1.3148934135808046	103.74068	0.0025674310834793	0	0.43012
0.0718302631578947	0.0159236463460304	1.1449720782831216	2.3787646786292203	1.2367235296632175	1.412575366063738	1.0854640289023385	1.1717564542138303	123.94084	0.0018292181997088	0	0.415
0.0616197368421052	0.0248294416642116	1.31442738262397	2.707829359844124	1.2469816034015693	1.3676798600481084	1.2784291098174936	1.2470227481638154	183.7624	0.0024228148108194	0	0.42088
0.1163302631578947	0.0182272139365154	1.6696300158525452	4.490707885103834	1.5718715363219236	1.334401808024701	1.5429402569263242	1.6217419149474508	265.82276	0.0044726446902927	1	0.39772
0.0912776315789473	0.0177580003520004	1.5299760962507758	4.385908073600647	1.2776097703831948	1.6416733809674848	1.3953592442232436	1.585455118923026	285.36144	0.0045936473165803	1	0.40128
0.1147723684210526	0.0	1.610989809484746	4.271522802690401	1.2989128066261986	1.5580806051086755	1.5445988432994042	1.4740172053935263	270.51704	0.0039162720220842	1	0.40532
0.143578947368421	0.0021925926208496	1.644862449934585	5.159571245024663	1.2495328882534138	1.4967888620801326	2.4853059694960504	1.5454213655936024	211.3576	0.0025075820036495	0	0.36988
0.7317052631578949	0.0	4.1475235851967	4.633166666666667	4.860687250316486	1.5270854812806447	3.082520045819015	3.0118368874858064	185.60088	0.0054515266364988	2	0.41676
0.1366763157894737	0.0154969111787087	1.538941374504628	3.4614542287112697	1.4884177296195316	1.579253874310124	1.430236885278499	1.427554115538398	203.55976	0.0034951213422242	1	0.382
0.1080552631578947	0.0	1.3335811821692398	4.309564694008082	1.343900266744245	1.575780701294617	1.4176119352063732	1.418152070794258	190.781	0.0034877721709012	0	0.38132
0.0880621052631579	0.0	1.2658920175824555	3.5345657556901773	1.462298239043765	1.4208425720620843	1.4480024278684618	1.363220445499616	243.32192	0.0033058364102507	0	0.38536
0.1450636842105263	0.0	1.5391266322686568	3.44597821960494	1.8751221328472412	1.3510136745703174	1.480685195922292	1.3561977186311789	349.98484	0.0038595537248341	2	0.41348
0.5257426315789474	0.0329101061362601	2.718552635981717	4.703914735109413	2.417853393383796	1.6409004398168334	1.820306486101212	2.0961735373868287	382.13844	0.0050225693236203	2	0.41492
0.0723578947368421	0.030126501500891	1.5959842725483409	4.971697505197505	1.3185703101602215	1.270975871921371	1.8856958255196432	1.528624474755761	266.89556	0.0026732090520595	1	0.37224
0.0726736842105263	0.0221674354205821	1.5412638464218489	4.1799595598144	1.255210455554753	1.3037409721658686	1.4940990423427842	1.5022310048426726	231.50172	0.0021352071593263	0	0.36892
0.1245657894736842	0.0210977585771266	1.5930542189889612	4.137854408283718	1.4030219068337586	1.5689897597034157	1.60756767435022	1.4266317545989755	408.00816	0.0035959714771456	1	0.4082
0.1208381578947368	0.0	1.706573478259676	9.842471289112956	1.7199502524089831	2.274675683249645	1.9918664788939056	1.8949824599661005	541.18364	0.0067367672700391	0	0.4626
0.0625960526315789	0.0	1.6198452790396154	9.5960265277263	1.8310853239529472	2.5403308166558904	1.8203945886307888	1.9957295559578456	495.634	0.0052888552447452	0	0.4556
0.2257026315789473	0.0307987587209002	1.7362226730505552	3.793987156027303	1.436967772248366	1.483856645455387	1.5262855816928702	1.6189121980405357	374.11512	0.0036218202670619	1	0.40668
0.15765	0.0403189305064701	1.4100874155438945	4.09983902537797	1.3435998700356258	1.574933628792586	1.5365404920271264	1.6875979238531222	320.20056	0.0030468098840205	2	0.3702
0.0816013157894736	0.0	1.3848253145568228	3.410912689240726	1.3827612857145484	1.4951463854585818	1.8337094716148536	1.5740501278439167	328.98068	0.0030411898764354	1	0.42644
0.1948144736842105	0.0290009235590348	4.0288359160438345	3.1488787738039945	1.6582715521001343	1.5314781439960898	1.5597331716191631	1.5372399987488663	304.17828	0.0050826575877999	0	0.42448
0.6715592105263157	0.0566353164555651	5.0148395379525725	3.885120285287077	5.048141298204647	1.6573418635755113	5.119969733910631	3.111907167304223	269.2784	0.004929724102739	2	0.39472
0.216925	0.171792023669524	1.749680755496454	6.635710159810025	1.6843571265070851	1.4547109287657316	4.0325125799052906	2.1074516853932583	227.65868	0.0031002279978114	2	0.37612
0.4849842105263158	0.0642175672058999	5.514516699727286	3.425910461765297	4.152596297852427	1.8638145470814655	4.142417342318532	3.619878716291039	203.11912	0.005612172495863	1	0.40844
0.2457947368421053	0.2126927201814412	1.9250249090721565	4.60697438951757	2.1784957996907224	1.7515852188606884	5.0267935637022845	2.4200343997248024	178.03912	0.0033833813034085	2	0.39024
0.8132131578947368	0.2616518893393155	5.033947655595845	6.988671634121274	5.776988125003546	2.025055907277957	3.4066172435283284	2.883280020495553	207.08224	0.0042879431621817	2	0.40844
0.6132236842105263	0.1094209733105111	5.990575945146765	4.291406540743601	5.517403646707476	1.705649473022964	7.197004659454641	3.6245174950846506	239.75992	0.0035959043784351	1	0.40896
0.2813565789473684	0.2698130346601423	1.807155317167844	6.439861941668041	1.7099992625824731	1.4331492712953742	5.721330294930484	2.636863260953312	262.22196	0.0028759241848833	1	0.37532
0.5184486842105264	0.0713606704537883	2.489520144112794	5.018040091649326	3.795840804141863	1.8972697873103188	2.001187036358316	2.3749051808931694	303.48208	0.0044847219168876	0	0.41108
0.1815381578947368	0.0	1.6095139454682226	4.162227838651228	1.4276295230067213	1.4920019343893198	1.5003095153873365	1.5833389529625863	337.06148	0.003442539455093	2	0.3674
0.1970118421052631	0.0	1.7506719607852073	4.080828996772281	1.662042617237531	1.71811892568684	1.7174891833353243	1.839536874605291	384.25996	0.0063180292147923	1	0.44396
0.2021986842105263	0.0	1.721463908922839	5.632302062118126	1.410564564072032	1.5522215160528745	1.648715913434032	1.858721776786606	323.83656	0.0039229463470332	2	0.38652
0.143503947368421	0.0	1.7535101262424762	4.308661345122601	1.425211985986953	1.5529425172979103	3.565022215355117	1.7607973841241746	278.56056	0.0025550280885486	1	0.37848
0.4749986842105263	0.0	5.725875465956463	5.273661194776138	5.365055139028436	1.6809762750438229	2.5105869915589496	3.2499735947178245	283.36	0.005570645721432	1	0.41464
0.2627565789473684	0.1246956851680573	2.650566091711781	4.372927511849492	2.693252290808825	1.7225730875462837	1.823971557146764	2.023933914870574	279.03976	0.0039113200494909	1	0.4186
0.1047184210526315	0.0958557844501608	2.644844060241404	5.7500691605407965	2.612307950571636	1.552803195990862	2.474082313443826	1.7702149543975252	309.65996	0.0028167507056453	2	0.3764
0.5030736842105263	0.0748097509123075	5.401163343863914	4.730171523343056	3.6647050436282393	1.529677846538472	3.6105688567903353	2.7114916932193625	309.26236	0.0035122181705341	2	0.39804
0.3444592105263157	0.1492578533104417	2.15686495713848	7.702248609933088	1.7394634640777633	1.7175594247275316	2.213262585034013	2.444303747396833	351.04184	0.0049966371406439	0	0.39532
0.7718144736842105	0.0216731592171906	5.117848239651793	6.935706860706861	5.790576620593053	1.558117529906442	3.3641740381437484	4.101783164715757	384.63896	0.0059206452627918	1	0.42856
0.2310336842105263	0.0170244881869197	2.089513975102105	5.829685586154313	3.060588873378526	1.6815402076404915	1.82019606258833	1.9173642979650487	400.36112	0.0116611582702748	1	0.47908
0.7010926315789473	0.0627834594611095	6.710088294318983	5.862690312218831	6.963599287769423	1.989302385808164	2.889358739604791	2.9573953244764963	384.01804	0.005126925769869	1	0.43864
0.2563071052631578	0.130535932322529	1.897815802054909	8.275156408952187	1.617137509434529	1.941876613165248	4.655704323332338	1.8889330332893608	279.75616	0.0028291891339947	1	0.37732
0.184945	0.0435899475133445	1.540612597511419	3.4849183333333333	1.4857167351889846	1.4716381018434357	2.1399033345995555	1.6415850349701335	237.9806	0.0036360657850433	0	0.43236
0.5573984210526316	0.0174100011937758	2.510184334748183	6.823685351767735	6.2645438076311954	1.6881456921192322	2.184390025903812	2.1558039130748683	293.52096	0.007038686463377	2	0.45296
1.0253389473684211	0.0195994045560723	6.449528759164334	6.91559918532092	16.751561714013743	2.075103514507313	3.4983110408560307	4.01764490250799	287.89908	0.004306040693574	1	0.456
0.4836644736842105	0.0	2.936542237915444	5.8572384759338725	5.557975412699298	1.7536155033460556	2.324536338965073	2.2541240339429565	228.99768	0.0041605581361405	2	0.43124
0.1861723684210526	0.0183257894250261	1.4449050102581662	6.354067268618344	1.4206038879975775	1.5529545644429117	2.103845823589816	1.6285212550849226	241.44344	0.0025280913136285	0	0.36652
0.1602426315789473	0.0	1.8483748579861197	4.688133868170613	2.373069583757605	1.5852894844254857	1.7982900425710655	1.8407277944551712	350.66364	0.0052457302915524	1	0.41732
0.3466447368421053	0.0	2.024067305789684	6.292326194434721	2.772320090115693	1.5950113922532676	1.9955413371025847	2.081696611763778	328.23488	0.0053393355875769	2	0.4238
0.169803947368421	0.0	2.031793641028635	7.655967052791492	1.6640674273538536	1.4638664021472243	4.289131406765379	1.97064410025171	251.86044	0.0022465692169526	1	0.39132
0.482875	0.0	2.6208527108516715	4.902489057672502	3.4063153798950805	1.8204883010933837	6.527713097269624	3.930156372926004	305.34252	0.0059055612836252	3	0.40396
0.1858057894736842	0.0450214117001264	6.065653195471762	4.748429230981257	6.390588799593613	1.667583868367659	2.009830998958213	2.018895493407216	310.038	0.004308729299973	1	0.41908
0.1045110526315789	0.0	1.661640582086745	6.616152721261445	1.4185089112460778	1.6096939852268728	2.856900990517224	1.866391525988979	288.66116	0.0035674768347161	1	0.38452
0.4275971052631579	0.0	4.157168731823927	5.528634951825559	4.744315880643261	1.7281462385751114	4.108248170235837	3.06324107479178	303.00032	0.0045339713598261	1	0.41668
0.1907355263157894	0.0	4.550174559948781	4.293361998445151	5.189562064958324	1.8344772416281971	3.334452906162465	2.902150194711407	313.99912	0.006960448482019	1	0.4758
0.1018815789473684	0.0	1.7152109022709352	4.81974454946507	2.2005355590057056	1.8905275189709976	1.7622471158669115	2.0630565110565118	321.70324	0.0046953631429067	0	0.43544
0.1723973684210526	0.0	1.4400581556781902	5.18322516025641	1.6384757800335603	1.899602452664915	1.4565996303854971	1.6495910641328384	414.70292	0.0019243047358884	0	0.42316
0.1545815789473684	0.0	1.5960760651679924	6.128020709015245	1.8854239931814505	1.8791492391207616	1.4407105185606714	1.66664761541881	403.51472	0.001476341438552	1	0.42072
0.0912236842105263	0.0	1.374416579724694	5.0106900399893375	1.4410170598163865	1.6379770920563936	1.3029498122890992	1.621163040951303	256.37508	0.0042009222814616	0	0.371
0.1240592105263157	0.0172170423811975	1.4864980548908588	4.736596565791948	1.2296743240257288	1.3376782077393077	1.5248727256832326	1.576587428272919	200.8214	0.0019292678155399	0	0.37592
0.1172249999999999	0.0	1.7975328231182957	4.084937884054575	1.5577611389918458	1.4935622317596566	1.5242286068017512	1.687723248876943	253.244	0.0038522450334754	2	0.39696
0.1071578947368421	0.0202702741100363	1.3735147994416892	5.018820906533669	1.457032615652571	1.5283458286808105	1.603656954160622	1.7748989163836328	397.90396	0.0016307108930925	1	0.4324
0.5997789473684211	0.0538752360427868	3.5199014277680694	4.857727250627988	3.384528368750473	1.8155477284888029	2.434221712680379	2.155841722828636	410.87688	0.004504515967769	3	0.43244
0.2867763157894737	0.162288140914092	1.6924203597571332	6.073051801624222	1.4033306217291284	1.6913321422071	2.7597690614799903	1.904886530332978	290.11656	0.0029374607262891	0	0.35916
0.1386394736842105	0.0377710743281437	1.3927694073005	4.084399501943176	1.4734396435511323	1.4872326851530666	1.4711953525471844	1.4597573879260777	271.66148	0.0035932153342576	0	0.41368
0.0732131578947368	0.0	1.6465932345123109	4.942877192982456	1.311180294570523	1.4062834149746046	1.7036674691060825	1.5207085948552246	286.19928	0.0035411200909579	4	0.40088
0.08515	0.0	1.4660119040812165	4.256687677021985	1.3051453903373658	1.3724921948560385	1.3938877143528308	1.3264716174614075	254.73772	0.0028804932004213	0	0.3778
0.1021815789473684	0.0	1.4803085437785826	4.448657350763089	1.2538976177540888	1.4748029892609456	1.4598503704803905	1.242236221250525	257.66156	0.0032398431165428	1	0.3438
0.0755447368421052	0.0	1.5756565350035086	5.005109063563139	1.261300492930721	1.4385532818451308	1.4856381618161931	1.6129622683779667	262.03936	0.0030772908870437	2	0.39396
0.0726736842105263	0.0	1.5472307245650283	3.894575179425299	1.3025698653131894	1.2971480386176804	1.3756924388049812	1.5572123290444213	264.64264	0.0025988729144616	0	0.39704
0.1066710526315789	0.0	1.477558105597327	5.324854897667392	1.547656734118188	1.6971727373428034	1.5507499483540477	1.5615996113718036	341.82244	0.0032030869579243	2	0.44764
0.1278565789473684	0.0295899987220764	1.439140734721729	3.394853623338258	1.3129297769492605	1.3006435590440129	1.2471489551215935	1.3869740180211707	353.07656	0.0042888171150929	1	0.40436
0.0876092105263157	0.0	1.4810473784199525	3.706488143868501	1.0985747463432305	1.4844353521171882	1.4041072671150998	1.4008778241473594	322.72272	0.0031501583051506	1	0.3734
0.0985144736842105	0.0	1.4398453522150587	6.477186971640029	1.3789355120234656	1.886500612027111	1.7478934659090908	1.5514419832405713	400.94324	0.001206042215491	0	0.43932
0.0897960526315789	0.0	1.4343601070475511	5.418170440594734	1.2392659670595296	1.594161912584516	1.4024213478022982	1.444693524626913	368.57308	0.0024709285735032	2	0.431
0.1070473684210526	0.0	1.356200871122006	3.2731407609497123	1.1016768903891296	1.274675740080638	1.2963144031508982	1.25784081234015	230.619	0.0027623760211204	0	0.38596
0.0341326315789473	0.0	1.3551053484319924	4.209826283971798	1.17455072475867	1.4511159475952715	1.3383796856106411	1.2465673853383952	264.5026	0.0039378877032416	0	0.39064
0.0958121052631579	0.0	1.5799872119121667	3.619705494357166	1.3510204739719172	1.426999903502847	1.4105462080397846	1.3544894297731054	299.07808	0.0064878491732478	1	0.44672
0.0917605263157894	0.0	1.5070071143274295	4.609578194547478	1.0750137572563785	1.4022627389378186	1.807961272199685	1.3326650793011436	273.68144	0.004119174773693	4	0.38024
0.1112473684210526	0.0	1.6018885654751829	5.116145724713243	1.3971289993428884	1.5199620636187092	1.5316550476369892	1.4421565793783842	376.78612	0.0034272330004853	0	0.34956
0.1185315789473684	0.0193433325275097	1.419349995578835	4.725270734102029	1.240324501274456	1.7524071571089368	1.3251774887100187	1.453328818587852	511.52536	0.011345327616965	1	0.48776
0.0928881578947368	0.4023683949520713	1.4172941068757188	4.861631664615507	1.299260841373747	1.3973099553643655	1.4118042683452003	1.435977110680622	530.65612	0.0108754459776071	3	0.44724
0.1066223684210526	0.0	1.2861370276872033	3.936730533441342	1.3611506148631247	1.5788884582096605	1.469569703748585	1.4220493260497138	403.67296	0.0048119702838492	1	0.40456
0.1091105263157894	0.0	1.4429635149991271	3.4170803276088044	1.2271509366698872	1.38273929522759	1.4512192225148988	1.1832400450063978	399.28888	0.0032212610986434	0	0.41116
0.1128	0.0	1.381115968094591	4.466561560852805	1.5806450617113814	1.4763398046247065	1.2711813803328174	1.4431538541643965	597.9252	0.0129646265251496	7	0.51204
0.1228321052631579	0.0	1.558537831108562	3.668899353446473	1.4066360547620966	1.2827004219409284	1.199139615471697	1.59215617162611	525.00684	0.0112295372814465	3	0.4724
0.0486784210526315	0.0194360352137971	1.4002612057385535	3.9704215854342193	1.1748207724544657	1.3192022814749815	1.3493084711263446	1.3730647104626863	229.01396	0.0032595245078994	0	0.38588
0.1169697368421052	0.0173613135682445	1.5071863207835212	3.464964919268585	1.19826005433117	1.4876402642996722	1.4814268653034215	1.393416024390706	200.7434	0.0028396805798393	1	0.37016
0.1075197368421052	0.0	1.5174081422340358	4.465072892386332	1.375732619439954	1.4741695966126045	1.3931547949772196	1.6658396788038212	333.3446	0.0044479525816791	3	0.42884
0.0695763157894736	0.0	1.5270388280136344	6.082154234902765	1.4868933503815014	1.4613637550425558	1.4143937614506503	1.506390373134632	363.4578	0.0006326652741388	1	0.44752
0.1139194736842105	0.0	1.3373519618469112	3.283793749051225	1.4355121020786088	1.2847871300774298	1.3936618144226205	1.187909821234711	325.84024	0.002351669722642	1	0.37452
0.1070542105263158	0.0	1.3590950795495174	3.6177988976270856	1.1372117705164726	1.262809917355372	1.519951549735542	1.1898849813699683	347.94364	0.0037789394378486	2	0.4122
0.1485131578947368	0.0	1.2460902964171023	3.794499697058156	1.2958404518649744	1.4976169033598892	1.3949920049464914	1.3527745535492322	443.9802	0.0045689913442029	0	0.4494
0.0863342105263157	0.0	1.616540792335885	5.176258112668744	1.3910128199063343	1.7230302630711412	1.5843200982979029	1.511762856501235	424.43712	0.0027888465251817	2	0.43736
0.0914026315789473	0.0563709576924641	1.7742189622421434	3.916444746376812	1.3674469698004847	1.4458373257642871	1.3416878807275077	1.3832840601133285	306.73764	0.0033972739067498	1	0.37128
0.0745078947368421	0.0	1.4493806517205994	4.145242099593009	1.316665708477998	1.4357149373902334	1.622034078996575	1.312392337210454	329.08344	0.0052069412958797	0	0.40132
0.1163447368421052	0.0	1.5993507348535103	4.291528877083706	1.1011746248066576	1.6582235645688228	1.4411545159720516	1.4125806745664509	400.10004	0.007073520162592	1	0.42244
0.0379473684210526	0.0	1.625384716319413	5.670664061112098	1.4179552555105688	1.8397735277658904	1.51940071425604	1.681853155972874	327.13604	0.0017187296192917	1	0.45396
0.0874078947368421	0.0	1.4853634919461909	4.258378326650741	1.2593833972906197	1.391125754139746	1.3054927780749763	1.2829907171732295	241.9374	0.0037463871673713	0	0.36628
0.152353947368421	0.0621691631669757	1.494811704838255	4.618990939056554	1.1855143442522478	1.3118813206455373	1.7587720800300046	1.3404953999229712	245.8622	0.0020205384803081	0	0.35156
0.2237328947368421	0.0	1.7682367695626215	4.175902780046388	1.7813064102211336	1.4131993361972015	1.71933774682707	1.4646073591057287	352.36504	0.0029043498568828	2	0.41268
0.112625	0.0	1.5891785195539263	4.565105112576191	1.754901780662158	1.418346194608761	1.405211064169128	1.5093918354721736	448.52496	0.0024214991312539	1	0.44692
0.120053947368421	0.0	1.4610071607509436	5.649335557985998	1.4103561836556051	1.6948197338171953	1.5253273477844578	1.6565434292592185	500.1188	0.0023103666544398	1	0.45924
0.3469763157894737	0.0443537480991759	3.0018054795631	3.667317153548497	3.1241262070923312	1.555246390011575	1.7127135184550335	1.843452933602364	524.57852	0.0119801517363506	3	0.4612
0.2562342105263158	0.0576820044278179	1.9383392922259175	5.341370343798944	2.21915699198453	1.5348625792811836	2.0525996707311944	1.8410280516255968	448.83904	0.0041928221092153	0	0.42992
0.2926565789473684	0.0387805507254768	1.7690999176096456	4.818626886920148	1.5223019021732551	1.5013935499608428	1.6216672724429977	1.5565947284942885	335.25492	0.0044689099292544	3	0.397
0.1324671052631579	0.0346983100070298	1.35000851845503	3.4850570123382187	1.2132452281898558	1.240191926870846	1.5719847003824905	1.278371558769254	290.33972	0.004137998566347	0	0.384
0.2366697368421052	0.0167218642046222	1.6469319051458935	3.895836484031592	1.875183703664908	1.5909420373965897	1.4572850671126838	1.5815263258663603	308.91968	0.0044040578674744	1	0.42708
0.231075	0.0	1.5815205314944598	3.7028993734548927	1.444888870636846	1.3554357670252837	1.417776479600991	1.283351851851852	286.13908	0.0035006806661451	1	0.40768
0.1603592105263158	0.0	1.4844853136204768	4.839131662267025	1.2257536720767517	1.385691381919036	1.7454737676754328	1.4707601909658463	296.404	0.0038983689043451	1	0.38192
0.5954065789473685	0.0	1.9320788685041432	4.515102946922423	2.115920545155023	1.5789357003565765	1.9547676616577143	1.7401500879994785	372.0412	0.0046123602730211	2	0.45188
0.1590578947368421	0.0	2.571514129094152	4.257941544980294	2.4432604198243184	1.5959434151444112	1.494734039163328	1.7645535351483137	450.98364	0.0059964045427476	4	0.44244
0.1177763157894736	0.004929999820888	1.5326455311235074	5.166159892638037	1.4367975614797863	1.8439802535415843	1.4794039818725184	1.8619342436172597	536.86236	0.0031478999240258	0	0.42028
0.1664065789473684	0.0	1.5156330659003314	4.730742806085409	1.473518280324015	1.839512450126144	1.5416851127961193	1.6525607198022174	507.99616	0.0034867043637878	1	0.40336
0.168025	0.04386733014296	1.5256393658056748	5.09722528281308	1.3455399280042906	1.6460838596665397	1.9572655007949125	1.520441256260645	412.6978	0.0036697224918358	0	0.3972
0.1107223684210526	0.04386733014296	1.6769187640287255	4.209621177178382	1.3971094446687065	1.4497001925369026	2.102465810133507	1.6823937664283186	386.64048	0.0052139583735781	2	0.38956
0.3144776315789473	0.0	2.528296545223761	4.357596960463454	2.384118935736075	1.862960618727682	1.6348263199679038	2.061597128889808	412.86092	0.0038052642778438	2	0.446
0.1053657894736842	0.0	1.509727817947178	4.887156998681639	1.3547341676533848	1.60218269186342	1.384543115973277	1.4517508629969194	384.19952	0.0049350626994932	0	0.44008
0.0761868421052631	0.0	1.39184318214086	4.065453722246408	1.522963008334075	1.4822724953588746	1.5046613441126422	1.6105029397058572	462.00128	0.0033027071223539	1	0.41368
0.1142828947368421	0.0	1.5040596065192051	4.200483839110064	1.2725620679522036	1.3457625936122504	1.512088009135386	1.5265860357965622	462.09732	0.0037048571980218	0	0.4
0.153275	0.0	1.4979804200219906	3.96986223293382	1.4938378319777763	1.3848637845369518	1.4286908959933813	1.4686040632218402	365.37884	0.0034217937987122	1	0.38208
0.11935	0.0044623116152969	1.5483062130615215	4.022319016592539	1.2869109036927553	1.698690435748825	1.6183981774218128	1.4209032596151343	417.76416	0.0033028567471749	0	0.43528
0.1132852631578947	0.0	2.3527215476304937	4.392819216060218	2.5010473406257088	1.626392905233054	1.7734247393004008	1.624766727507999	443.65908	0.004149693132709	0	0.45752
0.1272165789473684	0.037992883002621	2.455572530096512	3.628579691533085	3.505499223228409	1.4399571972837026	1.6007306170278732	2.1477058563321525	361.91512	0.003747079833369	0	0.42256
0.0853534210526315	0.0283550988668045	1.2855591815495595	3.046476916229741	1.1220886579867635	1.3931787257739594	1.302831685434444	1.3441328963051251	258.69636	0.0027096081606824	3	0.39432
0.1052	0.0110491160559513	1.555726495680842	2.890646535196543	1.3354046762471408	1.5217059667341004	1.547376072558058	1.419228695252741	264.86308	0.0027075375079538	0	0.3864
0.2216021052631579	0.0	1.6933120547758944	6.735617098046693	1.5867201981393426	1.507330624323587	4.97501829617328	2.1218687203592665	318.58156	0.0031299691089374	0	0.37688
0.5651478947368421	0.0	5.643360021671	5.323074466085954	5.812086923074126	1.3408900677412163	4.011024627124523	3.837751963651429	320.95688	0.0050392366956262	1	0.42768
0.3126026315789473	0.0	3.4152314821498813	3.8444668683791337	4.163436606381329	1.8085102353933624	1.5239245578031857	2.0867521559662685	258.29924	0.0034083875846161	0	0.41448
0.1946671052631579	0.0	1.9173729149423908	4.288794496518701	2.5917397958230253	1.528170571262401	1.9350063674855509	1.6596323861073523	222.45972	0.0027921681681625	0	0.38572
0.8244913157894738	0.067700268719854	8.402967498690051	6.450768464880521	7.482158637788404	1.3869306032499973	3.872998658087603	3.965600884789549	268.9236	0.0042917106704676	3	0.4164
0.2297481578947368	0.0690347434633667	5.435576274784356	4.043619133454387	3.9703526548615344	1.869731673269499	8.120077412487602	3.657911581686653	350.80248	0.0013851895376251	0	0.4544
0.1143092105263157	0.0677877683732592	1.549233899349365	4.617837414299706	1.4118319144385898	1.544269998931966	3.4407288685365387	1.9263112464612453	413.40104	0.0032907675144865	1	0.37544
0.3382315789473684	0.6977923183196556	1.562997095928631	6.782829534510434	1.7691096871947407	1.451686658782452	1.8987886535168532	2.7123347790482555	408.79952	0.0047595959909172	0	0.39284
0.1083421052631579	0.0270596476633021	1.4595967609598688	4.260692211797126	1.2595796888900477	1.4750483612831398	1.6270682399765497	1.3786157503685212	393.23936	0.0053902949144209	0	0.39256
0.1119855263157894	0.0272316832210101	1.4887196576647348	4.1874074987666505	1.337588347139342	1.4733135844265763	1.3669990465460409	1.5319880290722532	406.62092	0.0057739617182402	1	0.43988
0.4695986842105263	0.187708987984606	5.459118006500171	4.770809115497497	4.920858950256662	1.7902857142857145	2.0856437706336743	2.7351656801976043	332.19472	0.0044319167873613	1	0.43524
0.3033236842105263	0.0727394082902901	2.274994459072055	5.390779388917659	2.458914687175625	1.4872854350530118	3.568840919755983	2.6006996421805937	246.81852	0.0035378639870882	2	0.36972
0.08675	0.0441932392120361	1.4370169457907302	3.872515904026868	1.4450008217387385	1.6150410243263655	1.502093740322342	1.644540377928125	307.46524	0.0046383740071689	1	0.40612
0.0784210526315789	0.0	1.3912197753602242	4.818927213069097	1.293843287412917	1.7856728907531505	1.7136307174207084	1.6703902622725413	516.16696	0.003152929747315	0	0.43984
0.1306210526315789	0.0	2.054893813627123	7.597920979004118	1.894239017318721	2.270767820770256	1.915877912017742	4.568718144104455	500.51632	0.0077652818956971	1	0.4434
0.4785578947368421	0.1423142388485133	5.32136977920253	3.4208624249869275	4.7658414879302615	1.4484826030185962	3.1027287927660137	2.971356279450932	392.27872	0.0071530150266429	2	0.45592
0.196878947368421	0.0458669594128946	1.7277320286019309	3.583395946265288	1.7732473275666882	1.6541384666053969	4.458119704546448	2.750815688161694	472.4424	0.0015897344421198	0	0.44808
0.5878921052631578	0.0520522653057048	4.313943802788208	4.20240488908824	5.691006110905668	1.8297742299384228	3.179547604125121	3.3181351895614752	405.03328	0.0043231162038009	0	0.43532
0.110028947368421	0.0482042041430201	2.5454968299655483	4.361374313885966	1.4643802272288269	1.3205516801864725	3.630773749870408	2.075088369033675	289.55992	0.0029833607442501	1	0.37492
0.2918710526315789	0.411500724786875	2.035885902508841	6.270447572468704	1.547388586298648	1.4774851109196725	2.874221607367972	1.91453392715626	320.94188	0.0023419068082378	0	0.36856
0.1643	0.0220755447692527	1.4999153545558863	3.994021482013632	1.3595215120520638	1.4006323786554118	1.567023102602095	1.3885685564054704	375.82308	0.0033554698134169	1	0.39224
0.1287331578947368	0.0329934496456736	1.281611362419645	4.674679832043039	1.385319451751838	1.753045738286961	1.7093332664200809	1.704050768298335	425.75776	0.0033633937454223	0	0.44152
0.0590957894736842	0.0198623478012597	1.5667842352194856	5.459572709644094	1.3315387689070577	1.532354391693236	1.634447746637727	1.569657262192376	332.39368	0.0007974393719785	0	0.37704
0.0	0.0	1.565596274211447	4.088450652358003	1.3174415639633976	1.401263945497278	1.4571326906432696	1.5438232427206635	229.08072	0.0006340204637015	0	0.36904
0.0	0.0	1.443923041938289	4.478861503101399	1.1468248235071363	1.2781020074052216	1.5608611289372218	1.4801770668137624	245.3418	0.0012061059572284	0	0.38116
0.0	0.0	1.6701655003954068	4.29893254688147	1.1714955632251405	1.668398393104302	1.6512572096561666	1.4716092330359334	272.32008	0.0012488726826505	0	0.38616
0.0	0.0	1.6210254565159548	4.730128286147624	1.1314445904029875	1.5072949667061593	1.5235420396165422	1.501476242749846	316.18212	7.988739932942041e-06	0	0.36404
0.0	0.0	1.99961715461024	6.935366616616617	2.0106546533852545	1.6810259556403664	1.852668266244517	1.6663703341898088	386.00488	0.0006071040344238	0	0.37152
0.0	0.0	2.344518934485572	10.45092125	1.491984637878633	2.577384206039627	2.1960381591653872	2.8852167611478	509.68384	0.0	0	0.3604
0.0	0.0	2.2594386186785416	9.852783125	1.3968828527527362	1.863790873122652	2.246800861993989	1.9504744272411791	544.27752	0.0004568018686859	0	0.36184
0.0	0.0	2.9088295593211804	7.731239818295738	1.6574903155178629	2.2468771130040643	2.594148598851658	3.0333559409046416	399.37084	0.0004135893050351	0	0.38048
0.0	0.0	2.411921353718499	7.647860770274106	1.6949690323521387	2.430104771016376	3.0061468509111577	2.8260083030434457	166.31224	2.9268765091238653e-05	0	0.38232
0.0	0.0	1.8578164231846097	6.761346619053104	1.335822401614531	1.7403508771929823	2.274867416893028	2.2466349680749897	29.94916825210986	0.0	0	0.3860218224712474
0.0	0.0	0.0	0.0	0.0	0.0	0.0	0.0	0.0	0.0	0	0.0
0.0	0.0	0.0	0.0	0.0	0.0	0.0	0.0	0.0	0.0	0	0.0
0.0	0.0	0.0	0.0	0.0	0.0	0.0	0.0	0.0	0.0	0	0.0
0.0	0.0	0.0	0.0	0.0	0.0	0.0	0.0	0.0	0.0	0	0.0
0.0	0.0	0.0	0.0	0.0	0.0	0.0	0.0	0.0	0.0	0	0.0
0.0	0.0	0.0	0.0	0.0	0.0	0.0	0.0	0.0	0.0	0	0.0
0.0	0.0	0.0	0.0	0.0	0.0	0.0	0.0	0.0	0.0	0	0.0
0.0	0.0	0.0	0.0	0.0	0.0	0.0	0.0	0.0	0.0	0	0.0
0.0	0.0	0.0	0.0	0.0	0.0	0.0	0.0	0.0	0.0	0	0.0
0.0	0.0	0.0	0.0	0.0	0.0	0.0	0.0	0.0	0.0	0	0.0
0.0	0.0	0.0	0.0	0.0	0.0	0.0	0.0	0.0	0.0	0	0.0
0.0	0.0	0.0	0.0	0.0	0.0	0.0	0.0	0.0	0.0	0	0.0
0.0	0.0	0.0	0.0	0.0	0.0	0.0	0.0	0.0	0.0	0	0.0
0.0	0.0	0.0	0.0	0.0	0.0	0.0	0.0	0.0	0.0	0	0.0
0.0	0.0	0.0	0.0	0.0	0.0	0.0	0.0	0.0	0.0	0	0.0
0.0	0.0	0.0	0.0	0.0	0.0	0.0	0.0	0.0	0.0	0	0.0
0.0	0.0	0.0	0.0	0.0	0.0	0.0	0.0	0.0	0.0	0	0.0
0.0	0.0	0.0	0.0	0.0	0.0	0.0	0.0	0.0	0.0	0	0.0
0.0	0.0	0.0	0.0	0.0	0.0	0.0	0.0	0.0	0.0	0	0.0
0.0	0.0	0.0	0.0	0.0	0.0	0.0	0.0	0.0	0.0	0	0.0
0.0	0.0	0.0	0.0	0.0	0.0	0.0	0.0	0.0	0.0	0	0.0
0.0	0.0	0.0	0.0	0.0	0.0	0.0	0.0	0.0	0.0	0	0.0
0.0	0.0	0.0	0.0	0.0	0.0	0.0	0.0	0.0	0.0	0	0.0
0.0	0.0	0.0	0.0	0.0	0.0	0.0	0.0	0.0	0.0	0	0.0
0.0	0.0	0.0	0.0	0.0	0.0	0.0	0.0	0.0	0.0	0	0.0
0.0	0.0	0.0	0.0	0.0	0.0	0.0	0.0	0.0	0.0	0	0.0
0.0	0.0	0.0	0.0	0.0	0.0	0.0	0.0	0.0	0.0	0	0.0
0.0	0.0	0.0	0.0	0.0	0.0	0.0	0.0	0.0	0.0	0	0.0
0.0	0.0	0.0	0.0	0.0	0.0	0.0	0.0	0.0	0.0	0	0.0
0.0	0.0	0.0	0.0	0.0	0.0	0.0	0.0	0.0	0.0	0	0.0
0.0	0.0	0.0	0.0	0.0	0.0	0.0	0.0	0.0	0.0	0	0.0
0.0	0.0	0.0	0.0	0.0	0.0	0.0	0.0	0.0	0.0	0	0.0
0.0	0.0	0.0	0.0	0.0	0.0	0.0	0.0	0.0	0.0	0	0.0
0.0	0.0	0.0	0.0	0.0	0.0	0.0	0.0	0.0	0.0	0	0.0
0.0	0.0	0.0	0.0	0.0	0.0	0.0	0.0	0.0	0.0	0	0.0
0.0	0.0	0.0	0.0	0.0	0.0	0.0	0.0	0.0	0.0	0	0.0
0.0	0.0	0.0	0.0	0.0	0.0	0.0	0.0	0.0	0.0	0	0.0
0.0	0.0	0.0	0.0	0.0	0.0	0.0	0.0	0.0	0.0	0	0.0
0.0	0.0	0.0	0.0	0.0	0.0	0.0	0.0	0.0	0.0	0	0.0
0.0	0.0	0.0	0.0	0.0	0.0	0.0	0.0	0.0	0.0	0	0.0
0.0	0.0	0.0	0.0	0.0	0.0	0.0	0.0	0.0	0.0	0	0.0
0.0	0.0	0.0	0.0	0.0	0.0	0.0	0.0	0.0	0.0	0	0.0
0.0	0.0	0.0	0.0	0.0	0.0	0.0	0.0	0.0	0.0	0	0.0
0.0	0.0	0.0	0.0	0.0	0.0	0.0	0.0	0.0	0.0	0	0.0
0.0	0.0	0.0	0.0	0.0	0.0	0.0	0.0	0.0	0.0	0	0.0
0.0	0.0	0.0	0.0	0.0	0.0	0.0	0.0	0.0	0.0	0	0.0
0.0	0.0	0.0	0.0	0.0	0.0	0.0	0.0	0.0	0.0	0	0.0
0.0	0.0	0.0	0.0	0.0	0.0	0.0	0.0	0.0	0.0	0	0.0
0.0	0.0	0.0	0.0	0.0	0.0	0.0	0.0	0.0	0.0	0	0.0
0.0	0.0	0.0	0.0	0.0	0.0	0.0	0.0	0.0	0.0	0	0.0
0.0	0.0	0.0	0.0	0.0	0.0	0.0	0.0	0.0	0.0	0	0.0
0.0	0.0	0.0	0.0	0.0	0.0	0.0	0.0	0.0	0.0	0	0.0
0.0	0.0	0.0	0.0	0.0	0.0	0.0	0.0	0.0	0.0	0	0.0
0.0	0.0	0.0	0.0	0.0	0.0	0.0	0.0	0.0	0.0	0	0.0
0.0	0.0	0.0	0.0	0.0	0.0	0.0	0.0	0.0	0.0	0	0.0
0.0	0.0	0.0	0.0	0.0	0.0	0.0	0.0	0.0	0.0	0	0.0
0.0	0.0	0.0	0.0	0.0	0.0	0.0	0.0	0.0	0.0	0	0.0
0.0	0.0	0.0	0.0	0.0	0.0	0.0	0.0	0.0	0.0	0	0.0
0.0	0.0	0.0	0.0	0.0	0.0	0.0	0.0	0.0	0.0	0	0.0
0.0	0.0	0.0	0.0	0.0	0.0	0.0	0.0	0.0	0.0	0	0.0
0.0	0.0	0.0	0.0	0.0	0.0	0.0	0.0	0.0	0.0	0	0.0
0.0	0.0	0.0	0.0	0.0	0.0	0.0	0.0	0.0	0.0	0	0.0
0.0	0.0	0.0	0.0	0.0	0.0	0.0	0.0	0.0	0.0	0	0.0
0.0	0.0	0.0	0.0	0.0	0.0	0.0	0.0	0.0	0.0	0	0.0
0.0	0.0	0.0	0.0	0.0	0.0	0.0	0.0	0.0	0.0	0	0.0
0.0	0.0	0.0	0.0	0.0	0.0	0.0	0.0	0.0	0.0	0	0.0
0.0	0.0	0.0	0.0	0.0	0.0	0.0	0.0	0.0	0.0	0	0.0
0.0	0.0	0.0	0.0	0.0	0.0	0.0	0.0	0.0	0.0	0	0.0
0.0	0.0	0.0	0.0	0.0	0.0	0.0	0.0	0.0	0.0	0	0.0
0.0	0.0	0.0	0.0	0.0	0.0	0.0	0.0	0.0	0.0	0	0.0
0.0	0.0	0.0	0.0	0.0	0.0	0.0	0.0	0.0	0.0	0	0.0
0.0	0.0	0.0	0.0	0.0	0.0	0.0	0.0	0.0	0.0	0	0.0
0.0	0.0	0.0	0.0	0.0	0.0	0.0	0.0	0.0	0.0	0	0.0
0.0	0.0	0.0	0.0	0.0	0.0	0.0	0.0	0.0	0.0	0	0.0
0.0	0.0	0.0	0.0	0.0	0.0	0.0	0.0	0.0	0.0	0	0.0
0.0	0.0	0.0	0.0	0.0	0.0	0.0	0.0	0.0	0.0	0	0.0
0.0	0.0	0.0	0.0	0.0	0.0	0.0	0.0	0.0	0.0	0	0.0
0.0	0.0	0.0	0.0	0.0	0.0	0.0	0.0	0.0	0.0	0	0.0
0.0	0.0	0.0	0.0	0.0	0.0	0.0	0.0	0.0	0.0	0	0.0
0.0	0.0	0.0	0.0	0.0	0.0	0.0	0.0	0.0	0.0	0	0.0
0.0	0.0	0.0	0.0	0.0	0.0	0.0	0.0	0.0	0.0	0	0.0
0.0	0.0	0.0	0.0	0.0	0.0	0.0	0.0	0.0	0.0	0	0.0
0.0	0.0	0.0	0.0	0.0	0.0	0.0	0.0	0.0	0.0	0	0.0
0.0	0.0	0.0	0.0	0.0	0.0	0.0	0.0	0.0	0.0	0	0.0
0.0	0.0	0.0	0.0	0.0	0.0	0.0	0.0	0.0	0.0	0	0.0
0.0	0.0	0.0	0.0	0.0	0.0	0.0	0.0	0.0	0.0	0	0.0
0.0	0.0	0.0	0.0	0.0	0.0	0.0	0.0	0.0	0.0	0	0.0
0.0	0.0	0.0	0.0	0.0	0.0	0.0	0.0	0.0	0.0	0	0.0
0.0	0.0	0.0	0.0	0.0	0.0	0.0	0.0	0.0	0.0	0	0.0
0.0	0.0	0.0	0.0	0.0	0.0	0.0	0.0	0.0	0.0	0	0.0
0.0	0.0	0.0	0.0	0.0	0.0	0.0	0.0	0.0	0.0	0	0.0
0.0	0.0	0.0	0.0	0.0	0.0	0.0	0.0	0.0	0.0	0	0.0
0.0	0.0	0.0	0.0	0.0	0.0	0.0	0.0	0.0	0.0	0	0.0
0.0	0.0	0.0	0.0	0.0	0.0	0.0	0.0	0.0	0.0	0	0.0
0.0	0.0	0.0	0.0	0.0	0.0	0.0	0.0	0.0	0.0	0	0.0
0.0	0.0	0.0	0.0	0.0	0.0	0.0	0.0	0.0	0.0	0	0.0
0.0	0.0	0.0	0.0	0.0	0.0	0.0	0.0	0.0	0.0	0	0.0
0.0	0.0	0.0	0.0	0.0	0.0	0.0	0.0	0.0	0.0	0	0.0
0.0	0.0	0.0	0.0	0.0	0.0	0.0	0.0	0.0	0.0	0	0.0
0.0	0.0	0.0	0.0	0.0	0.0	0.0	0.0	0.0	0.0	0	0.0
0.0	0.0	0.0	0.0	0.0	0.0	0.0	0.0	0.0	0.0	0	0.0
0.0	0.0	0.0	0.0	0.0	0.0	0.0	0.0	0.0	0.0	0	0.0
0.0	0.0	0.0	0.0	0.0	0.0	0.0	0.0	0.0	0.0	0	0.0
0.0	0.0	0.0	0.0	0.0	0.0	0.0	0.0	0.0	0.0	0	0.0
0.0	0.0	0.0	0.0	0.0	0.0	0.0	0.0	0.0	0.0	0	0.0
0.0	0.0	0.0	0.0	0.0	0.0	0.0	0.0	0.0	0.0	0	0.0
0.0	0.0	0.0	0.0	0.0	0.0	0.0	0.0	0.0	0.0	0	0.0
0.0	0.0	0.0	0.0	0.0	0.0	0.0	0.0	0.0	0.0	0	0.0
0.0	0.0	0.0	0.0	0.0	0.0	0.0	0.0	0.0	0.0	0	0.0
0.0	0.0	0.0	0.0	0.0	0.0	0.0	0.0	0.0	0.0	0	0.0
0.0	0.0	0.0	0.0	0.0	0.0	0.0	0.0	0.0	0.0	0	0.0
0.0	0.0	0.0	0.0	0.0	0.0	0.0	0.0	0.0	0.0	0	0.0
0.0	0.0	0.0	0.0	0.0	0.0	0.0	0.0	0.0	0.0	0	0.0
0.0	0.0	0.0	0.0	0.0	0.0	0.0	0.0	0.0	0.0	0	0.0
0.0	0.0	0.0	0.0	0.0	0.0	0.0	0.0	0.0	0.0	0	0.0
0.0	0.0	0.0	0.0	0.0	0.0	0.0	0.0	0.0	0.0	0	0.0
0.0	0.0	0.0	0.0	0.0	0.0	0.0	0.0	0.0	0.0	0	0.0
0.0	0.0	0.0	0.0	0.0	0.0	0.0	0.0	0.0	0.0	0	0.0
0.0	0.0	0.0	0.0	0.0	0.0	0.0	0.0	0.0	0.0	0	0.0
0.0	0.0	0.0	0.0	0.0	0.0	0.0	0.0	0.0	0.0	0	0.0
0.0	0.0	0.0	0.0	0.0	0.0	0.0	0.0	0.0	0.0	0	0.0
0.0	0.0	0.0	0.0	0.0	0.0	0.0	0.0	0.0	0.0	0	0.0
0.0	0.0	0.0	0.0	0.0	0.0	0.0	0.0	311.76698556834765	0.0	0	0.0
0.0	0.0073974996805191	211.50286190703056	838.0418969941347	153.3087990278577	224.707182320442	226.09827980997625	256.9263661178634	632.36952	4.474011065986226e-05	0	0.3727632012295532
0.0	0.0	5.583017348170517	19.15666573620677	3.5040593025323616	6.12986060437842	6.2105394411838	5.832856146978794	610.7888	0.0003409475361753	0	0.36504
0.0	0.0	3.344864919622547	10.47569478725774	2.214451345217071	2.79309835519313	3.6659632576269936	3.411187297004691	453.64024	0.0001582563352891	0	0.36772
0.0	0.0	2.6836593030805083	8.744191008018328	1.7753800252133392	3.166492432767609	3.4514909724575245	2.892315320162965	502.301	0.0005076573307439	0	0.37284
0.0	0.0	2.676406699996237	10.361692080823293	1.8451860952209824	2.3507498426311435	2.681258529188779	2.6122754780456683	549.08432	0.0002245986716821	0	0.35784
0.0	0.0	2.9703792730130387	12.217690399484534	1.682795905753364	2.804274982794737	3.342178244917856	2.985479927613841	587.19896	0.0003137519836425	0	0.36468
0.0	0.0	3.00988112815635	10.85328625	1.8854985368827808	2.9866167513721007	3.4095434300355976	3.012412803264798	476.7924	0.0002511359977722	0	0.36144
0.0	0.0	2.5115428255949594	7.30951563324483	1.8946649106915616	2.121816637447167	2.658158616729408	2.535783920901675	318.41684	0.0002509480094909	0	0.36408
0.0	0.0	2.083866425195044	7.094672952087789	1.443875008453986	2.086466487279844	2.1873944583184683	2.212771873942724	267.558	5.542839265921537e-05	0	0.35964
0.0	0.0	2.7469496818671746	8.17847755595117	2.1361268751858367	2.8731798253630307	2.678981463664936	3.20410441980432	261.14076	0.0005305195977582	0	0.36924
0.0	0.0	1.5460660468986995	4.3220696937698	1.0409857405499556	1.7083064716092238	1.6177586138060445	1.474180111826821	282.34028	5.927403914796956e-05	0	0.36564
0.0	0.0	1.5390817638590444	4.8924615792262856	1.258629926531841	1.363088973907998	1.3896710643432166	1.4977638403422089	293.58108	0.0002336419440521	0	0.36652
0.0	0.0	1.6961372295909836	4.83724560686555	1.0808105169012518	1.4538778326646435	1.6592282083445804	1.5911789455949703	298.02068	0.0	0	0.36052
0.0	0.0	1.5649839384329718	4.66551123922062	1.004036363876808	1.4680254563999726	1.5452689451234252	1.4059143448283178	280.59616	0.0003469047205632	0	0.36764
0.0	0.0295899987220764	1.373538919846773	4.282544314153259	1.0617235895813504	1.3502325597363884	1.4614814720314206	1.3832779499754475	255.78052	0.0006364872462565	0	0.37264
0.0	0.0	1.4699879928655488	4.93386418795705	1.157702524946015	1.4129933863316109	1.430657632398003	1.4577832058773792	256.842	0.000279478550378	0	0.36056
0.0	0.0278210964017701	1.0850462699709726	3.5790351421266813	1.207410722682006	1.1621259782691284	1.241258591590199	1.5589060684600946	296.02132	0.0042630132671664	1	0.4602
0.0	0.0	1.353448888532372	3.792707152061856	1.117569572098767	1.458264232017787	1.314643413414525	1.4840260930794882	329.71936	0.003939801954329	0	0.40848
0.0	0.0	1.4839101532191432	3.686592257444045	1.1983069019544823	1.3341479363483162	1.3035986172997382	1.5084868102919775	324.72008	0.0029731192977025	0	0.39844
0.0	0.0	1.4290991756130969	5.091461371603917	1.030780916011241	1.3848898753109633	1.5103272378992925	1.8150888818226223	360.96384	0.0027192822541296	0	0.39116
0.0	0.0	1.3767358824537026	3.154278048468673	1.3283305377814787	1.6162673320856729	1.692717974227044	2.0401463270396496	425.8828	0.0072798891557665	1	0.46792
0.1448	0.0	1.7960178302066363	6.241296884802104	1.447929540161225	1.6115680114793471	3.323297239122317	3.4915204632162333	450.19992	0.007086026086965	0	0.4514
0.7510052631578948	0.2213699696285717	11.668435293522204	3.4613900858844784	12.93190999981877	1.7821924249020458	3.866985454067234	4.104896842518479	457.09908	0.0089791849888247	5	0.40504
0.2025947368421052	0.0569941435483636	1.7596003554051909	3.620224661176844	1.420027020959144	2.265800543839372	1.9279498613104584	1.834004187913487	537.56416	0.0056858451757711	0	0.38388
0.1744342105263158	0.0	1.539670025250668	3.2413928405864287	1.290995910824715	2.862134582468114	1.4981945904761391	1.6276406456100367	544.1386	0.0086113791695412	0	0.4474
0.1267013157894736	0.0195994037666068	1.2910041390907323	3.527145512553752	1.2934175559403056	1.669902544968536	1.4758835382140232	1.530119466247576	540.88312	0.0051812829848072	0	0.41696
0.104653947368421	0.0164433333608839	1.277115435247626	3.050958798753031	1.4919000820321775	1.788150031670101	1.3998006644518273	1.6821577148680584	670.10484	0.0100700729071918	4	0.487
0.1109407894736842	0.0264207124710083	1.3905351758678184	2.7790029850477063	1.2908343913216784	1.8172809242850705	1.3790165988098966	1.5356433931173483	622.53084	0.0065821797959769	1	0.41708
0.0136697368421052	0.0	1.4247528583067133	2.967864212475078	1.3466506925279471	1.4806511477849216	1.3847808525861471	1.4098430448479875	439.19832	0.004182472464337	0	0.39148
0.0736	0.0	1.5376271854541756	3.1209762552338614	1.327495180129099	1.8181591385693607	1.5288558746577692	1.528846658944552	435.92184	0.0044522044142028	1	0.38092
0.0591	0.0	1.665335189991085	3.0586965891206424	1.572270038848807	2.0697998983680947	1.560584547469149	1.530483984691533	531.74172	0.0056404060146387	0	0.39272
0.1662776315789473	0.0	1.4252125185698477	2.98690182860032	1.429088153667415	1.99069233032182	1.4361860106330682	1.890974563404271	558.10164	0.0078347432614775	0	0.43612
0.1171118421052631	0.0	1.3698813515057229	3.0034134833499686	1.4860802390057664	1.4666717938857912	1.56769677306184	1.6456985712301275	548.87776	0.0074652559487609	0	0.45228
0.2158434210526315	0.0	1.5259201842789012	3.27155229154978	1.4898914522235045	1.8086987796307403	1.339598316623667	1.5045258567102129	505.13892	0.0066988128046428	1	0.41372
0.0912671052631579	0.0117525341107904	1.548160177858877	2.824673073012521	1.4658697253168838	1.5659697506952197	1.4643632071852966	1.6896458494438598	475.7592	0.0043707457558021	0	0.39312
0.1768881578947368	0.0	1.462524878387775	2.7685587619604046	1.357909899044723	1.9368550195667145	1.569305171943531	1.5315384537360306	533.42244	0.0051304291364199	0	0.40668
0.1655065789473684	0.0	1.467954544536347	2.920078070132857	1.5267029277725717	2.43278293463116	1.5284087422418349	1.6347857849819791	551.09876	0.0068197653026791	0	0.43816
0.1034276315789473	0.0	1.3348681242563691	2.9991142776249458	1.6544978648367292	1.7665131218812626	1.5018899555418337	1.5741574535373786	456.95784	0.0062010606769603	0	0.40988
0.1435565789473684	0.0	1.4010079314242652	2.8376305753692628	1.41302722074776	2.118520988188882	1.4685419354248246	1.6830106681542156	449.70236	0.0065234986178664	0	0.4488
0.2105052631578947	0.0	1.4524954677803446	3.135563371242266	1.718820328751668	2.4325149631441283	1.529113199266972	1.5637687151788795	556.7822	0.0081904555861388	0	0.43728
0.3290263157894736	0.0	1.5311173678430017	3.0078649408672606	1.5826455208142591	2.387706374809508	1.4660309818342634	1.6633041624506633	520.4566	0.0077797726379948	0	0.43312
0.1464210526315789	0.0	1.5552311480776666	2.870784272362787	1.3732075586850387	2.192322388750056	1.5870497511990138	1.5748466141930348	470.94076	0.0040886282955373	0	0.3862
0.1871947368421052	0.0	1.4906181576488955	2.88572051180454	1.3487820826202952	2.1480377500121763	1.5003174045280172	1.5843836124119808	544.24312	0.0084222059645372	0	0.45836
0.179328947368421	0.0041100000341733	1.5424259677913918	3.005775025617283	1.5036159368864417	2.524051925256422	1.7139125117245275	1.786561893965989	546.61668	0.0083809942666046	1	0.44388
0.1653052631578947	0.0	1.6822842482651772	3.580324344167216	1.5719075551352757	2.4869349096293374	1.489915704418423	1.7304853061713512	477.75968	0.006094282529617	0	0.40628
0.1449684210526315	0.0	1.366289456480133	3.194390755602917	1.6064245793695089	3.120554469008595	1.7096288554188446	1.6592437938441824	522.44344	0.0058960735376091	0	0.42084
0.2754710526315789	0.0	1.846767778724319	3.536255685335969	1.7026791295430144	3.146312481737372	1.7390359733081229	2.330881531570166	629.004	0.0091548613122631	2	0.44548
0.3290592105263158	0.0	1.8611968550612827	3.6748267998696926	2.2696135155456725	2.34662585592124	4.57920008339704	10.014008440180422	658.57876	0.0067581143750513	1	0.45252
0.2020171052631578	0.0192803583238334	2.1775103345858104	3.556630902037535	2.339086764151337	2.0225831670575607	7.672664333439389	6.660436222450611	627.28072	0.0052110436770144	0	0.43384
0.3884886842105263	0.0284552245568006	2.8318395124849007	3.9029848744102096	3.7860390840632983	1.893809706498331	8.394745486459378	8.847668609886725	666.56104	0.0094681918732208	0	0.46352
0.4244560526315789	0.0295899987220764	3.8506797093814913	3.86137250602938	3.8306439450139615	2.0189476578961085	9.14485064102564	9.470288604006958	711.53788	0.0062872585688794	1	0.45456
0.58218	0.0	11.602809662863065	3.965778506813051	10.677169853128984	2.107408636666465	7.464849870594875	8.022160280386226	656.2622	0.0041925954835204	0	0.4062
1.07832	0.0149442583827649	20.861506816499173	4.356599139565168	22.69075811479919	1.8339560463638556	4.322568500239968	5.082608414350772	692.46204	0.0055493633585291	0	0.42448
0.3697065789473684	0.0179372729677142	3.6874929875283593	4.210829289186726	4.900779869852687	1.9947827096834136	2.725336182753692	2.6130865933571448	786.18284	0.0075501324861891	0	0.44896
0.9488713157894736	5.377174856582127	15.156085034584589	5.212251165030957	41.68073666993086	2.378753432887058	4.383910750079123	7.95411804373114	691.57308	0.0102371599549581	1	0.4828
0.9529497368421052	17.826537020987715	10.37049282158454	8.704561577004219	19.68675562396714	1.9783051071618352	7.665404164895877	9.576004061748598	574.23752	0.0050332016245231	1	0.42252
0.2475513157894736	0.0168168187141418	2.046797072150444	4.163281090071648	2.4835925422781187	2.193715804809968	3.036467891525902	2.559907252330974	663.86524	0.0085289768322951	1	0.43704
0.1641868421052631	0.0097094389108511	2.1239263979809984	7.052267857142857	1.7840657891916218	2.020370815717865	3.086070815603526	1.8055342659792968	649.276	0.0034862413271911	0	0.36916
0.263328947368421	0.0340437230310942	1.7394477247373337	3.971013618879301	1.696009318673805	1.646566569113967	2.6764239457584247	2.093986837011227	571.45956	0.0048171716960913	0	0.3758
0.278225	0.0	3.388262990828207	3.543083589950363	2.063894166161277	2.198326630132261	3.4867624726841733	2.149812373560407	581.29716	0.0109278529555832	1	0.4134
0.2063434210526316	0.0	2.289082967187896	3.130172487154855	1.705427836927241	2.720551306997736	1.47415420494058	1.799060874858871	450.17436	0.0049885629415687	0	0.39796
0.1296668421052631	0.0	1.5402415692702296	3.053428804347826	1.445075798031919	1.776861180990715	1.2842927366643253	1.4058793296089385	406.02076	0.0029979806831829	0	0.3702
0.1133121052631579	0.0	1.749792248549591	3.193870006114961	1.5536243331304065	2.518398916116871	1.5504521442427328	1.76273704097296	457.84536	0.0057947350019041	1	0.3692
0.1109407894736842	0.0	1.4234575050630365	2.725604796038577	1.700200939373427	2.3186826890822627	1.5201696152573885	1.8333154713282145	568.82372	0.0072692722520582	0	0.44456
0.186553947368421	0.0	1.4165812078121294	3.01787750385208	1.7108390942611007	2.977860759493671	1.6292757930112614	1.8237580793078367	652.86028	0.0065643428417514	0	0.43768
0.1904368421052631	0.0	1.4194277047843256	2.310071942446043	1.411284734302187	3.1710992917780594	1.4212397494369635	1.7123010522297544	654.08248	0.0105442109260839	2	0.48248
0.1883	0.0	1.408926215101278	2.817810609895122	1.398943911931919	3.450339842041625	1.5800240148569138	1.8488385408075936	694.49996	0.0099356510091529	1	0.4626
0.11305	0.0	1.5850526484764509	2.38794891452327	1.4699347216593135	2.9177285961853103	1.4581293832004107	1.8301916827778544	641.57564	0.0084330353070006	1	0.46744
0.1489052631578947	0.0259573668764348	1.434067617506399	2.9271418057280245	1.472308558156931	2.809010518477148	1.5171964239479738	1.6560599236427451	546.47712	0.0085725932032395	1	0.43948
0.1960605263157894	0.0	1.3707721930768704	2.450754412392481	1.5011618870320005	2.8130900087119994	1.388159417501591	1.812078146279	526.42148	0.0093044441675263	2	0.43844
0.2274315789473684	0.0	1.3920756022451806	2.597675025265728	1.5401517059646104	2.5702892825841626	1.505268299743098	1.6205121815554	679.7458	0.0091946707082495	2	0.48596
0.0735013157894736	0.0	1.2938803590167112	2.3507855774048148	1.5100922204158866	3.3904580423208226	1.454133074167017	1.8799313269557076	685.9592	0.0109459839404681	0	0.5004
0.1053197368421052	0.0	1.4201330990667056	2.55425512769372	1.611860837974297	2.898182880501618	1.4959169986981735	1.8828674866098	561.556	0.0079819850521227	0	0.47756
0.2511368421052631	0.0	1.5073311404166996	2.63301455193938	1.7541688463832985	3.593847344873838	1.573816193271446	1.938905171689531	590.74164	0.0079762075079539	0	0.44804
0.5839105263157894	0.0	3.991682158085955	3.3470417184270778	3.7096134765086792	3.422734406830702	1.5268228806957251	2.388169103121296	638.19968	0.0152768791697305	0	0.49372
0.2136434210526316	0.0	1.469496699853398	2.556956277071861	1.4671293951856523	2.7903137738174237	1.4555557465829965	1.5808834928147617	556.41564	0.0095108264110018	0	0.49496
0.1007723684210526	0.0	1.4724363220346004	3.276739608407083	1.5357938350017346	2.156049617495786	1.5892768824677748	1.8207977553036243	464.65636	0.0055482955968905	0	0.42128
0.1327223684210526	0.0	1.5628793306782165	3.2257194199182133	1.5798509618629433	2.21638590111503	1.499470350753732	1.7131230049051742	436.90012	0.0046467644802437	0	0.38564
0.2369471052631578	0.0	7.1186856869026585	3.193329428843793	3.1808287669282467	3.773354590497284	3.895067214984276	3.654008992307221	387.73796	0.0068431444792186	0	0.42944
0.4174160526315789	0.0348683828835958	7.6049151365957295	3.2422006186027663	11.203522230082427	4.425354375058672	3.279634634297493	3.625801091944641	427.76288	0.0068995086610667	3	0.45252
0.1437171052631579	0.0	1.424708434724177	2.654241649771381	1.5873318604749855	3.126971594748625	1.364410791947502	1.72425256444815	485.00552	0.0070790330289041	0	0.44056
0.3296592105263158	0.0	1.4555898480336424	2.7619650747283235	1.580117813074979	3.4288549365148366	1.5563766632868874	2.147050701816589	563.66196	0.0096803751345066	0	0.46752
0.1976802631578947	0.0	1.4353929578863402	2.492981490745373	1.4991368611604348	3.4224807422467856	1.661589768299556	1.987813515432068	659.88144	0.0098124533929369	0	0.47572
0.2156342105263157	0.0	1.3565222873888567	2.0963131237238244	1.5642370061872477	3.128707410750633	1.5742821762357244	1.8627668587025503	589.31552	0.0101781843479591	0	0.49684
0.1067973684210526	0.0085803326477304	1.5009255522282512	3.33525017783125	1.389928246988791	1.571501724375776	1.373098441190275	1.5756387264522924	472.7964	0.0037710343604403	0	0.37716
0.111078947368421	0.0	1.3788433261288533	2.348668292901889	1.6066152244547882	3.052365037852719	1.270159849626396	1.6401489131365998	515.68624	0.008424287901433	0	0.45492
0.198438947368421	0.0	1.2303319955613028	2.197268277624237	1.5013578636918543	2.9937122548088664	1.4788563078153218	1.7144679188175354	703.9862	0.012914222633488	0	0.5316
0.1920171052631579	0.0	1.4485030749064989	2.450265648488056	1.6257650868222475	2.847900238674439	1.464365940460095	1.875147636145432	859.36376	0.0131814916319356	0	0.53064
0.167265	0.0	1.4814773133614971	2.902979922507925	1.462202586512403	2.470056617608595	1.5343424217800912	1.6296428449577791	689.82928	0.0103482642560496	1	0.49164
0.1903965789473684	0.0108862078877346	1.6462993250378286	3.2655668898356667	1.3937867614191983	2.1816485450709675	1.3531995023637722	1.766419656948633	469.67384	0.0057527281572538	0	0.40888
0.1859613157894737	0.0	1.4242125759420774	2.223157655910154	1.4581167731551263	3.3304376240754725	1.3164860802165128	1.7695931725909355	572.46788	0.012846140523658	0	0.5096
0.2197907894736842	0.0	1.517841859628784	2.493067329569056	1.4837357295198264	2.868308064747758	1.4454116079148291	1.9423763755397687	642.89916	0.0261884880746813	3	0.57932
0.2117907894736842	0.0148000001907348	1.308812062131988	2.352523335314115	1.5874089987203726	3.0148789358019408	1.5011429135263337	1.8079541380630768	610.29948	0.0121805249178409	0	0.48628
0.1450328947368421	0.0	1.4699283483381371	2.710130744812992	1.8522002236381796	4.16721049629207	1.4349787605386484	1.8917589627243292	572.15792	0.0088099599425932	0	0.49072
0.7416276315789473	0.3442852689381975	9.47668501144504	3.3370357178436376	4.93105359581859	3.279552449418584	2.1958387107485584	3.996632722076685	467.2942	0.0122164279250537	1	0.45708
0.70111	0.2740617893787302	2.792329379935814	3.1588509524566755	7.61734030757307	2.0510780878548265	3.6479890352731386	3.442925247584373	372.15792	0.0141735652842591	0	0.51652
0.4138594736842105	0.0	2.6685000695605803	3.3492439988969864	2.541742387952564	2.4118708322394333	1.7393365350085468	2.028336479212232	344.40048	0.0055727583760724	0	0.46008
0.9647397368421052	0.0834000226945588	7.196025996153806	2.587574608835319	7.872875648059556	2.0949334713952887	2.940894184319128	4.717913822925453	449.56544	0.0206347995111521	1	0.5574
0.9083223684210526	0.0	3.3385064909830238	4.405180987934138	8.587270902416172	1.9716846367923744	2.7737319335105592	3.3777708486981526	538.32168	0.0138426026807111	0	0.49872
0.4712118421052632	0.0221927662679389	6.0013487126063705	2.779686899331884	4.786873427039368	4.879398877870564	2.30649699171683	3.0831745243779407	511.45796	0.0164227076620214	1	0.47648
0.3707907894736842	0.0157860005696614	1.9766077270411435	2.726828806332229	1.6640467815384132	5.705227124608967	1.351312874407147	2.067588357463655	497.40176	0.0114653634286628	0	0.50172
0.3644894736842105	0.0	1.780832766044455	2.701585829520035	1.765191452093287	5.463585262471471	1.815415580980295	2.260769805086134	550.3806	0.0166598028427362	0	0.52684
0.4790447368421052	0.0	2.276097592827748	3.004792887022533	4.319757043931636	3.995673353993367	1.9102482668908736	2.434970044794501	487.85564	0.0123412284602487	0	0.50064
0.4681644736842105	0.4316228608861393	5.307664289874098	2.947970884749556	9.202752476184411	3.897589933715313	5.008164025379395	3.188540715389908	383.097	0.0154344184239471	1	0.4898
0.8777013157894736	0.0	5.157049169106047	2.841792237420709	2.3680012390567966	4.845166781292985	1.5411610722608349	2.486158022216654	374.2206	0.0224421549650851	0	0.49804
0.5938868421052631	0.0	2.595147314704403	3.050424881193244	1.8391828929374587	4.219776649375985	1.6092246358341176	2.09600049063701	363.91744	0.015560154936559	0	0.50044
0.7536789473684211	0.0	2.264737448407913	2.618277786450203	1.9666243422876268	2.350113936932232	1.801980888274536	3.0291728218131038	323.26092	0.0068158368138705	1	0.50636
0.3918552631578947	0.0074000000022351	2.193067566879741	3.2909045258145686	1.9111493534210124	3.415428688428305	1.7431313363189105	1.9009985176774844	318.66084	0.0053922028400792	2	0.45632
0.7068552631578948	0.0301511490032185	8.902923500940648	4.470841932510761	7.2233399048161475	1.79519069182658	4.74865631501958	3.330608642800705	365.95968	0.0084157213886169	1	0.4218
0.3291894736842105	0.0676119926871537	2.894377651895439	3.804290001936358	2.242657181159751	1.813457722103181	3.61801991660864	2.1709845491173154	386.12264	0.003718618653662	0	0.3496
0.533678947368421	0.4822640346171123	2.394528305998935	5.153471169183008	2.168678317269927	1.7991973522121794	6.788604792835273	2.329322806775101	398.11904	0.0031145277608843	0	0.34676
0.2474381578947368	0.4763672483022402	2.120002767925236	4.190569376496859	1.8262434828841576	1.6688288310673178	5.529351780185759	2.901328803327723	397.76	0.0030764312165011	1	0.3456
0.2585355263157894	0.0215005845227671	1.693524265060299	4.796221568334281	1.7368446185706063	3.053754924450037	3.060772713484849	2.6943733087629123	555.0718	0.0061053910443274	2	0.425
0.2901552631578947	0.0	1.5607818445732116	2.651776227311194	1.7552806227058004	5.106925181435429	1.4316621735762114	1.943811964946052	761.86516	0.0188941673108409	0	0.53016
0.3318836842105263	0.0	1.4939422317839763	2.7079928704421614	1.9941126132093332	4.783640743289745	1.6261324919703557	2.07358888216514	736.67496	0.0127345482636199	0	0.51188
0.2601778947368421	0.0204099984004579	1.4687006757026269	2.5450652724665788	1.8243856468944395	4.766700236966825	1.6752210466355133	2.310256598776515	665.73684	0.011185301726215	0	0.50764
0.1197831578947368	0.0	1.319196814272142	2.547381744318848	1.6239315155753091	4.266591554672238	1.4234201925933694	2.0660646793308155	673.40136	0.0096917881348553	0	0.485
0.1460710526315789	0.0	1.415021852752237	3.291715106547753	1.5983007350193097	2.756205348318414	1.5773703981259668	1.7933982536073387	565.67664	0.0086598848938153	0	0.46388
0.0585552631578947	0.0	1.6388793937517272	2.6923858716006666	1.3924134063981926	2.7801664026411426	1.3598674422377235	1.6080415798935996	482.27776	0.004147856422426	0	0.42384
0.2840486842105263	0.0	1.754825287655718	2.52019956686695	1.6022107367281584	4.241492351137368	1.4398312398120623	1.8984835857156976	568.44336	0.0202556750733361	2	0.50272
0.1025723684210526	0.0	1.5650565625783623	2.8933127446691085	1.5801137919389934	3.979708240197644	1.4300949850727356	1.7586851933282592	645.48168	0.0086150383662476	0	0.44296
0.1195644736842105	0.0	1.4375143173156175	2.7736309343731445	1.616829450396973	3.844080941406523	1.5766851682877816	1.8126150141886663	627.53996	0.0091990760844595	0	0.46632
0.1697618421052631	0.0	1.5122264292189478	2.484756724457606	1.637854443496282	3.1657879713647348	1.3871098679791225	1.7424335772044668	607.4974	0.0088171062347818	0	0.4604
0.1378328947368421	0.0	1.7200748989369616	2.5395252424659525	1.556876232153204	3.246412506856829	1.4654158017851129	1.82532174460068	626.08192	0.0099796026955632	0	0.47648
0.1374197368421052	0.0	1.372566709124596	2.680026201365271	1.5735555962773111	3.238231659527932	1.5723069984722358	1.7185289725432549	641.64264	0.0092007063829197	0	0.46708
0.1555810526315789	0.0	1.4752815644382125	2.470612801668857	1.600228891348734	3.987571322826152	1.4380753059185098	1.5516170223721135	629.7576	0.0115193676639304	0	0.48084
0.1561926315789473	0.0	1.417943269028456	2.552716355509101	1.5521466194580489	2.6070448097409886	1.4844704008494825	1.6267545603696754	509.09372	0.0070716914741957	0	0.46064
0.1228981578947368	0.0	1.4799078462098858	2.313080383424902	1.5711397065919548	2.812754565624396	1.4097006441834028	1.769859264874037	493.02148	0.0084067993303782	0	0.43772
0.1336571052631579	0.0	1.3649296735484495	2.630934672753661	1.7137587133362284	4.084423919172569	1.64707035717787	1.7652516304616412	557.82276	0.0109216026883966	0	0.47912
0.1266144736842105	0.0	1.3688004477497149	2.3909338170499383	1.4255329131261256	2.363064039661949	1.346169550423514	1.6714277479103226	484.23592	0.0097117971939549	0	0.49072
0.128203947368421	0.0	1.5042037648826303	2.4149147079701194	1.6147768805838365	2.5883539990757605	1.407715018539098	1.6649313691782814	449.259	0.008480468057429	0	0.42808
0.0757592105263157	0.0037185930127474	1.2706576877179403	2.428174586194153	1.5348050384452008	2.719636587091343	1.4428658061647712	1.9028144644456089	494.7834	0.0107947618874381	0	0.463
0.0984434210526315	0.0148000001907348	1.275592076505765	2.291379086081957	1.7753917924131777	3.722093076785364	1.372729643790614	1.7965555572224694	562.96256	0.0098430273991823	0	0.46784
0.1522013157894736	0.0	1.2972796209974615	2.4218867317066834	1.6118567326108215	2.932437258813384	1.3792200709026452	1.7815113190134768	576.77804	0.0098208116680734	0	0.49064
0.0831234210526315	0.0	1.4961955058876155	2.228817585367359	1.4362565787960977	2.2302957405762927	1.347807713693575	1.7999265742304733	530.55792	0.0067644816560254	0	0.45324
0.135795	0.0014230767981364	1.3381326865676446	2.6957391087165945	1.4991615976558497	2.642386778153912	1.5385309932273536	1.5936580022818685	478.5798	0.007194189053844	1	0.4372
0.2258671052631578	0.0	1.4207586948794593	2.4519781386952557	1.4375299027429402	2.9175977193538167	1.5124229456256266	1.9690461571868945	447.33812	0.0082066635535394	0	0.4476
0.2101710526315789	0.0036451726638037	1.5752559734663651	2.5204564414760044	1.516270303053744	3.194969749509513	1.396334412774016	2.0153080098710765	458.12144	0.0119049238069618	1	0.48
0.2207657894736842	0.0	1.5396296336977833	2.308096916225101	1.6930253649507323	3.5407397240482554	1.4860235318305055	1.9339485865934087	504.80336	0.0121585649787678	0	0.46588
0.0879092105263158	0.0	1.448131360314579	2.18079434242044	1.5438047071197805	3.515598743182966	1.4068027196798467	1.684028382390893	633.2642	0.0089795709591753	0	0.46488
0.1586749999999999	0.0	1.3103485963736814	2.460190639198357	1.46111510792296	2.586680961315108	1.3533867448363983	1.7013849109407249	613.6962	0.0079144275290475	0	0.4634
0.1704697368421052	0.0	1.4462213086588347	2.627306115490039	1.4511203306534035	1.8488951324707332	1.5932434747956326	1.4540408892861132	511.87568	0.0058627932229112	0	0.39108
0.165503947368421	0.0	1.475196940973546	2.409425258364592	1.422739414277465	2.3706862609982373	1.5107642795664051	1.783228803341949	555.18404	0.0106674031488509	0	0.4664
0.0878723684210526	0.0	1.7407084612957011	2.469804317689609	1.5982108418936072	2.3642380060147064	1.539797749143696	1.5909236742957484	576.52112	0.0062450856477197	0	0.411
0.1378671052631579	0.0	1.4913347790435605	2.1094373864241263	1.3965100596229152	2.3474254268025763	1.2627023407171782	1.5464133762029288	570.44112	0.0069816992945881	1	0.43848
0.2551223684210526	0.0	1.5620268317740185	2.8321308579668343	1.6128853876518738	2.43687491485547	1.518146532112166	1.8168991554045224	572.57796	0.0080362360838932	0	0.45472
0.2057802631578947	0.0	1.379884173541883	2.554570842408741	1.648290991858208	2.081436192116344	1.3646762687867569	1.8265524701419555	575.059	0.007686027429805	1	0.44548
0.1204434210526315	0.0	1.5845461132245364	2.4292972800456325	1.6628476964710242	2.6017740063449484	1.595976875157919	1.8426765799256508	502.29676	0.007743868424682	0	0.46384
0.1239276315789473	0.0	1.4480178006432949	2.292226823164919	1.6196204391500708	1.8687522058321715	1.4846828843869275	1.4258468324188087	468.14076	0.0050411570211368	1	0.39696
0.1608710526315789	0.0	1.3689533867332244	2.488304779425856	1.4226132315233535	1.9576101519811036	1.516361602269112	1.539864516361549	473.43984	0.0051583510241788	0	0.39088
0.1404473684210526	0.0	1.3674520699671162	2.5532858536255043	1.2627175881541564	1.9027563833243093	1.5291492336352934	1.7033932231822015	443.7774	0.0042066115523261	0	0.39804
0.1668465789473684	0.0	1.3996565816759206	2.7419611692430395	1.308012592939616	1.823250642391128	1.5416650727089922	1.6604846690232031	472.50468	0.0049036637880609	0	0.40276
0.1466428947368421	0.0	1.5819992974511954	2.911869250730648	1.592109253098596	1.894015879129754	1.469703311138289	1.6257883254912922	513.19904	0.0056970930983126	0	0.40724
0.1871223684210526	0.0	1.3485420435969104	2.524666252544784	1.5222446532194354	2.6550009948566062	1.4597079106377318	1.7575205289364135	555.86396	0.0075122785072642	0	0.44184
0.1828986842105263	0.0	1.8153033928834887	2.699030581565633	1.4759171931418895	3.0640044310973025	1.4430970172563526	1.6439972099511742	630.242	0.0078777751158791	0	0.4464
0.1805473684210526	0.0	1.349779623931349	2.0177054159112062	1.5840263835923043	2.4185752012367896	1.575725657269465	1.569206286387542	610.6974	0.0075233972341172	0	0.46296
0.1557552631578947	0.0	1.456982740959272	2.26938072563664	1.4421328621590617	2.746176669222064	1.3339686867812246	1.7112363332295386	588.74132	0.0094995842521155	1	0.4522
0.135235	0.0	1.427437186454575	2.4997532982945403	1.3038193877101971	2.652088033825077	1.4086353131483846	1.7521227534757546	579.27632	0.006591716115799	1	0.45072
0.0659413157894736	0.0	1.6270881067885283	2.791341324321152	1.3411160628485908	2.0370086675192094	1.5061140267031954	1.4873497124934658	456.71376	0.0038743742926243	0	0.37
0.2247526315789473	0.0	1.8734465376475384	2.640028204657632	1.4469943128762643	2.376688511988647	1.4178379909414447	1.7047630922693269	395.60464	0.0069408786200249	0	0.41924
0.1343157894736842	0.0	1.4922464426899014	2.3738389806242246	1.4332936973478323	2.62252374589187	1.333104009480545	1.7996116369871742	583.06852	0.0079132256061539	0	0.43212
0.1352092105263158	0.0	1.5200754999642638	2.450974249658577	1.5403401669365295	3.973342349771226	1.3946385889405528	1.7276793132612267	752.51912	0.0104835863909651	0	0.47884
0.0988434210526315	0.0	1.455347055043662	2.3422099013976703	1.6064778158540929	3.278994158764298	1.3564142433365316	1.5801217226485642	624.43616	0.0098811952129181	0	0.48088
0.0911723684210526	0.0	1.4563321746006823	2.3718855079433205	1.6199256884374258	4.303567623749513	1.265020279816311	1.8614106448334125	599.44184	0.0092059015340664	0	0.46124
0.324375	0.0402621087573823	1.8599377437769036	2.584704155011281	1.6093671343681764	4.426913987359165	1.6020470631195696	1.7160278638317656	587.69612	0.0181448293073738	2	0.50312
0.1187236842105263	0.0	1.4298046157611388	2.354519882159517	1.491883856461471	2.740570568310124	1.4565954850518603	1.6842498013219116	503.4974	0.0085778913914105	0	0.4558
0.1229394736842105	0.0242558991322751	1.427890513027207	2.3610542135852675	1.618060440022394	2.432596817602342	1.3720712355809848	1.6292539815780624	515.48224	0.0089525216733357	0	0.46576
0.16265	0.0	1.330876603424618	2.2890175456230657	1.5695378592781808	2.55043893947419	1.3646929035634976	1.7756571728573305	507.25788	0.0071794626708591	1	0.44956
0.1095657894736842	0.0	1.501649293868976	2.607470092973145	1.462445543181086	1.7033508545853766	1.3842218187340978	1.7120264083338863	466.43936	0.0057189534601744	0	0.39396
0.0964578947368421	0.0	1.4423804604056694	2.524578862480713	1.8002372057715512	1.8527334300919207	1.6833661070187689	1.8436250262557088	423.51928	0.0042359212248991	1	0.38888
0.158	0.0	1.2500633938902417	2.501849152953016	1.379675131511142	1.8300393112230773	1.5089234793579989	1.690057204659968	435.17996	0.008608070513606	0	0.46316
0.0764013157894736	0.0	1.415348653763889	2.812937513763928	1.4570359015619176	2.273002727852148	1.463337003108214	1.5915762600741972	467.08216	0.0058722613577807	0	0.42728
0.1434618421052631	0.0	1.2966999867889069	2.1197921667909294	1.4633692858887457	2.1767995217651213	1.335549069943744	1.5446154941594992	520.50124	0.0082673502378954	1	0.46652
0.1351881578947368	0.0	1.346813115854127	2.25927169682646	1.3559680101180749	3.162761520770132	1.2568655052717488	1.8874737320117128	477.63816	0.0068920483886494	0	0.44804
0.1223381578947368	0.0	1.391964514989606	2.2615331876457523	1.6002075765435764	2.7453857798016648	1.3350013047335734	1.838710082728633	479.583	0.0064291314361025	2	0.43728
0.1524605263157894	0.0	1.2503117718546406	2.2479554468374454	1.4984287991377825	2.6397384032881805	1.2970406123543463	1.6732902917888888	559.81932	0.0078914730124263	0	0.46828
0.1074236842105263	0.0	1.4329358102753658	2.4542098790441065	1.4035468523783594	1.9245538579696628	1.332887029288703	1.5027510020529866	507.2978	0.0058790192139849	1	0.42036
0.123725	0.0	1.4800266210414978	2.193888742850409	1.3100270438790689	2.46275851652242	1.4410657865609466	1.540067773253967	493.922	0.0068074816797761	0	0.43344
0.1347065789473684	0.0	1.493837693105304	2.2488469618616675	1.2948664997902912	1.945090317813461	1.508482770886253	1.4815787174173334	550.02148	0.0054536384144951	0	0.41892
0.1027236842105263	0.0	1.634782608695652	2.7039769579698083	1.4004175640645422	2.937369028227636	1.515618328625353	1.493194313112084	566.05812	0.0064688429219582	0	0.43488
0.1100763157894737	0.0	1.5956407820215426	2.5293925649706206	1.4771802364250817	2.240477317475786	1.2999906227013789	1.4513091264870202	491.87824	0.0061030672494278	0	0.3958
0.1697802631578947	0.0	1.3907494968059049	2.1567096477995675	1.5746978511377148	2.104632044110914	1.3594860319250768	1.5981636472564669	468.98308	0.0065996980496364	0	0.44348
0.0653776315789473	0.0	1.3425008897895656	2.39262492528012	1.4422587937237117	2.0828002883018395	1.6663244584296542	1.4451436747343622	570.30188	0.0056749767158487	1	0.40152
0.0907776315789473	0.0	1.489351260041894	2.2001812057553303	1.3991627150219297	1.9852578635022564	1.3232943755425424	1.5974140451840142	584.25644	0.0060812824662117	0	0.4408
0.1189671052631579	0.0	1.5090944235926067	3.328748966825976	1.432956899536903	1.6539419724007904	1.575594176527893	1.4445739189034543	475.35664	0.0040217986303918	0	0.37236
0.1145210526315789	0.0	1.5690162928438722	3.5070910239554705	1.450619903577499	1.8959451832052308	1.50214858232828	1.6639458074451547	461.9838	0.005941643040969	0	0.3956
0.1614184210526315	0.0	1.4610918848159276	2.606286427737151	1.6795516781942326	2.161282303213006	1.5117098889968883	1.8587835723942292	501.93828	0.0075020253560122	1	0.43548
0.0814618421052631	0.0	1.3774580409966146	2.506925374067763	1.3314519578353794	2.0066216615748496	1.3440767635476183	1.4641482897275464	503.58116	0.004412047199677	1	0.35952
0.1118828947368421	0.0	1.6449146470985183	2.911541009390887	1.6258140987146894	3.180190377362256	1.4503126518008806	1.810762922180563	584.92552	0.0074959680999377	1	0.44696
0.2094184210526315	0.0	1.4388134029039197	2.4007254888131526	1.5372072567048505	2.9701716694365268	1.559803891959369	1.6835015588073143	655.45892	0.0078072726981078	1	0.46108
0.1247157894736842	0.0	1.320947892351643	2.8000261820916874	1.2273263331497326	1.9031446398203755	1.5142432674889938	1.6753228756074423	645.5418	0.0061324756340244	0	0.4048
0.1999236842105263	0.0	1.6242303358402488	2.659878162723773	1.2818718112469218	2.8215590007808484	1.2614954894606454	1.7084054322898845	678.2638	0.0074312030214597	2	0.45824
0.1135894736842105	0.0	1.4482756677741082	2.501018266011817	1.4204130700229092	3.3228091354549925	1.398527505626964	1.7763398394151055	699.17652	0.0079924495492262	0	0.4454
0.1661236842105263	0.0	1.3326246646546906	2.3999679632938977	1.4029430172855242	2.782716530734036	1.4317718934957389	1.7593925233644858	678.63984	0.0088661996775514	0	0.46664
0.2116947368421052	0.0	1.4199988299646065	2.9673979496591847	1.4314666070273792	3.0841858984561514	1.442974219110685	1.7812189096491018	657.39984	0.0076402866490974	2	0.46244
0.1384921052631579	0.0	1.47424835739046	2.404663610532477	1.4847456265260262	2.344921924607031	1.76241675608038	1.4583944532356783	608.61524	0.0062192143919362	0	0.421
0.0896	0.0	1.4628529272693211	2.871511703054961	1.4549727189804225	2.201715664222072	1.5232101972344296	1.8533642259322551	532.40064	0.0057588356712811	0	0.38988
0.1481418421052631	0.0	1.5389673886691662	2.4840283322326284	1.7348190807780608	2.4407748184019376	1.3512589972936204	1.691439551462944	537.539	0.0068597868713385	0	0.45016
0.109723947368421	0.0	1.5586485959202052	2.1581990588869697	1.4834308469298738	2.43412361276899	1.4959488024630192	1.826032018066764	556.0998	0.0074766787343165	0	0.47752
0.1535473684210526	0.0	1.5838543442174953	2.4619808736137085	1.5100618757559177	3.092375446870008	1.5601093179376089	1.7119411558991715	584.705	0.0107271662181966	0	0.42896
0.1104815789473684	0.0	1.4616172584252054	2.49240089914106	1.815147619339151	3.765952041301542	1.4401258754890904	1.9695820080114623	646.299	0.0113986912751197	1	0.4754
0.1483984210526316	0.0	1.675036783860109	2.7602184629570523	1.6314832975615985	3.3761744599643406	1.71593212835871	1.5343990102877978	565.85444	0.0054061190619538	0	0.4134
0.2409094736842105	0.0	1.6191593330633	3.368117537084334	1.6838954306501777	3.5149255950980294	1.666909086842855	1.8283449687680435	456.09724	0.0062678724314535	0	0.42324
0.19925	0.0	1.602269462579296	3.360069723094068	1.860242873249756	5.534935783316379	1.5054045210997855	1.8997032761380803	421.9608	0.00810144689027	0	0.46152
0.5181684210526316	0.3406526619261978	8.164851813136266	5.3199360063978505	6.679802481184696	2.8669620991253644	8.554549442789646	4.351926754258422	443.97988	0.0108026691479717	1	0.42992
0.8336776315789474	0.1418621540480567	4.018373008589676	5.368668673472415	8.908121252121141	1.9655327704977976	8.58063319607222	3.426653776248115	385.956	0.0041919870928806	1	0.40192
0.6695060526315789	0.1681929236898498	6.234003306750253	3.406699665376764	7.194661347151066	1.791503361722097	4.2625367772836125	5.009268557392969	335.96112	0.0101621847932654	3	0.43176
0.5628965789473684	0.0502602647238134	7.47780106398389	3.553224216529009	12.839547275919854	1.5757926046870052	6.571378542907638	3.0753214193405456	392.402	0.0052046239738253	0	0.41612
0.1687565789473684	0.0897592990187587	1.9575365919833163	3.2001555532900725	2.2995860998986792	1.5756846196557468	5.884247274118472	2.4483317765026595	419.74076	0.0040979140427883	0	0.384
0.1090710526315789	0.1053664858124204	1.7861025539912854	3.232020180435476	1.6150265726595294	1.6485252095879088	5.597577963250518	2.7451326074949214	480.50396	0.0054993965610335	0	0.40076
0.1084842105263158	0.5354081678851346	1.597349966139159	3.8170165657213913	1.57590256841119	3.086122604778991	2.9022961383197505	1.9483342635585268	558.78012	0.0051590955132246	1	0.40168
0.0584	0.0	1.8418586151453045	3.772570638820639	1.7465793930362683	4.064873551106428	1.5324832151744212	1.6591936680682662	490.23576	0.0050184291470752	0	0.42184
0.313328947368421	0.0250777975987579	2.432982200471273	3.318034991384753	1.778758886538964	4.149596510359869	1.6822744724295526	1.8648209406187868	366.85556	0.0065654951017569	0	0.43868
0.8793381578947368	0.7242693703607757	6.180146199681604	3.130199983988472	2.833388860056937	4.2791273208608605	2.959490976041836	2.844835714679	318.10116	0.0131497933259255	1	0.46928
0.1580065789473684	0.7926837108400925	3.515311363356173	4.586732617584556	3.7276384204017456	1.739468316628354	7.655765831089012	3.523715869558485	402.30364	0.0065720323546844	1	0.4412
0.5654697368421052	0.0	1.942073691378752	2.8364620662972477	6.390506067263685	1.8614905471063128	7.157949079941604	5.332759422736702	460.3596	0.0102788644314864	1	0.48632
0.2518934210526315	0.0	1.7427259706591156	2.4918405852538803	2.565877758369836	2.0486509592490494	6.07755030593072	4.044395930193383	350.2748	0.0097447301514008	1	0.49764
1.267828947368421	0.0345619647172245	10.700049012549773	3.4856335098536544	7.509066574951481	2.1171183307605763	5.056772006478587	3.977563752022767	240.1964	0.0145673810524099	3	0.48612
0.976407894736842	0.0601534241626616	9.722477171595337	6.4018118778660105	12.966110462188263	1.7571246348956349	5.717395482940894	5.674128606817627	214.10036	0.0052103040467816	2	0.47268
0.1996710526315789	0.2301279873889675	1.679830087363532	3.2930571502396395	2.2169115878988594	2.2797665424587072	3.8442323703217336	2.051753540872816	259.58324	0.0090711116533945	2	0.45
0.2290052631578947	0.0	1.8092428476473543	3.152451952294135	1.871056923143496	4.363605954172939	1.716832249685886	2.1075693498043697	322.66164	0.0060461501519294	0	0.46028
0.0984871052631579	0.0009200000017881	1.8182472743819549	3.576405083624681	1.63412303899343	4.076362254412402	1.5486988222939015	1.949821055276	352.44216	0.0047688235402808	0	0.42348
0.2038155263157894	0.0	2.070952190031949	2.914434806422655	1.6641324495861414	4.429357239452261	1.6546053871719828	1.8068607439080917	444.263	0.0060445097546893	0	0.43564
0.3124	0.0553171033057097	1.7685026574433014	3.4903661037949885	1.7684874999873923	6.624368738772273	1.4584479434447302	1.898508692391219	478.79752	0.0104412692447269	2	0.4786
0.1294531578947368	0.0087410705096247	1.7823314655696316	3.5651659352924976	1.4124924841343818	3.643020233303405	1.462209385521716	1.7507840785022035	445.94276	0.0045575888592004	0	0.43792
0.2484942105263158	0.0	1.6699839587196603	2.797187164047941	1.891328828079963	4.43103976174584	1.574257399381027	2.309629873944816	491.62268	0.0136182419893671	3	0.51188
0.2067115789473683	0.0	1.747398480474335	4.033544991425428	1.609030740263537	2.8145345505754387	1.812493347045664	2.1010435016700164	481.49596	0.0052075111423345	0	0.42076
0.1464752631578947	0.0	1.5568342081393047	2.780147307545592	1.6298519397893585	1.830336258870597	2.068731248410882	2.039136369912627	456.06036	0.0075210110645609	0	0.44292
0.1401552631578947	0.0	1.5251102771478997	2.5854651013536865	1.4753506605326976	2.0156408311555865	2.2856385788074376	1.997504841511108	501.00256	0.0062693394798741	0	0.47196
0.981683947368421	0.117082411552885	6.531478144180174	2.7771441352307176	4.258721638157588	1.874296969228464	3.0859354821285088	3.134345664959211	484.25788	0.0134175366203574	3	0.47856
0.2533213157894737	0.0243872880552414	1.616816412921008	2.8948489063845573	2.0875010925553537	2.565011231841856	2.949519220157676	2.7786851338533363	358.37396	0.0043741454067125	0	0.48592
0.1358605263157894	0.0308222795569966	1.417596779019619	3.43418824943788	1.7032756628452137	2.0050700228696727	2.444408019041543	2.0331013958286963	294.83856	0.0048513073930144	0	0.47092
0.2157921052631579	0.0357276486678862	1.7708795134534416	3.11327048823601	1.78962459428982	1.8858368840394204	2.09558438240679	2.2402089498936384	298.54068	0.0069512436607304	1	0.48772
0.3992368421052632	0.0801709279292771	6.048666595414263	2.3198617354849103	3.461844021680278	2.586750910060516	1.829629923516057	3.356922902494331	257.8388	0.0156176297051065	3	0.50336
0.4000894736842104	0.1369659488554098	4.285772031297652	2.46588875051229	4.501479632647119	1.9925256646485916	5.999040298992525	2.996778928895902	254.15976	0.0099212361873248	0	0.46256
0.4024434210526316	0.1138784019316904	2.5347722515104136	2.583442644253548	3.209067584743789	1.620037814241131	4.952473708276178	3.3791760674145594	280.18012	0.0067198705973695	1	0.45556
0.3042434210526316	0.0	1.912170912561964	2.7988170721105696	1.9180372581929148	3.9479138883158735	1.541200907486766	2.2235336016564333	279.98068	0.0115978134130379	0	0.49408
1.0290157894736842	0.0204100005928127	7.406516396979008	3.380234095201839	4.980673342416039	2.955246050806246	2.1711013786596443	3.899014336969004	321.00568	0.0151484963999425	3	0.47852
0.375748947368421	0.0204100005928127	1.6851449733950532	2.597731230027084	1.856609055233416	3.908639707979239	1.4997334452723263	1.7641183761690622	517.29112	0.0194588375059296	1	0.56948
0.2013971052631579	0.0190325089972885	1.5579055472201433	3.0370575070146764	1.8192829540987296	4.045122481568308	1.4740854647209582	1.873736240817556	778.74636	0.0215283007860183	2	0.55372
0.2492276315789473	0.0	1.7249639665702106	3.963811001957706	1.9255606679206447	3.016836250949166	2.1069501886335664	2.34535718444655	869.63696	0.0184484200615392	0	0.56176
0.3549776315789473	0.0186137733219554	1.74978750485958	2.614281206673997	1.7828689742751784	4.069168242968515	1.4057195736788657	2.213781803999141	732.35456	0.0188625412420314	1	0.5786
0.3599355263157894	0.0208409839952495	2.453713330330664	3.188670392093474	2.340145786696591	4.456276768760484	1.583787857625067	3.3163749202482453	531.21308	0.0268700071487707	7	0.54672
0.1905552631578947	0.0	1.7073809060767555	3.4453977238401947	1.7004911005556127	3.5362930481283423	1.472537206961328	1.5899831881890945	418.91544	0.0057435294851134	0	0.4394
0.1382421052631579	0.0	1.574107699853632	3.431075481258635	1.5547838995302774	4.203307616543773	1.5384565931487564	1.685074100184822	368.4594	0.0059803782137702	1	0.4244
0.4720144736842106	0.4228100513658923	8.218480039054226	3.078831288798514	9.135719790949953	4.461397642885573	4.606583134657194	6.539526359453956	343.14244	0.0123986110943205	2	0.45812
0.3201776315789473	0.021733376212336	1.3422998151454504	2.0308663607673245	1.593535385211402	2.097192344769056	1.916098552375625	3.096887777106875	466.86516	0.026925402770954	0	0.59852
0.3656197368421052	0.0	1.414066195547726	2.2458881505118224	1.6693296114072764	3.173713266520636	1.2630962800300498	2.0794754628178893	589.68512	0.0178520325162831	0	0.53296
0.2364855263157894	0.0	1.594613742281594	2.5037627415941546	1.90799141110017	3.5939046118001787	1.7151245293352502	2.222662103968873	633.8974	0.0152347770889366	0	0.51616
0.1012842105263158	0.0	1.3990773397875227	2.7302080154802217	1.9793462329007168	3.293407221379492	1.7249799839871898	1.996413196907752	617.40152	0.012129003538314	0	0.48788
0.2165894736842105	0.0	1.458374040609808	2.3577115253045178	1.710527771690452	2.332391274922883	1.6110904948261948	2.412020690207383	651.26268	0.0144092412000543	0	0.54088
0.4480723684210526	0.0172076738157937	4.301353630950612	2.2993066310290367	1.7947306442239828	3.641802734066016	1.3228643850921258	2.7164367495113098	646.2142	0.0226583349695626	1	0.54892
0.2830460526315789	0.0148000001907348	1.4582234667479717	2.386275733584512	1.796599325327474	3.707615902649575	1.4128574917627246	1.8653734600770453	553.65964	0.0113694886473697	1	0.51992
0.1667973684210526	0.0	1.4827149042394303	2.906667768745725	1.5329070244281744	2.759630385688786	1.4561798857283283	1.4872468688351608	501.27648	0.0071148024937685	0	0.4624
0.2133631578947368	0.0201324492084736	1.6657225381678291	3.253909075493084	1.370176648777945	2.520747508808772	1.5293589929939824	1.5963304525499076	416.75768	0.0059759231411709	1	0.42964
0.2020684210526316	0.0	1.4357072907854684	2.397774243997601	1.5068760171181608	3.307411625807348	1.4143773894757623	1.733805422990549	422.56208	0.0167024263249425	1	0.51532
0.0581684210526315	0.0	1.8417702229833912	2.4814931787156578	1.500440479155631	3.660673853079045	1.401996525639873	1.6121765805182526	455.22076	0.00806476397609	0	0.4468
0.2204013157894737	0.0	1.8421245164849387	2.2930158114597785	1.61331691551224	3.6588625609091063	1.4916492873449745	2.02608414150925	511.48248	0.0111381115835554	0	0.49008
0.2543986842105263	0.0	1.4219003959469805	2.2481703790438963	1.4141696073717531	3.449968440349941	1.4255694016009248	1.938011762969392	533.15992	0.0126410385437572	0	0.51936
0.1935381578947368	0.0	1.4408619223973405	2.274035805989355	1.6533663280329645	3.2493910869962823	1.4655718603211594	1.911502308797561	525.60176	0.0108392421842673	0	0.50924
0.1891723684210526	0.0	1.3713200262031096	2.153462772548137	1.504209440077371	3.1263944719084904	1.2087988955361253	2.033563618255399	637.94476	0.0136431836326332	0	0.52288
0.373873947368421	0.0	1.4878485608065135	2.8024016196443373	1.8954218868205528	3.734755891068153	1.608515005801435	2.51014594368022	699.25708	0.0216426015838454	0	0.55944
0.6190281578947369	0.0993723027794847	6.799964889902176	2.743375228062692	5.5694557392369965	3.590088064070517	3.585978597546657	3.9793702847376617	547.3334	0.0280406600469	1	0.53312
0.429991052631579	0.2452833164584395	2.761404813488161	2.472992822004357	1.8594803622443867	3.361198364671968	2.166516459764392	2.7401919493424347	414.63752	0.0120109011241968	0	0.50028
0.0804305263157894	0.0	1.4301951214952635	2.7949710633765315	1.902137619291792	3.2024377980060685	1.4516516847736174	1.5710583346603273	385.9402	0.0049550869442785	0	0.4074
0.2468921052631579	0.0	1.4080806633280183	2.489210939872958	1.4259450736056436	3.622489764453961	1.4349776369842646	1.6586789448175585	435.16248	0.0094385774352971	0	0.4764
0.2875578947368421	0.0	1.670209380202647	3.220947003230052	1.5916581829051997	3.299778272140612	1.6048245803258436	1.7665675423480611	456.78004	0.011139615470206	0	0.4766
0.1725197368421052	0.0	1.4740118185571314	2.728779745111836	1.4545733200664115	3.2707748651427955	1.646618380477954	1.6853727350890042	462.18036	0.0074636154202152	1	0.44792
0.1418671052631579	0.0	1.4814952335185794	2.495900080706376	1.4523819884051117	3.182788109507764	1.6106048337168173	1.777570005266709	498.18028	0.0085433263344273	0	0.48116
0.0903026315789473	0.0	1.6861315231681522	3.107116438304993	1.5410832324601011	2.317831123517097	1.5189172060683611	1.611137334886244	423.63592	0.0051760591912094	0	0.39844
0.1055578947368421	0.0	1.591588632117973	3.900950747946729	1.5179971659469995	2.66413655130345	1.4566503333601093	1.6524178615690162	361.4008	0.0050552727690689	0	0.39028
0.1496776315789473	0.0	1.5811665117706106	3.381136000514706	1.6981958275330262	3.4928294482420443	1.597748595372222	1.7255407934431142	446.3858	0.0057787765372851	2	0.40784
0.1415907894736842	0.0	1.6086714122576913	3.268263991797418	1.456652690947396	3.119210063319126	1.6201088197626403	2.022166659298986	534.81908	0.0067901514109793	0	0.44216
0.144663947368421	0.0	1.732188155220319	2.640358708136368	1.4416619827945605	3.5666222686201805	1.8532951642195337	1.8150369515112288	527.65684	0.0051494689750671	0	0.44284
0.2563781578947368	0.0	1.7308520374362877	3.40793711531431	1.559983223271224	4.341471976799083	1.673777633854709	1.8149594120156969	430.2384	0.0055750630538253	1	0.4436
0.4239428947368421	0.0	3.4303345460016645	2.813032675178537	3.77781402573989	4.679224528477735	1.6543210294115671	2.6344637303842497	384.62068	0.0066167663537404	1	0.45248
0.460365	0.0187909534999302	3.406961191609819	2.769346887644233	2.532045434204296	3.265282008511105	1.842689428752544	2.5312845827050667	427.30116	0.0106831303158928	0	0.44876
1.03495	0.3066093701719903	12.2286583626441	3.64486348168832	17.74381508925519	1.8761206859989528	4.669906082485165	5.480375359477933	438.41852	0.0088130660424512	1	0.44028
0.2869578947368421	0.3084579178061804	2.307892110664338	3.362729162956443	2.216385956210022	1.5541417600156533	6.034395403874196	2.8364214181735266	393.53916	0.0033713257987183	0	0.39328
0.3851236842105263	0.5953486691967307	2.5332953420763342	3.837606828158441	3.1173749744624675	1.7485918428103602	8.689239663454572	3.89746552322579	392.78172	0.0052241826442409	0	0.40984
0.4487105263157894	0.0354483197372918	6.37673735893063	2.770617310272777	4.330872395897522	1.9937390453175896	2.3519654265313794	3.0725262754123515	443.90076	0.0128054462449515	1	0.48764
0.2486302631578947	0.0275622718264398	2.156988209603909	3.3087503593448626	3.000231198488753	2.0720286317554915	3.3409371657754017	2.9835761699475407	437.51944	0.0059635335856851	0	0.43408
0.1452881578947368	0.380027761232887	1.7520066900720372	2.6674436600310334	2.001417177328169	1.806177900657832	3.5865646063784604	2.671631140188522	475.52272	0.0053467477985515	1	0.43996
0.3217263157894737	0.1100682640273188	2.6223243531782376	3.056716082510912	3.3424921346365144	1.945720221780346	5.003881638221785	3.026153163353109	519.4424	0.0105162069034225	0	0.4472
0.8177315789473684	0.2710947056100179	4.648939887423552	3.398465017393869	5.616198721687789	1.9889560869975351	6.007337456911432	4.071390172793857	553.3798	0.0153103447768618	2	0.4772
0.5427552631578947	1.7610099565848871	9.820723977771191	3.992223297720148	9.388570950254328	2.29780412075904	10.01217370946974	7.241302083333334	661.60376	0.0119567954840379	0	0.52696
0.4495763157894736	1.6221488926208905	6.859873208694294	8.005257266654631	4.652469896585478	2.659832693399933	16.052038071725573	11.950731239591567	637.41852	0.0131709938345235	2	0.51228
0.5195973684210526	0.5947142282574153	9.129158029809869	3.239901988636364	8.154721436130151	1.7861155886316942	6.894063783367557	3.975378853583537	468.51144	0.0107487902152538	3	0.44296
0.1671473684210526	0.8150871377985283	4.713500226372884	3.113270480225989	2.459380942215903	1.4825336493201988	9.213353353353352	3.433707006369427	397.42108	0.0052050606462184	0	0.41524
0.2807868421052631	0.5529994066156753	1.8800485840366383	3.401337020128134	2.1988950002659604	2.146269335697064	8.33782856874398	6.041112159958809	493.5862	0.0083462167778085	1	0.47088
0.4449736842105263	0.0283768017450544	2.106204879663626	2.320759170916269	1.8828837635698887	3.4682465585165376	1.409255045444555	2.279330359507941	567.1172	0.0222873409955291	0	0.55
0.1703657894736842	0.0148000001907348	1.5421859076201354	3.162862271655345	1.577116998275046	3.02179510922191	1.7827054737519556	1.7005210710188086	464.39544	0.0059608082385448	1	0.42444
0.1272642105263157	0.0	1.7977773501291352	5.262881114126311	1.7683350836604046	2.9106546533267004	1.9541033506209649	1.9425585996853076	406.56312	0.0058408325854294	2	0.4036
0.2686647368421053	0.0	1.5028993579053131	3.0438737985093742	1.5544340492222188	2.5456701360916103	1.578440250661064	1.5661279453519985	523.8828	0.00788713127578	1	0.46588
0.1608357894736842	0.0	1.5525087870155627	3.0841062815375304	1.804799918194659	4.280755918199665	1.9745315250025888	1.99344975952556	531.09652	0.0107007976585977	0	0.4504
0.1130365789473684	0.017510423702853	1.6662239998941952	3.184526033293919	1.471431544417939	1.9781155324700896	1.3318727658285368	1.5074881769865314	490.34172	0.0037405213976782	1	0.38644
0.0973276315789473	0.0212701644740799	1.463674758278178	3.403308266555583	1.5984376289710778	2.838454781882517	1.7752001061381015	2.14696852536014	527.76152	0.0060590262836042	3	0.42148
0.2005013157894736	0.0259652875537361	2.9738141464869874	3.965913059548193	1.8507660962941748	3.157385083861973	1.776877537986836	2.285361257130075	486.83552	0.0096631593441612	3	0.45336
0.0982355263157894	0.0262202077267612	1.675887480644908	3.568607027060095	1.5218457421915266	2.580737625612065	1.5945607396292305	1.5819967925387153	421.32032	0.0046404818720677	0	0.4108
0.6262223684210527	0.0	7.161509898265855	4.301053584710409	10.696048315919423	4.2497768295049205	2.247661394329398	3.8435235800103777	430.80216	0.0094373552732958	2	0.43576
0.575325	0.2353947000232697	5.813767249738574	6.934119576185671	5.061547432215392	2.36818239570313	3.2508449756142817	3.389496479951026	519.061	0.0084680185536076	0	0.40464
0.2395921052631579	0.0	3.688362190026003	6.700389585587879	2.45911993476282	2.493502238448009	2.4542939601648093	2.497104814321136	540.12112	0.0084165592946375	2	0.42972
0.2148921052631579	0.0	2.196117625196476	4.606284070854304	1.8568198616411236	3.036464345993528	1.766630604132676	2.179101636848116	558.80128	0.0074397446594518	0	0.43732
0.1399394736842105	0.0	2.0236484495390195	5.239139192973523	1.8114534679429484	3.68489235014018	1.897765427283626	2.1479339749389923	548.0768	0.0084097201122957	3	0.40696
0.2483763157894737	0.0189715379323714	2.30724720087447	4.448396822604062	1.7624517754217286	2.9995015030558823	2.3231528501217285	2.374641304010032	427.23544	0.0069768939588963	4	0.44352
0.1727184210526316	0.0148000001907348	3.0447727016045323	4.372345078057242	2.7320661436124034	2.08026874115983	2.2943605431845198	2.1107295760568965	380.07904	0.0039787739380054	1	0.42856
0.1801236842105263	0.0	2.1351956573508954	5.564694756459981	1.5639850613783717	2.906522093592043	1.8659085252916847	1.8774422723035284	394.08248	0.0058476492138645	4	0.42916
0.6557736842105264	0.0797600759007538	5.679380658650702	6.603058932272627	4.451705106161207	2.108046824002238	3.521268772629013	2.821520859100872	417.22076	0.0078951732675994	2	0.44576
0.3056368421052631	0.108408538621186	4.519541610616218	12.561523236481673	2.6249639974598207	2.020925893113005	7.313806558334144	3.2925735990775724	439.31912	0.0048012418709432	0	0.40536
0.681847894736842	0.0178292767111077	8.927904193494452	10.53278986110302	12.357053052120518	2.4444109908093044	4.522095528612248	4.000929002052335	420.24328	0.0133909058868885	1	0.48504
0.8240152631578946	0.1047623329755022	6.7617276405227456	4.481934633795756	7.502056836397725	2.3464889387759222	4.148161605206074	3.563733594773122	540.3446	0.0200357975006454	2	0.5032
0.360245	0.2984015774725851	4.181328978918353	2.5430833191160755	2.8992782040090503	2.413354947135259	5.761574077394828	5.526501709394768	662.49972	0.021235846619606	2	0.57144
0.7099313157894738	0.032135235874034	2.317289241726724	2.893174371089424	2.688869477922982	2.5211411359387053	1.6970465005554671	3.113353201269989	618.22084	0.0238621621530196	2	0.52524
0.6101723684210527	0.0225795849538722	2.334423123889803	4.260328815053278	2.167355999764147	4.404339754252294	1.5440355475775225	2.1659743160245672	615.78132	0.0143959394824504	0	0.53104
0.5000302631578948	0.0215837188128198	2.908230513956034	3.7207556857870183	3.567522681252177	2.381812116616055	1.9040552503608472	3.2098861732247066	651.68064	0.0135389855782424	2	0.51764
0.6418460526315789	0.022032019944619	5.277226948596246	2.85681030955207	3.902894797559249	3.0754891800584576	1.880727814790018	2.980270364296009	721.821	0.0259041090102055	1	0.53676
1.0291907894736845	2.0515461076093207	12.6909045545594	3.4693309612193577	7.786991248703168	2.4320458192456558	4.869574666577755	5.680575022160331	669.25532	0.0361048887466683	6	0.55056
1.3220657894736842	1.5124217314398227	4.652827228872614	7.04335607960136	14.413809529831022	2.2594828747138305	9.209415954783596	6.390742947060807	492.55656	0.0092760173993776	0	0.4708
0.7169657894736843	0.0	2.959527210450441	4.948032550630558	3.933165776261756	1.9049527783528963	2.1180408133236464	2.445951311562541	469.77764	0.0059457873268162	0	0.42516
1.2831684210526315	0.0	3.5734661633299503	8.181976807066036	5.040479186293529	2.333351556493457	2.090752570493279	3.432056466198446	446.89852	0.0114267609616062	2	0.48808
1.0666236842105263	0.2997281480906064	10.021864627993098	5.999938866701169	10.836630782330593	2.134897018262896	4.140605445395993	5.044491707811115	481.64688	0.0127610390364948	2	0.4648
0.9514947368421052	0.4976860371915415	5.737298058204898	2.6346182160686142	6.44554426474127	2.092595126477612	5.329623713634816	6.681610325158712	683.8892	0.0290426661498406	3	0.56976
1.14175	0.2615563825279398	4.837026506035342	4.201249970957397	20.576620389082663	3.336840774845882	3.2342814599805862	5.250606168912397	762.7556	0.0157235289978279	1	0.53004
0.6634539473684211	0.0799873537097581	3.766083698138046	3.341767964924407	12.821339997543264	2.0749793579459057	2.799206717111137	3.446185524631669	664.77444	0.0105669524678763	2	0.50108
0.3558381578947369	0.1099172109906026	1.9196934604330471	3.030738916675752	2.007836914098216	3.5549357411426383	1.84507840456172	2.4244726499581213	509.77716	0.0179831050954145	3	0.53504
0.4671789473684211	0.0521007054288622	2.776740170360808	4.452805713547053	3.3915041456538746	5.876261012705185	2.23025403457777	3.073898509497529	444.6788	0.0095778647101801	2	0.47816
0.2568815789473684	0.0	3.005990586037903	3.8305438716538736	4.032899717584485	2.852995420413952	1.937652258436864	2.196445586082314	516.10452	0.0057253881497418	1	0.46052
0.2684486842105263	0.0	2.5597667581336068	3.748379878966548	2.091538090629092	7.227017043151118	1.7700631854165154	2.2613522708680214	571.39872	0.0088879837014745	3	0.47108
0.234753947368421	0.0	2.1587725683972883	3.414392189246104	1.7033322558658133	6.182630938281353	1.7672502879832284	2.3390753402923967	521.61796	0.0088672471782039	1	0.48
0.1580757894736842	0.0	1.6204463720756677	3.3474761726640745	1.5554807482487327	5.03987091222031	1.7659640654107156	2.097628568702421	488.74364	0.0077310874818002	0	0.45768
0.2796952631578947	0.0	2.115559397770613	3.540802518760052	1.995389012670351	6.73059505606524	1.6736805665453396	2.0981212124131408	624.02452	0.0132658813979695	1	0.51448
0.3804628947368421	0.0	1.9530526160581296	2.7549132809487618	1.865325421400008	6.477792927974948	1.535716819867763	2.1275653414882774	734.34324	0.0197731111729145	3	0.5402
0.7599265789473684	0.802258784503976	10.453634368335171	3.0168626341757685	6.596446341297264	3.171009110988405	3.604545430632204	4.304068273158792	811.54004	0.0329119943241512	2	0.56052
0.2628784210526315	0.4646191281292511	2.595315691475423	6.312580768636894	2.0173657025046983	4.35890058449023	1.7523964719433691	4.312368018362663	681.7904	0.010753414758549	1	0.487
0.3738215789473684	0.0298204238598163	1.6458058011452628	4.2248269480387775	1.6772917570212622	3.7774763567010488	1.7065554211470415	1.9499723355920509	455.19824	0.0108257733734565	1	0.47504
1.2014315789473684	0.5030964978636447	14.474863711482604	2.858362056428156	7.702668569319903	2.120976161075428	3.950081780428009	4.84936023761256	496.2804	0.0208436998010382	3	0.52816
1.6339263157894737	1.8544523615709885	14.556735778402992	2.861217247422793	13.076764281231524	1.953248598530572	4.886269706743828	6.182838718956756	452.11544	0.0192716415039932	2	0.523
0.2763244736842105	0.4737849471779598	2.3136286920555285	2.900935742486187	2.0098129219916308	3.923643108078212	1.78895486935867	3.282594730322933	363.21996	0.0100054578020467	4	0.50164
0.8930197368421052	0.0	3.59332817036847	2.895700612613533	2.0209443784751904	2.7561748430019275	1.4660834700200471	2.3920916822672256	463.8686	0.0136592241747764	1	0.50652
0.9268097368421052	0.6279917887900345	8.422378252288826	2.6169043910526053	6.014760098795193	3.445992695883134	5.139659459613329	5.930585540702917	673.36592	0.0373120133744267	2	0.59016
2.9905671052631577	0.4036865871511075	17.502976880406205	2.8990225013765007	13.476762492036231	2.0491925041777974	4.064228258403838	6.539353403842564	710.9774	0.02597689616603	10	0.56376
0.871721052631579	0.2569937668039868	9.05263884674045	2.4177073786905403	6.426275331656751	1.932469412941507	3.786504574317184	3.394300461926092	638.75608	0.0270867017845546	2	0.54612
0.5328263157894737	0.3622556041582945	2.305473589214661	3.210350267337553	2.5526391298987194	2.2524306494517616	1.8347132567997628	3.299893548756004	497.55152	0.0188287557195214	1	0.56684
0.4406013157894737	0.0	2.317763177295257	2.8809899261814125	1.8248199770027624	3.87699229628558	1.723533864021923	2.015089675282676	335.11952	0.0084873014500912	1	0.48716
0.4787639473684211	0.0	3.743745287925017	3.2076486945216858	1.71699753813789	5.130306858763249	1.5835397844110772	2.567662970306724	461.24768	0.0211315964319074	1	0.52752
1.1248539473684211	0.0818485207664005	4.52885288016688	3.161394653064476	2.0847004681111763	3.720758140714373	1.625863049305499	2.5213406450201417	575.26156	0.0248727992589333	3	0.54652
0.5862923684210527	0.0225927750876235	6.726585187563122	2.4740714734055524	4.837233963949683	1.935374973363918	3.0739361702127663	3.866202095443629	483.23328	0.0176763457686059	3	0.52892
0.79987	0.0220265911138428	2.3834785939627023	2.86437941229711	2.6907372238104563	3.127002840652084	1.6623170679329022	2.664574688466074	455.34012	0.0109745131717008	1	0.4806
0.478467894736842	0.0220265911138428	3.044069956131974	2.9301072452482924	2.1031149418566577	5.068409248884088	1.8033646613090932	1.883615066047172	451.64184	0.0205084223945701	3	0.53912
0.2393531578947368	0.0202702741100363	1.727845167630048	2.7263989775779383	2.0573035630432	4.2150780601088265	1.416539525749626	1.7283677328407543	440.1778	0.0126310292787411	0	0.51268
0.7973447368421052	0.1542630868894218	9.59188689683006	3.018152668203641	4.904037226281884	2.814523124565955	2.9015304722071065	3.464881205624	523.52752	0.0214356797779307	2	0.52816
0.7155315789473684	0.0960023980594009	6.312757569223342	2.7677627764433037	6.219968427626186	1.6835598359387514	3.634079755769789	3.644713893880639	618.48344	0.025766539022081	4	0.5364
1.2117052631578948	0.0877903750155431	10.71725707767282	3.0196374473551533	5.915752119321434	1.9175343525796216	4.129565746092914	4.105980254380503	632.85476	0.0174649774427273	2	0.4956
0.3032144736842105	0.13256644790565	1.6763450026241606	2.975778269982608	4.955073665228613	1.659503886681036	7.314415280665281	3.6451316621023806	530.89676	0.0096901178946915	0	0.497
0.4245802631578947	0.2356633240445218	1.9770034937681509	2.735166862671355	3.7512076838194	1.509423532948594	6.037569748194823	4.524035007948464	476.16016	0.0153722788080047	0	0.53812
1.6769684210526314	0.1323819360221925	12.819492979570237	2.970542839293352	6.156602553360529	2.0399058241626338	3.153657082337386	3.9937572078596895	499.4016	0.0236156491551679	3	0.53616
1.2074947368421052	2.3047385054579723	9.04374327508822	2.7554900840610466	11.699357111327974	1.8743425323126823	5.313013796384396	4.872522077533303	444.41556	0.0216015777730941	3	0.52612
0.3533355263157894	0.1190526014934357	1.61116529646228	2.7839165876777257	1.939808331234803	1.9001861512560516	2.6321597149342244	2.111485353296913	338.41532	0.0058639807707071	1	0.468
0.2541960526315789	0.0	6.101930051960905	2.4438294685378734	3.088320592225364	1.730738618274435	2.3728587458800225	1.7058348587422034	337.34204	0.0045926139003564	2	0.4628
1.1419184210526316	0.4219121594317614	11.260087617390028	5.933775070791143	16.86575543796119	1.9191442504325935	7.39724402103473	4.932751940773144	404.9236	0.0102159815026556	1	0.44256
0.1551842105263157	1.656892021259711	2.236542088856728	6.281815119715891	1.612075138249597	2.863139108370373	5.135116872558098	3.8617860846253063	398.1362	0.0102824515692276	1	0.46952
0.0447973684210526	0.0	3.1663303874363025	2.1718287594722696	2.041551034501361	2.098649779775537	1.4157138779005751	2.4973737970283074	209.33028	0.011558990620848	0	0.59996
0.0	0.0406419649125947	1.2175220655992496	1.6229136595247138	1.177241124855136	1.17281193171023	1.1680211680211678	1.5091110505210603	88.44224	0.0005685808656079	1	0.64564
0.1355381578947368	0.0408012415574866	1.7774914486249438	4.315895163921142	1.6965238120306725	1.6309118516886068	1.696910084919611	1.687854710252221	226.06532	0.0123317874397841	2	0.4726
0.1132618421052631	0.0	1.6224355585025076	3.8063838018363914	1.1647533059105697	1.5584061500001969	1.5182808205459848	1.4270053518333468	328.82284	0.0044361992003286	0	0.41964
0.3785526315789474	0.0	4.089658753172245	4.27557341034755	2.388490126934323	1.6420549838322307	1.7336101612115289	1.961534036433365	397.46356	0.010762159466498	3	0.43244
0.2035631578947368	0.0019275001250207	1.550099917487501	5.743253089598352	1.5739904220192	1.817759982037945	3.250446769661976	1.9908038013765683	426.47768	0.006218526035407	0	0.39996
0.2063760526315789	0.0	4.11745308761502	4.478902542660955	3.2227328588449784	1.5773782709390578	2.385172923163713	1.9202502884928816	355.57708	0.0092315587150699	2	0.44136
0.1838476315789473	0.0	1.528750109434507	5.470874353026173	1.315956884390222	1.3237618855221758	2.995096375128347	1.8489481861266928	314.26116	0.0034653823156391	0	0.40252
0.1555481578947368	0.0	1.5641597172302455	4.559540229885057	5.990684582655771	1.5903130178960818	3.4392180600773696	1.998508655037945	362.20192	0.0043346056834564	0	0.4128
0.9785123684210528	0.0367624665886225	9.64643609885944	4.308023667591009	11.931184056982255	2.1743693717785013	2.195091902086835	4.3411921276664645	397.46028	0.008710933025339	3	0.4738
0.69185	0.03738744934993	9.929951838560784	6.940364648235377	13.275685276084523	1.7993054602275216	3.948153664416204	4.008196773902453	375.53932	0.0081441990958592	2	0.41216
0.14074	0.0296063467838397	3.0919658558524423	10.269449174800052	3.0314673383556587	1.404431459539396	5.302694776034096	2.3263115461143986	398.68032	0.0059189748546656	0	0.38788
0.6208778947368422	0.0871094987498095	8.962096127197379	6.727784964139344	10.740814262943417	1.7159794538348103	4.544135029651781	4.194071696292723	397.60224	0.0100780344439078	1	0.42144
0.0961373684210526	0.0766113769440108	1.617434895997564	4.444294292355372	1.3729323765097925	1.7822842844694424	1.841662523721701	1.6762250127279137	411.27832	0.0060881402426782	2	0.42604
0.0783947368421052	0.0248067473182808	1.3666417397876092	4.560458876142329	1.3330421430473922	1.4186656173809051	1.6304606360342746	1.5028052628834871	372.97508	0.0045596804816582	1	0.40904
0.0708126315789473	0.0170099995602136	1.5871288728948452	5.08193515601179	1.6974695102694748	1.5708466986327825	1.710062909807606	1.7201316459796865	299.56192	0.0038208953651435	0	0.40608
0.2227926315789473	0.02174502960279	5.076220346641809	4.432812711164502	3.401168869282839	1.8009728633185618	1.8131047137898997	1.8346149801538123	370.90284	0.0066354398388547	1	0.42904
0.4095736842105263	0.0501375913035826	5.265406565878084	5.662151515151515	3.4067590693439733	1.7744748567791215	3.802748892522047	2.720680587064216	377.09724	0.0094784216004522	2	0.41572
0.189975	0.173004674661005	1.7999474606642651	7.65450590349076	1.3545802123976391	1.56640625	3.862204929014232	1.998326429504909	307.67904	0.0036095016187341	0	0.39328
0.3048144736842105	0.0256337720618262	1.8933153175330104	9.786228350903617	1.5263020323720435	1.510070670470023	6.859826893008711	2.9095033978893303	328.9826	0.0031363527664366	0	0.40712
1.009625	0.0306629325204547	10.71875991595568	7.339596981445758	16.514356170727183	1.920286488236944	3.96133400885385	4.497175562259192	412.2626	0.0089399452839528	3	0.45312
0.097153947368421	0.0185554543259001	1.502388905206223	3.868316097785178	1.5288439193322194	1.7139893942819808	1.513932033216011	1.4404507130899984	437.57964	0.0054228152382899	1	0.44752
0.1617763157894736	0.0172920998252764	1.6385844097806763	5.037780784411051	2.2664428634513145	1.5737381714207912	1.5016041347552702	1.6255354279680947	430.91976	0.0046494136071906	0	0.39472
0.4894210526315789	0.048863090282885	5.962043447360174	4.476758357257952	5.02808260985752	1.6631162018947707	1.869716857133381	2.364540669538123	427.1406	0.0071950615612198	3	0.44316
0.1105144736842105	0.0369312239770906	1.4629175160318286	5.04058197099696	1.6392157001012655	1.281076527765452	1.780885960353669	1.4542974011816991	424.51928	0.0038019861012434	0	0.38056
0.1231407894736842	0.0267794714740915	1.470672722980329	5.171735588162148	1.3561918855581183	1.4213891139551953	1.5219164117611097	1.381955048432783	424.47864	0.0039653908807652	1	0.38744
0.1244421052631579	0.0148000001907348	1.7927788424881423	4.860453176805757	1.5271103321918764	1.5370904325032766	1.3449478246909616	1.460665696968431	350.038	0.0051556858067652	2	0.39732
0.0638263157894736	0.0210429349992598	1.7039325946495971	4.606278041432482	1.2467486573293876	1.5228915662650602	1.5148310549393862	1.2636529083009669	342.34156	0.0044948807807529	0	0.37932
0.1029526315789473	0.0149493939948804	1.5627090138076436	3.487207120995884	1.162454274644651	1.3296716965742252	1.4658570363268348	1.4235142692909637	418.30268	0.0058457079720146	0	0.424
0.1753105263157894	0.0228611378187543	1.8347149093202693	4.397639452332657	1.3627574136774527	1.2958657468159205	1.3557141449766517	1.482519899056772	482.18188	0.0058819210964441	1	0.42792
0.1858434210526316	0.0276613621220413	1.5713586330005418	4.408255635245902	1.2815150089672127	1.4184176922275449	1.524437164731375	1.663993914773906	439.79904	0.0075927795103367	0	0.45728
0.1414328947368421	0.0167064690573708	1.7824212198211689	4.228939525462963	1.3278721478212867	1.6834931912374187	1.4449647965400012	1.6163771023122542	403.4166	0.0051427353682237	0	0.43368
0.5957921052631578	0.0285160578667384	8.84090308511639	4.971381164742917	4.544987154868003	1.7184827966708425	1.947927040591909	2.7023356603692963	372.19856	0.0098524949737506	1	0.396
0.1467368421052631	0.0278849782452624	1.7637123009857216	5.1727891891891895	2.31632146222366	1.5255844044558695	2.741154182694191	2.040430026167282	285.75784	0.004237168070744	1	0.39116
0.1843894736842105	0.0725695601567298	1.8388331018465287	7.863317714205186	1.2052571936571863	1.6259794321013654	2.602169871544258	1.7101274429145776	319.40232	0.0041743607934257	0	0.40844
0.1876368421052631	0.0211385709898812	1.5535337364277684	5.704376978464466	1.3637391302619173	1.7972470470739803	1.621718155972855	1.7153907839239122	407.9842	0.0060625657728139	1	0.41484
0.6312184210526315	0.0	4.770312347671678	5.659269332574356	2.1437848923093	1.6069577165382931	2.0329213833212174	2.009099513966468	409.63616	0.0068068265047318	1	0.40172
0.1406236842105263	0.0	3.92084079173806	5.126285846400892	1.31792454925088	1.4396471378803413	2.7132754019482825	1.8738570285146237	353.099	0.0041294841210631	1	0.41368
1.0332263157894737	0.0433930633518213	11.101099288122894	6.292074869246416	15.088606471170957	1.563590876081269	4.138156327663638	4.593484821515836	373.94284	0.0080335594732095	2	0.42596
0.1263394736842105	0.068871788152904	1.8790436103760637	6.003003064351379	1.3981015402933934	1.5719397044119707	4.458231106715955	2.269582684857422	350.11504	0.0054822796319688	1	0.42408
0.010628947368421	0.027389197107543	1.3210852540316609	3.549865937995225	1.1576768709824383	1.4677891728356691	1.2570508438511458	1.3574657040353957	195.55624	0.0111972235108123	1	0.57052
0.0223284210526315	0.0249947116181657	1.3895423810356984	2.7394067285662604	1.1523659866789533	1.3380944072889405	1.3526792136434889	1.297048591960527	226.4036	0.0075722884903935	0	0.6166
0.1164413157894736	0.0268367684713366	1.4844359048331277	4.651722747617236	1.399242502746181	1.574426464458942	1.5742044827243808	1.588898847500413	353.26444	0.0071331061502063	1	0.44908
0.0984934210526315	0.0196668145515868	1.8171427537508809	4.487774828327487	1.245497921519443	1.5302561215873909	1.4205503128521584	1.6095007365481837	418.22388	0.0054666703153708	1	0.42828
0.3898052631578947	0.0474584380365503	3.587344915432632	6.154094752284717	2.1950540066870707	1.461480356993911	1.7519171433043002	2.4628262497141624	452.51752	0.0086654396994148	1	0.42912
0.1065315789473684	0.0444645683078932	1.4145227750504517	5.101706259582255	1.2273380620440744	1.5807823823060905	1.5616150167859928	1.5967346706374346	380.61668	0.0045609549556672	0	0.4038
0.146515	0.0195157478214465	1.4681718590676875	5.91460805168203	1.2866331623361629	1.5142935686500898	2.006903719867596	1.7883513202413377	316.07888	0.0034086358168458	0	0.39292
0.1145297368421052	0.0236739997863769	1.7887385544187413	5.684431380107942	1.3489785873534923	1.546013178855329	1.960352322071744	1.5831394044642657	372.54292	0.003288275429361	0	0.37528
0.4888571052631578	0.0295532587145903	6.286401910965916	5.357005738973433	6.400483450619061	1.7379891277894322	2.4219854770474205	2.816080227796795	441.48448	0.0077409419438768	2	0.41852
0.1352981578947368	0.0314739571243036	1.9177626508925127	4.844885518448301	1.4659142374643337	1.5376022718298714	1.4990380915736825	1.581200441795823	434.91888	0.0047564279106259	4	0.41928
0.1569244736842105	0.023339873232676	1.6233993512764873	3.8836210408209295	1.471771928079869	1.3739257907037854	1.4396654719235364	1.5845403173760184	488.78212	0.0043581581660228	0	0.43896
0.1968965789473684	0.0277226000150969	2.734765559081472	5.533198142102252	3.0596627023749483	1.5542217758211223	1.58150639313264	2.257224164172234	511.6004	0.0080814072952551	3	0.43272
0.2174592105263158	0.0352504045157815	1.8032814449870136	7.910310283687943	1.3794828268449928	1.522801636576922	2.552664235601444	1.8107083067452423	513.79776	0.0053655323842693	0	0.385
0.5923197368421053	0.0407478995380396	7.214314794121379	5.4026262462645125	3.7126555096832417	1.981325130518809	2.086308819367938	2.1271835830772554	469.31784	0.0072028437546596	1	0.398
0.0847526315789473	0.0219176857588094	1.6192980228643277	5.004537731715999	1.4319272486634005	1.7401193702922746	1.6315928861578088	1.6617000362919996	424.02148	0.0042080634791184	0	0.40672
0.6266447368421053	0.0306676558262325	9.074972618221397	6.81397193877551	5.9547084488709565	1.5498323656029291	3.638598970495048	2.994963149318868	426.61852	0.0106196207995274	0	0.3992
0.133928947368421	0.0270696267398113	1.65895585238815	5.146540962401576	1.3571767393598202	1.522526332703973	1.6549673367538624	1.5470380137387374	368.59624	0.0034178369039998	0	0.40672
0.4386210526315789	0.0188359946620707	3.797512552378828	4.451434829904329	2.025710276054064	1.4273686257352585	2.6775390719896346	1.83506417311658	349.8804	0.0067345531964302	3	0.43084
0.4591907894736842	0.0	5.391416133593356	4.741411425840543	3.0869214979986377	1.728397114271294	2.5523525219623098	2.6964512456976784	376.36008	0.0073019367044462	3	0.4028
0.1226776315789473	0.0	1.6298149347266069	4.330078756960227	1.359298813915013	1.7220087052607815	1.994120136557768	1.466829212844558	329.2404	0.0040160135969519	0	0.39296
0.4831565789473684	0.0312289990311689	7.2806244038294174	3.5889951645743907	3.6970413703967786	1.7255218778152408	2.3342193719975017	2.7045687021937246	285.65876	0.0062452455032397	1	0.41956
0.1634118421052631	0.0303831579611959	1.5184771681201552	5.064599853080769	2.56765179722764	1.671595603713703	1.80291436612794	2.0068503191389397	326.50172	0.0067138269116072	0	0.42748
0.1434118421052631	0.0271476124404767	1.4758879829185567	3.948036503839491	1.4992259249385758	1.9252275555249263	1.7592682311477277	1.7260121021963246	348.9596	0.0060395478903458	3	0.4314
0.0765565789473684	0.0078592417894765	1.390152876183168	3.131999051677621	1.4348486175348183	1.810440323623104	1.3950235981874373	1.643604152194713	330.95816	0.0047031592908413	1	0.45104
0.0974631578947368	0.0	1.5048303913228414	3.2103075122007625	1.4710519864266791	1.8315497913608905	1.5443180226829627	1.5987169025811825	370.00344	0.0046254820686228	0	0.45016
0.6508157894736842	0.0234497937517003	7.487444292961275	3.650527671280986	2.1740539123994846	3.3991933154959657	1.59919145843399	2.5407978751510325	447.38348	0.014527738432218	2	0.47988
0.282028947368421	0.0239013608679362	1.6774871217247405	2.799895135698934	2.178989384782491	2.377751286004497	1.8818327803450243	2.1020738357214586	464.83976	0.0109366616148808	0	0.48424
0.3622078947368421	0.0252057683675881	1.9979958540548923	2.911875639307891	1.87605974552864	2.535545550179654	1.634690171286891	2.212923247398584	448.4392	0.0081585478594723	0	0.45012
0.2293065789473684	0.0235005508242811	1.6013658333548948	3.3326806356623098	1.6748951782331485	3.1184017240473536	1.8987814719403369	1.979053310753955	464.02188	0.0071369599293785	1	0.47052
0.3265302631578947	0.0148000001907348	1.8601203612970292	2.852613695633761	1.7278668294789736	3.185992563959774	1.386233254531127	2.005482573826054	554.12336	0.0084511877841984	0	0.49232
0.1952618421052631	0.02377320135512	1.8959674128862856	3.555714623837701	1.712448335252398	2.5550584820708733	1.832689944552675	2.201938371458344	574.72064	0.0083774175452484	0	0.48108
0.3191302631578947	0.0177672309534118	1.7466481460421617	2.991684204486775	1.9529729233890296	3.6870546478611	1.5555101663585953	2.184143906526817	580.68	0.0127080499100334	1	0.502
0.2358144736842105	0.0374464659727123	1.828943553573389	2.8281518919724853	1.7570358032380289	2.785857970646703	1.6816129237422883	2.1128896433355435	568.7572	0.0124607206539897	0	0.5068
0.2481513157894736	0.0528047755351359	1.8911061350071403	3.1171636358640504	1.8403137354893315	1.883899494367072	2.36248328993468	2.208365062226516	493.27688	0.0096748856623032	1	0.49176
0.5039	0.0596967326580959	2.059261720205032	4.058282102423234	3.268271358146278	1.781348530398996	2.6328603018527663	4.806524121585349	494.18372	0.0124787969061907	0	0.51572
0.5716184210526315	0.0735799507186955	2.730672879681157	3.1988880745097337	3.339123303351887	1.9573545333832687	2.3233975261573123	3.419174011390294	582.12448	0.0154338192207673	0	0.50988
0.2248502631578947	0.0486556928141022	2.360834813441294	4.267099060420979	1.856763757802023	2.291208720922149	1.939477081848997	2.104901822816404	663.93844	0.0132071972865918	1	0.51776
0.3470155263157894	0.0625137065424356	2.5184262532678976	3.032639841812583	1.8146187444606168	2.6514370686061057	1.4423676674364898	2.8274626599279524	659.80064	0.020720250687529	2	0.54704
0.9565160526315788	0.0168095118757607	5.602071620130576	2.700906689582067	2.7415896664156687	2.865889932621846	2.127290216134616	2.965775676608855	571.3972	0.0318642221450104	1	0.56616
0.7267602631578947	0.0315737062013549	6.222106925876694	2.770035451320532	4.70622072583613	1.931355490335719	3.098493192386633	3.593972389783563	521.017	0.0134599508640345	2	0.52036
0.5987155263157895	0.0664358890386237	3.952246941525655	3.657038113780437	10.014561241758296	2.0796210452611943	2.3177198800833296	3.641823414780393	525.86548	0.0081322832436421	0	0.49164
0.5044028947368422	0.0634205893897191	2.015422873102757	2.810424343363509	7.039622337267394	1.7922039311338775	3.2127456690402805	4.351819614955357	614.32016	0.0183631423250366	3	0.54396
1.8904276315789477	0.0229775550202553	11.25433223425964	3.3651089645498597	19.075043546309765	2.3404779175347894	3.712761277727717	4.992117056174361	622.03576	0.0206378453706292	4	0.52428
1.3899407894736844	0.0224213894944764	7.484588230913491	2.6585640769523478	2.922370121328824	3.0823203002057857	1.962616541224107	2.678801486729324	483.37884	0.0138440204081815	1	0.51716
1.451679210526316	1.6400210204490129	10.861200681342178	3.738915220860354	11.34036529044647	3.091085374549456	5.792372611464969	7.78653278992005	515.32168	0.0212832575453028	3	0.53704
1.395026052631579	0.2514016087670597	7.133033815746328	3.2955445816371287	4.525869136534233	2.0173984149647244	3.311478694506942	5.063148265041945	567.7006	0.0297189838177316	4	0.5656
1.0281060526315788	0.0975134875805316	6.887956453540865	3.1741156609730927	5.6301773876879375	1.8692884050382523	2.238327010991149	4.828229123319753	530.18276	0.0126599675682713	2	0.51352
0.8276281578947368	0.0338552422592944	2.503045893978414	2.7618854942157167	4.5527469122412665	1.7895695489432497	2.983064746798413	3.136037792495017	642.80232	0.0248139878134166	0	0.52952
0.2024052631578947	0.0421874882768963	1.4866178421299006	2.6644933060749696	1.7295743972730335	1.8309267423362143	2.7557518945121005	2.18135929963747	762.52432	0.0160431928199179	0	0.52084
0.9508457894736844	0.0734353739847079	2.464218420837207	3.77926863357914	2.142320009894513	1.8875400387124528	2.956893297673462	2.43616706639659	766.8594	0.0239355668232721	0	0.53256
0.302845	0.0512334864890074	2.7229874150895683	2.9078272869616786	2.379929440809654	1.540498567488687	2.161821914293046	2.4359374393604223	718.05436	0.0226091670065417	1	0.52712
1.4353686842105264	0.0442441246471916	7.618291777687872	4.298372193337404	11.74539509262696	1.9879778159001715	2.639585431081385	4.673101865384823	638.4198	0.011975751083388	1	0.47252
0.2214563157894736	0.0411657394622001	1.9772265460523584	2.41093667137619	1.821120743724155	1.950333187447002	1.6857188046671177	2.080857225600927	575.51744	0.0116550991772202	0	0.54212
0.6113394736842105	0.0368186536042586	5.320786239510223	2.679635422223006	2.17245385682245	1.87282062003007	1.6806951709441769	2.32105001589182	558.49996	0.0158599205670286	1	0.50196
0.974217105263158	2.296191479714898	10.873645147137218	3.266381117586352	10.512778550251197	1.874714972486303	6.675417438247234	5.798734648108991	578.1228	0.0137432953646253	2	0.51648
1.296017105263158	0.2734876289297965	13.4237412473704	3.6417809905553535	10.764398384204307	1.9390584463625156	6.926053568342836	5.451766024080893	636.30308	0.0133014893757595	1	0.50244
1.8821065789473683	0.0221716712244929	8.039788709099787	4.596718687884636	21.862753617571844	2.377956903784165	8.760280367822006	6.477755361955499	742.08224	0.0092447784441358	0	0.49448
0.5745276315789474	0.5532322354963944	4.358198594524399	3.502827344012781	8.950103927248582	1.8412698412698407	8.231973907576235	6.387037749003984	784.22044	0.016131424341377	1	0.53636
0.6240973684210526	1.762335623731454	2.2053612045832307	2.793860879381152	3.5417787966394947	1.871378091872792	6.619083296467168	10.530130391173522	753.05652	0.0299249975367854	0	0.58652
0.4459342105263158	0.1279691419121163	3.8369658708496654	2.7518189605118684	2.9399745917403166	1.5137484329293776	1.898341517857143	2.9255256111255075	549.63096	0.0122469038892844	1	0.52928
0.3050236842105263	0.0	2.191919815461089	3.1706986710581484	1.8944035993756765	1.6936416097075129	1.857803642499209	2.567860725957207	400.97804	0.0138140695511944	2	0.49204
0.2024447368421052	0.0	1.9106505132607103	3.331642525422883	2.032164764368272	2.7103058968661595	1.921282307392682	2.605671106015518	499.1854	0.0173186370250056	2	0.51912
1.1561052631578947	0.0825320910850774	5.5654348078230935	3.673547205072585	7.277115296000116	2.0012258675538503	3.666881600889383	4.382109640900127	597.2848	0.0145204425505329	3	0.5116
3.033813157894737	0.0486203863875025	15.224522589136551	3.4058891099178874	22.533633372210325	2.013071104568717	10.497317464064306	13.842055882961166	609.29788	0.017366356351095	3	0.53012
0.8999355263157897	0.0	3.99206283846772	2.783844568790268	5.477233406751245	1.6800311995038906	2.572283221208286	4.138883856748286	538.53532	0.0141841407778683	2	0.51168
1.3361723684210525	0.185462007295429	11.320579944208273	3.1527635921457327	5.258019205155666	1.7245933901192505	3.400220791089288	3.8200059219779408	616.88624	0.0184162246970569	2	0.52204
1.2246197368421052	0.4114056578521691	13.98136920050707	3.98051477574386	13.732924157084469	1.8834084043754853	5.0566891933443925	5.569561409510777	707.56168	0.0179387488888993	2	0.54584
0.2363776315789473	0.3025845005328431	1.753612328962242	3.786858649228976	1.6943103902927217	1.9205652429910776	3.401401983356271	2.9890440939813323	596.45316	0.0152761801265618	3	0.49724
0.815188157894737	0.0	7.551493677775769	3.6757029022604977	5.342297430955931	2.2443301587301585	3.1257809359657425	3.1081633702426443	453.8562	0.0086869438864729	1	0.47168
0.2744355263157895	0.0	1.6025720412841726	3.109178446572624	2.3995258619899915	3.49065709897525	1.5894536821077774	1.9152743685741511	413.52032	0.0057530357835573	0	0.48124
0.9058131578947368	0.022126317247052	5.538378578950021	3.5099457153300087	2.979734377220536	3.3318068597513317	1.9880169694332648	2.4883287869714183	486.002	0.0163173810045158	2	0.4848
0.6780052631578947	0.022126317247052	3.7096774570270337	3.3712049204375147	2.805606941502926	2.3160985590527186	1.6631433521389545	2.154853606492751	439.9786	0.0073105158618092	1	0.4798
0.2763526315789473	0.0	1.6519716215568985	2.808961446190908	1.653426632590507	4.08585775784291	1.6223720394721188	2.0601522842639595	412.37884	0.0076952577695776	1	0.47628
0.2986836842105263	0.0295899987220764	1.563754732483288	2.5582836222125502	1.5527397605959126	4.070727556517799	1.5833237093582324	1.7193535794781232	469.58284	0.0096607827965301	0	0.49012
0.9267347368421054	0.0395263527378891	6.039063978179406	2.606078610381475	4.480393627093442	2.5534918501600816	2.354804270775672	3.952811395485143	506.64168	0.0226990850288377	1	0.51672
0.5117663157894737	0.0221972821164308	2.988682647353076	3.1197566080139745	3.0875452440355384	1.9575955936405884	3.1274481697592824	3.5380635686562467	618.74404	0.0174216464679381	1	0.527
0.2611828947368421	0.2239159387898869	2.0134278478520216	2.1540889454942427	1.962984436588415	1.536362628061061	3.055517658258671	3.432620028421866	647.32096	0.0243024041855335	0	0.58912
0.6666455263157894	0.2134358152145409	2.3594858585855314	2.724637356673629	2.4713709635154237	2.4411213712590047	1.7474224947419172	2.73261828397965	536.43248	0.0193302903799975	2	0.52964
0.2776394736842105	0.0	1.9988931220029496	3.311651054024588	1.570763150505792	3.589490047255013	1.564296778150112	1.99047848164382	493.44	0.0071981272126471	0	0.46848
0.6530394736842106	0.0229402309240296	3.778753626503147	3.3473472354686584	6.156066613545926	2.8399761461664217	1.9278898168211691	2.9453457403412786	450.77956	0.0181350341875763	4	0.50944
0.4935986842105263	0.0	2.7646123977124564	4.012428604868914	3.4824152362724465	3.251086831091044	1.7616628994371315	2.364750988944112	389.83752	0.0131448162415536	2	0.4832
0.6791107894736843	0.0	3.1703056035999064	3.5617417962048545	5.035372139796457	3.5337800857322925	1.989854090672225	2.6452937928858744	547.84896	0.0120302203133439	1	0.47324
0.7607252631578947	0.0191556304018088	7.0165164958451145	3.298412592992021	6.727758368674974	2.236459821208621	3.71227306568925	3.927394927825744	708.58724	0.0235771372802818	2	0.525
1.356102105263158	0.1977351810864309	9.65144802316592	3.503553269931993	9.234705987581917	1.935702636805477	7.865378505430377	4.712187344203468	730.31848	0.0166700157804348	3	0.49284
0.4587952631578948	0.3702984412868004	1.883770844669974	3.0985581399197133	3.679778939644824	2.0025203845567883	9.4774465625	5.413228705349926	779.03984	0.0140038454419023	1	0.51048
2.4243384210526315	0.5527693778709383	15.275196581124408	3.2407551950830773	20.61095296802877	2.336413341349881	5.710826935367344	10.488346259124087	811.26044	0.0255099351051274	4	0.54664
2.0103952631578945	0.4140662109796519	18.023237236597414	3.343806520040192	13.793306607494044	2.4806222639922835	5.585833916198553	9.43984980620155	758.99784	0.0217381115451981	4	0.55688
1.1726105263157895	0.509583851201932	14.251834850414008	3.184930086047941	10.649443871575786	1.9335795661447224	5.649223731028974	7.724829714695855	735.52304	0.01322448449524	1	0.50324
0.8159192105263158	0.9247421705103184	6.2414948502308105	3.0715875445569334	8.055535306699838	1.5784738232017923	7.234104068605326	5.630653346450014	786.51888	0.0177569678511689	1	0.52736
0.7820571052631579	0.5826550366122534	8.769844483386953	3.270782894205668	2.773199841410787	2.160293767516149	4.114064739313071	4.140874570923248	684.63168	0.0204910043594416	1	0.53656
0.7754244736842105	0.0204379374312476	6.28883848195912	2.99589227558504	4.484124958294998	2.6168178567171294	2.538455453216688	2.5611302390408315	483.79712	0.011728598258881	4	0.49364
0.8069165789473683	0.0195949328000142	8.139946036308524	3.3150180721507474	3.293659807728937	3.79792261966837	2.0549819844647432	2.570993476084896	455.04008	0.011532459478799	2	0.44852
0.0896168421052631	0.0	1.6708020239773922	3.0450565904647613	1.84314575663431	3.272680142418477	1.6381955799508885	1.7643868726000325	512.3802	0.004659354626326	1	0.3982
0.1355263157894737	0.0	1.7450111732694724	3.2162082878939127	1.6653360512723117	3.950685969299514	1.7464847025243064	1.9108845391082077	495.3782	0.0070258235046618	4	0.4208
0.1661644736842105	0.0148000001907348	1.6612638313629813	2.8127775484788864	1.4583954269132713	2.572328180265887	1.4869702240867697	1.5348555004456637	435.5794	0.0039170480848059	1	0.392
0.1118407894736842	0.0	1.4442397747330822	2.328318905850566	1.6915509753236635	2.635300400534045	1.5491533069609271	1.782802511437732	406.80128	0.0053483586223861	3	0.42484
0.2407763157894737	0.0	1.484291206662785	3.4237967645302883	1.7306234401444198	3.600379103861243	1.6505288927051174	1.998520061052806	471.4012	0.0057584620023474	2	0.42572
0.1935026315789473	0.0	1.606919700857507	2.789141551212774	1.7615663058523612	3.21208138922996	1.636695750423702	1.934487876637438	480.19816	0.0061948480315769	3	0.42492
0.1234526315789473	0.0080786022036356	1.4012479927985046	2.9328438542093256	1.4722211980501556	2.8026867318786053	1.6209648971418218	1.8338117854216447	512.32408	0.0045534102473714	0	0.40496
0.1937236842105263	0.0	1.5474773327100435	2.9414952261594136	1.6209236400961686	3.184409783537846	1.7856649027461018	1.8834874153886525	581.16128	0.0055962830511436	1	0.41988
0.2632776315789473	0.0	1.8892420489055357	3.532980570294733	1.517345387402672	3.756452789265656	1.7388325858052711	1.731426294820717	490.21316	0.0067014738574448	1	0.41756
0.3177355263157894	0.0	2.2454989300152866	4.129035453341833	1.6107599432883015	3.5759087602618727	1.4253117122845769	1.992660899325031	485.7692	0.0066027436413835	0	0.42872
0.635278947368421	0.0148000001907348	2.7589686940735074	3.2563751640389325	4.405950186680685	2.7751365989263803	3.8799990303007257	3.10287787964863	758.42556	0.020700749798978	1	0.5042
1.3772894736842105	0.0288685356698385	13.816217765681786	3.766731841108665	10.172444420878396	2.6365123954895204	6.827792396969382	5.031032408954227	749.27208	0.012481614813489	1	0.47608
0.3906815789473684	0.0	2.1879013593566694	3.288261204243704	1.9653590517333543	5.9208163463641	1.745938534670619	2.542861871043106	382.40724	0.0102388949912786	0	0.51604
0.03955	0.0	1.790280422432298	3.3026934679135085	1.863196726352424	7.644065938393441	1.4183725804928713	2.5816368655116904	176.47704	0.0076449948021944	0	0.54432
0.2538710526315789	0.0	1.946325316366512	2.8550244592761658	1.959015280088208	5.62739661994987	1.5031398181710145	2.3902300930538325	291.88776	0.0103100182005237	0	0.51592
0.1757631578947368	0.0	1.7475810325840124	3.53595495216862	1.7144930557020288	3.1825806451612904	2.1257319450801635	1.94325691398558	385.19808	0.0092669133641965	2	0.46044
0.4717434210526316	0.0	6.738322486630345	3.18899195804741	4.42507349436857	2.7546256040685875	1.959609050897336	2.192218286364332	354.0416	0.0071709415879845	1	0.44568
0.8933413157894736	1.1215440790813422	6.297422276293733	6.431295913756374	16.10327107004103	1.9032234939327024	6.00529464380965	5.58834731543624	400.24112	0.0106685466186439	2	0.44672
0.7786257894736841	0.0310464076955808	9.890383848410222	8.138349889759423	7.958562362109244	1.7919558162704272	4.840650281486797	4.1573086706854845	363.3362	0.009041383412717	1	0.40568
0.1669105263157894	0.0293349343880903	2.013624664418741	9.604002487169732	1.278301957124438	1.990464949578961	2.3710562470244168	2.4084076418034943	311.36168	0.0047307073295335	1	0.39128
0.4213289473684211	0.0161007383251121	8.09051204429353	8.618473048693868	3.5178405489508973	2.1338031542968623	3.691447874507797	2.786756407075293	364.68192	0.0063733447045306	1	0.37508
0.6188894736842105	0.0248671419480267	8.934379219767262	9.106578219315896	7.678720686940354	2.013688674504799	7.133194889648226	4.2179797249817055	365.27664	0.0058984789741389	3	0.37932
0.1215342105263157	0.0	2.2429939017458187	3.920079308712121	3.4341632358012952	2.74657571815337	1.333866678466338	1.510272736707817	309.0404	0.0053549959366812	0	0.44736
0.2382268421052631	0.0	1.637730064510707	4.056334324620441	1.40882883135109	3.1045102310466737	1.820765510132418	1.701538454611617	346.38156	0.0060622029119554	1	0.39448
0.2411965789473684	0.0	2.207566651478988	3.345032738837685	1.578201835989319	3.1324194560431327	1.83375797206749	2.0411947359022453	352.73916	0.0069468510716101	0	0.47208
0.4412413157894737	0.0583324073399025	5.475700601260235	3.093708244095785	2.580536543776064	3.0082382011250743	1.889042358500703	2.4298805090868667	413.50836	0.0150543056668078	1	0.48956
0.6628852631578948	0.0648768036193342	2.3057204710924437	2.6204196030012348	3.4358270528112067	2.0299516993915434	2.518545091005322	2.988776266996292	617.94668	0.0223736701095805	2	0.53604
0.6108605263157895	0.0	3.316539912924896	3.5174261253548416	4.376443225366072	2.4450813883386444	4.287622404993926	5.888222235352709	716.99944	0.0281869142962553	1	0.54264
0.4232657894736842	0.0300489858243564	2.656015955128159	3.096345271092831	7.244096616858305	1.857906976744186	6.205827958362603	4.431171247945598	742.20064	0.0130652531449233	0	0.51592
1.7943368421052632	0.0298537886250799	13.248852943550496	3.628401551822324	20.211416901301643	2.4189345425256046	6.1571748445058745	6.765891741845939	617.41076	0.014094109375468	3	0.52052
0.2869921052631579	0.0148000001907348	1.7469770746951048	2.215230531567198	1.943045658626452	1.70418941957375	2.822823281050351	2.5113937455874416	506.88056	0.0071361575700693	1	0.45556
0.2170868421052631	0.0	4.431395876148661	2.7723826642053697	4.470417551735132	1.7639091418956814	5.957967703028679	3.35680883220289	571.305	0.0113145139780465	2	0.5064
1.075405	0.3157858720996886	9.051342406241966	2.905062456627342	5.872668344890878	2.17887211489928	3.6342098999426975	3.7383979572364536	576.49788	0.0243168355300847	2	0.50236
0.5611739473684211	0.629046862818714	3.1375785427769918	2.710236505437635	2.7636796821878318	2.1365120216728752	3.952663386986013	4.488907456079679	659.90476	0.0197354396220515	1	0.54676
1.076056052631579	0.0148000001907348	8.05228455037175	3.0901997624259527	8.453051437760939	3.035220854453294	1.654456154092986	4.055131169565832	691.63744	0.0210019436277361	1	0.5532
2.8194334210526315	0.0311701649300886	16.63847624365093	3.233323528613865	26.44043919961485	2.0182431457431456	4.537399817850638	8.732678219362873	581.19864	0.0205728379161217	3	0.51416
2.434438157894737	0.0302354364117586	14.01789763789503	3.129047727033355	25.801098068180444	2.014784003998543	7.514699379699899	10.384449414378029	518.41836	0.0125944700382737	2	0.5186
0.7764355263157895	0.0169567608895778	7.884488985412924	2.809456756223255	5.893938376736986	2.215336616034108	1.8611933260790712	2.8179957589272155	640.3834	0.014852771329459	0	0.48704
0.2890368421052631	0.0150773493542184	2.113915123566132	3.101328602334166	2.888626085214609	2.631594669904888	1.7790044977323805	2.4364320293806685	778.50548	0.0117490679109096	0	0.5044
1.160321052631579	0.0359507433381183	4.402402464344742	3.714928947750492	3.967724488751886	1.9359393397613576	2.241337706165585	3.1329917936286384	671.17444	0.017734169097157	0	0.52444
0.3691263157894737	0.0234243018470906	3.0627386937868506	3.2011630408625105	1.929197085356392	3.872138985511345	1.7337973704563032	2.7107973364664195	586.81988	0.0135693555332632	0	0.50728
1.892384210526316	0.3032990427969967	6.839540813335718	2.7295629971562128	4.584153186380822	2.248524021083665	2.7412592721859688	3.883502918807271	695.92512	0.0248185102530788	2	0.53228
3.5379144736842107	0.3461629022048209	17.110360666691065	3.260319212953961	14.154620553236748	2.187043837636075	3.901110368976056	7.396949955064186	761.47752	0.0312636228332098	1	0.58004
0.8229960526315789	0.5716608839215163	3.67369916863044	3.143775626748232	5.147553815613712	2.1588595060619027	3.809769300167547	5.242788939775276	583.07392	0.0176086672141622	0	0.51072
1.3058157894736844	0.0180311725905296	4.641482449713201	4.181861697468687	13.312562845974387	1.909977449741712	3.062137910267991	4.480199759966583	565.6242	0.0102978534344715	0	0.501
0.7037	0.0178356454754327	7.969973151281778	5.186368310647424	10.198361492599918	2.357684256406779	7.579341042913764	5.178530991140549	811.70732	0.0179748651635646	1	0.535
1.0141684210526314	0.1553206823420754	8.16921427391119	3.2415560209065597	14.357777705532737	1.899628346751845	4.583926492599368	4.086479283334673	780.27536	0.017846700582925	3	0.52052
0.5252921052631578	0.1108149273555621	10.089200308810131	3.196146626154101	10.210642250624012	1.7053563209501228	5.938036635073417	4.28462509260003	661.77588	0.0135187172769097	0	0.51232
2.052052631578947	1.445773715670369	16.433698036156283	3.0842096451506205	26.096946552178167	1.9140652299718943	8.201983164270478	9.145153371924994	680.90388	0.0123056145647518	2	0.51492
1.2417710526315788	0.0798196971482897	10.035359147495894	2.7529950248756214	6.720831559726038	1.585590844382196	2.4193009101358607	3.28371200815831	740.12072	0.0128543970544022	4	0.51336
1.745363947368421	0.2948319299482474	10.377839216226306	3.440828584320738	13.710840905431992	1.9903154916077	6.130638976503527	10.71540961051171	704.47424	0.0286324159066466	3	0.55736
0.756443947368421	0.1005085938066029	6.742304507731591	4.313826835886805	19.51387345747326	2.1802742941608537	3.771120689655172	5.154566748380214	465.21132	0.0098516035016144	2	0.46804
0.3971315789473684	0.0221291389850658	4.118033058489946	4.476077023176136	15.920024016914484	3.011928983320588	2.477666787205259	3.864199880808336	308.15712	0.0064825716082313	1	0.47028
0.2406184210526316	0.0165757802609201	3.747978197103632	3.980170294559004	6.251665888626038	3.145530977661892	2.1412396631650195	2.9215559638766178	344.60352	0.0082869300849998	2	0.4634
0.5045152631578947	0.0218238669763668	3.526415751118245	3.472272126519443	4.594451875218747	2.3377343906005	1.9779702604627047	2.915507964337244	423.0246	0.0070856464081827	1	0.45104
0.2339847368421052	0.0217655086658816	2.9036391330376143	4.347516651323113	2.8609132023316373	3.317514462786249	2.0820005670303363	2.696431660557882	538.30252	0.00769354991152	1	0.4452
0.1519210526315789	0.017757999420166	1.8620067122676776	4.925879628959407	2.2341795623862284	3.0364563418461974	1.7725677750170128	1.9739094687534295	595.501	0.0082413834624781	1	0.47584
0.1756947368421052	0.0	1.4852302022048458	3.1252240728517955	1.9843996187047088	3.909038207281836	1.6925772601877724	1.8656985149362963	567.65964	0.0079295778010873	1	0.44912
0.2406547368421052	0.0	1.8143906377979453	3.5574799225119884	1.924808458307579	4.542790220324113	1.6738703307242404	1.9200098388882056	583.71832	0.0101505186182611	0	0.44716
0.1520847368421052	0.0	1.8216116117302497	3.129135533180032	1.6884548927544905	3.730768836306362	1.577376192877031	1.9154774919054416	519.05804	0.0088326697380577	1	0.44756
0.1917618421052631	0.0	1.897984337581727	3.415660288687479	2.463878263298964	4.5811195259945645	1.6472588743184018	1.9183802945875923	462.8408	0.0065195494422842	1	0.44364
0.2064902631578947	0.0	1.6490816294694206	3.108522761033902	1.8644902746854195	4.026711723722192	1.621149312969947	2.082367106261417	501.5002	0.0091191615097838	2	0.44508
0.1433702631578947	0.0	3.3732740238662307	2.816737928456635	2.054871492587148	3.277244462183197	1.7717729997548204	1.9917357990824387	525.13692	0.0087419977477718	1	0.4676
0.2890028947368421	0.3244765709186422	3.597352994947486	3.234165803783347	4.058582807297981	3.3994177224123936	2.1403675336911574	2.7751558116045043	409.27648	0.02216811627246	1	0.5214
0.3204892105263157	0.0250777975987579	2.3098355197521654	3.0793822465718823	2.4296109375906045	3.186794293468295	1.6040548560705006	1.9712644651425348	343.62228	0.0049522213196228	1	0.45388
0.2446692105263157	0.0	2.6481952096949883	2.4980343850494005	1.5566644414301751	3.5605640780581047	1.554934627844129	1.8925967100506147	482.94636	0.0109484969695175	2	0.5074
0.4704952631578947	0.0722857819988456	3.191076960416177	2.5223017223111355	3.0521055309560943	3.1700778167867094	1.5880182096054023	2.483100104553189	648.60512	0.0123617389880909	1	0.5086
0.5631494736842105	0.0451003671301491	4.4051004084860494	3.348169286776281	7.968239978095148	3.3699235394259057	2.624891355541797	4.018191915375898	630.05724	0.0120681312336641	1	0.52352
1.900394736842105	0.3174752482785726	11.398354420212492	3.8326158388985214	19.27420837509396	3.482502619368358	3.496651950715481	5.537007004310346	529.27384	0.0146333010500669	1	0.50208
0.2689426315789474	0.4488732837892804	6.5999010724473655	3.17522858524599	6.1163878478103175	1.7485654450261778	10.33921779531568	5.003103369124435	573.80504	0.0067998505349369	1	0.45568
0.915232894736842	1.4744196673323398	10.629932097766869	3.3802167646773467	10.022735817758017	1.892485356973247	9.22924494949495	8.979710043944733	679.60352	0.0151091492949513	1	0.50284
0.6331381578947368	0.3291035767643305	3.719133432632638	3.31813257782347	11.975966898626464	1.9354192151430127	7.174278846153846	8.116541708542714	631.91544	0.0178671155130162	0	0.5372
2.014919736842105	0.0907413109944499	22.34872154627631	3.1406268464844267	23.41005902981264	1.9921585596328812	5.0146165707236845	7.278652106920346	454.91336	0.0203930425957546	4	0.53116
0.4217671052631579	0.1058953758285485	7.14442365067371	2.41391416478614	9.841602594007052	1.7048275640260373	4.198991377411868	3.4213600437078857	389.91968	0.0076405367970992	1	0.51552
0.9035802631578946	0.1910926099386414	9.55952901632243	3.044067729781966	10.201913917446142	1.7746804923120734	3.9467498500299945	4.42015845009514	538.72984	0.0136547851877352	2	0.51228
0.9783539473684212	0.4553411523884174	8.449158493158393	2.920985860107244	8.819767568754614	2.0923167344454354	4.94677014303616	6.285940027924913	624.85724	0.0222568240618705	4	0.54584
0.2987118421052632	0.0172745912455399	2.2203706467639743	4.173510525939583	1.7151830321168702	4.433194449156855	1.4765589035026103	1.8700775193798456	452.33164	0.0086706215117959	0	0.44976
0.1855171052631578	0.0046329330621002	2.729877118757745	4.358071279802222	2.2412856471030285	4.564783087004352	1.8188313786130728	2.3478368355995056	351.1196	0.0058772093066748	0	0.43364
0.2355802631578947	0.5995255832014412	2.6741138091048824	4.440550902245534	2.2944414309215424	5.3832240424052	1.805832530259282	2.134384611083152	359.2016	0.008662381620968	2	0.46356
0.3929881578947368	0.0575424512227376	2.794012170615689	4.089011376170955	2.4717031226515163	4.872642532953301	2.1067121746858875	2.379967761162477	471.38524	0.0087347656741387	4	0.41532
0.1891263157894736	0.0170099995602136	1.910115975988659	3.686086843963917	1.8130131000420897	3.5564658607300905	1.695069221815811	2.0378425276782037	615.24608	0.0063836223082156	1	0.41556
0.2706947368421052	0.0381374482027034	1.7157396755124252	3.050236373838202	1.4616503286363347	2.371882992074726	1.3756998532541835	2.0260102660606725	672.92184	0.0099032591566268	0	0.48856
0.2239736842105263	0.0	1.6195100461144296	2.559346003542551	1.5781653749983144	2.691702324188032	1.6681093942185503	2.0252173408920733	689.4158	0.0126727098793492	2	0.44976
0.2002763157894736	0.0	1.3540774094312773	2.629137855247677	1.5224845781185614	2.226180613090307	1.4835160058372403	1.6620315624346025	564.63424	0.0121710164605168	3	0.46956
0.104703947368421	0.0	1.5960147938134612	2.994552491656409	1.3759495113069216	2.0580148148148147	1.3853948627826334	1.8348627407053455	447.0198	0.0062344247847444	1	0.40944
0.2300776315789473	0.0	1.625386523395281	3.0052033607982764	1.7520202212930915	2.547506160316891	1.527061413016291	1.8916403649521356	539.50516	0.0090055704635031	0	0.45264
0.3922263157894737	0.0	2.724443585414719	2.598108472668342	1.5412105675641483	3.0035610885573725	1.4686125937814938	1.9873649729190173	614.32024	0.0170727568335042	3	0.52584
0.1244210526315789	0.0	1.4605363578033774	2.8087076774165163	1.559844529174636	3.784260306643952	1.5910559032747311	1.937389044141952	600.31904	0.0068817072345579	0	0.4194
0.2355355263157894	0.0085511106914944	1.704948566106406	3.0330355425397846	1.8885757019640752	4.227557250196254	1.53296447291788	1.939998757378068	566.01948	0.0117928097121855	1	0.466
0.3187560526315789	0.0	1.9263341193687005	3.30621839534668	1.740299565224076	4.8885774458530005	1.6209307923771317	1.9064760056076784	538.0186	0.0115626254497205	2	0.4494
0.2913234210526316	0.0	1.840820716694355	2.898824783514748	1.7996334739811284	3.5929002737224405	1.588159528186832	1.8385816927228635	482.39752	0.0112626674899984	0	0.4946
0.4911034210526316	0.0176171433357965	2.889247857988709	3.758391069101801	2.3832914977432216	3.457432500449518	1.8027286477142943	2.1744231189914225	506.00176	0.0067486984570236	4	0.45448
1.3803723684210525	2.180324398615894	13.005309512501777	3.6839021347734895	16.614681087403323	3.748840328932985	8.162771015265648	11.934241323422563	579.14356	0.0144627651080313	1	0.50472
0.930946052631579	0.3633423539977651	10.06039192043207	2.821247229163114	6.584435291781203	1.8509898818981412	3.769109794865354	7.697138962900461	681.5526	0.0287066824689332	2	0.56528
0.4376921052631579	0.5150271297373729	2.1973800216566954	3.360533969382928	2.9394062646637416	5.2048393608424055	3.9976763809823206	4.841219184019172	1065.92736	0.0284280014005128	1	0.58292
0.9957389473684212	0.0675661856047109	7.593747805340315	3.702659044600408	9.26544329923331	3.0708552353371794	2.5206770802645333	4.073957297294321	1036.88828	0.0353624936943194	0	0.58284
0.7096221052631578	0.0254005587663773	7.277755661257337	2.6370815092766318	4.355171654764321	3.144682223635555	1.6446533476710623	3.499294341753292	730.29932	0.02132238054272	1	0.54244
0.3417521052631578	0.0	1.9296435120050184	2.4950696444900284	1.825623909094664	5.117416869424169	1.355951684647286	2.122890444986456	813.59912	0.0223726451118903	1	0.55392
0.4869836842105263	0.0148000001907348	2.1879356935306533	3.01096183041811	4.344526329236827	3.919872477299252	1.5468166145820634	2.5009278005096918	728.09292	0.017357136250033	0	0.51564
0.3912473684210527	0.0	2.97059143084347	2.811860362009145	2.0027212091736386	4.8640342667558	1.629408909367109	2.2321882907250674	572.06428	0.012565030104553	0	0.50976
0.2126210526315789	0.0	2.221725650916924	3.1315750206547777	7.594543816190926	4.931282360964009	1.6003758955755527	2.535971607388185	756.08384	0.0149557922457246	2	0.5358
1.1466163157894738	0.4391886705886388	10.202225098400074	2.722400319237281	10.577265143525477	2.413187674498185	3.973120374368962	7.63745756590827	803.57668	0.0273259303456194	1	0.53008
0.4445697368421052	0.0189715379323714	1.950144800256444	3.0779039797211656	1.6978702933058023	4.79387663096237	1.7847946154179772	2.343079723046489	723.82036	0.0130958682739033	0	0.49024
0.2968644736842105	0.0	1.9892518793595304	2.953009129786609	1.7946363222276789	5.589379942282295	1.6144517802441154	2.071737974964587	797.58452	0.0184036508814727	3	0.52444
0.2484052631578947	0.0	1.5000042707746604	2.7586144564806148	1.7650186245220836	5.742893263500091	1.6258860923964036	2.205292952486842	862.32056	0.0163366829952071	1	0.52836
0.4402563157894736	0.0	2.0867267192284893	3.89502355413828	2.6164041533340425	5.769947423764458	1.8222034316213904	2.244811081983945	836.5782	0.016360321894849	2	0.49916
2.1336555263157893	0.3220398133244346	10.295096733213498	3.379886132175984	16.46125156876345	2.1783818403624955	9.478789445620384	7.29680042987641	769.56032	0.0247776156122193	2	0.5332
2.3392486842105265	0.2235067225928643	19.03004070286076	3.274679973183267	15.76179377333602	2.1536795147166425	7.888956656599461	9.259646681534909	792.81844	0.0187577554950994	2	0.53732
2.6532144736842107	0.1033794406164095	17.661763104971463	2.7038617791267803	27.576533670682704	1.863485956285369	3.3590637096774194	6.857777531083481	816.18324	0.0263194088736702	3	0.56008
1.2480592105263155	0.3663208998435349	14.605079867889994	3.0677790072112643	16.401915199451487	2.2745215580732303	5.574930771746977	7.165762487963647	767.55704	0.03354241219198	0	0.61616
1.2069065789473683	0.0495019294440983	7.532842297982443	2.7358710292720865	7.651230103558798	2.3267589158664888	3.0724673142557104	4.429165168505845	707.63392	0.031371005292079	3	0.54148
0.7669644736842104	0.0802486023779016	6.781918413083818	2.6756865844591653	3.0199872345340752	1.785420578843854	2.835646206045651	2.910043533423504	724.5454	0.0233337900358087	1	0.53816
0.3260684210526315	0.1122260107697756	1.7955974648247417	3.016000461708594	1.9264921706184297	2.517099073385506	2.896868651617288	3.1734355781155643	734.13732	0.0195814282084913	0	0.5618
0.410828947368421	0.2114561257605741	3.667434984024319	2.976176014034663	5.274721281481198	5.3410085386200805	2.129995400419073	3.02478477171011	665.53692	0.0229454291224479	2	0.5366
1.0770263157894735	0.0358450884625957	6.8887489503045405	2.6530917944648267	3.312486713461292	2.8745453203424858	1.934385228855092	4.220900444473457	599.1972	0.0205112877542832	0	0.5462
0.6319	0.0252138359824521	2.4055616340533548	3.239118629148767	1.8853516910230403	2.9830325594977367	1.898691100196104	2.308545956194399	511.97812	0.0110736497964578	3	0.47176
0.4262644736842105	0.0181556723095869	2.144516279100829	3.1695095827898068	2.992507529778901	4.459927395934172	1.6560034815544564	2.146189645922747	519.72216	0.0085297575621043	0	0.46356
0.2022723684210526	0.0208409856742536	1.7410124888013856	2.714316718146073	1.717524706407813	3.64848590347464	1.6839460912416933	1.7328487477263188	527.9984	0.0055327282209256	2	0.42636
0.1118223684210526	0.0187950071768746	1.583376055410227	2.6536617226006616	1.730208944196998	3.7873132521309527	1.632528271230991	1.8857057962659096	490.37732	0.0061162455485147	0	0.43768
0.2143802631578947	0.0150470702769735	1.7348572999188818	2.813494657930739	1.7547858632323314	2.9848195945232794	1.488763607076979	2.048129109663748	484.04208	0.0098989154498016	0	0.47144
0.1957842105263158	0.0218132955056649	2.0805633931258085	2.829789801974953	1.606694995382488	2.4107967723234545	1.521165285474605	2.002429542284521	524.7046	0.0100242577488983	2	0.49508
0.1588668421052631	0.0148000001907348	1.649911363103146	2.786545139855597	1.574159918823168	2.986127911211521	1.5048448689831513	1.5933844461901023	590.49684	0.0063668268207241	1	0.43304
0.2358147368421052	0.008302117812146	1.4318858093480724	2.650611325091408	1.4911493332149277	2.3466867723573923	1.4940640865079438	1.776887312249981	581.1786	0.009330598670437	0	0.43376
0.0979947368421052	0.0	1.4178324088662817	2.522708643180824	1.4441960030259384	2.13199018547765	1.4808381331233855	1.7184023641029629	561.94484	0.0064569038902486	1	0.43864
0.1252173684210526	0.0179917631178279	1.6265245717447383	2.800990267534782	1.646239093625117	2.2130247436128734	1.6370341031441216	1.710583281031725	493.71432	0.0070000923609558	2	0.43588
0.111108947368421	0.0	1.5202187495813475	3.539074909503056	1.3670637378717896	1.7695716524044836	1.5408554500308655	1.5700424805502198	361.65028	0.0057971759900801	0	0.40756
0.1119552631578947	0.0	1.3434831094761677	2.4279183929362147	1.357745691020681	2.140182471246386	1.4638885691262808	1.5119652055673285	276.6424	0.0039207633828064	0	0.40852
0.1188526315789473	0.0	1.2844079214620594	2.31309073387384	1.4219395396889165	1.9583441004703088	1.4988346676321895	1.5962644835709687	283.40072	0.0030614109932236	1	0.44212
0.0920776315789473	0.0148000001907348	1.1716782990140846	2.090909090909091	1.4156023972113814	1.9235098436818197	1.2894273444483308	1.8430001176286075	268.85596	0.0020042005972564	0	0.45212
0.1473355263157894	0.0	1.533586515730162	2.6545787715810825	1.613410485930426	1.914061961199499	1.3968928978793564	1.7250507370759292	191.8574	0.0024946266486539	1	0.41688
0.0865552631578947	0.0124510986718541	1.3828797242889668	2.646156604350156	1.3102425120058063	1.9146845742455152	1.444811585233097	1.520581156682001	159.51952	0.0021986035795071	1	0.40128
0.0992342105263157	0.0	1.4433221816647452	2.098649035407027	1.5034847055573346	2.5354126048741508	1.403423647707076	1.6296469836536926	188.32224	0.002122928126016	0	0.41884
0.0683394736842105	0.0	1.3773844820612464	2.1582278481012658	1.4358297174799115	2.0326715226500545	1.3614304551105818	1.6360405565874008	202.12048	0.0024029066634967	2	0.452
0.1037236842105263	0.0	1.4777905324208804	2.371009093855452	1.4999455301256632	2.036826535756613	1.4866941181358089	1.862201641435594	182.52016	0.0034449481730426	1	0.44912
0.0661236842105263	0.0	1.5674991161065377	2.373928896677146	1.3004910250710118	1.934128987083898	1.3972075534528587	1.621477743400369	230.84072	0.0041221211151866	1	0.44864
0.1639710526315789	0.0	1.5151222201885153	2.361079519845468	1.4771212238617812	2.262730727934521	1.411102839136159	1.7899702790191725	221.3984	0.0036784580836839	1	0.44572
0.0903368421052631	0.0	1.394718518378273	2.513961956729399	1.4596060758736256	1.978082504866155	1.515897435897436	1.5681821276454422	187.34004	0.0022597259070768	1	0.41124
0.0902673684210526	0.0	1.439575513512806	2.578216382701381	1.3593083899876817	2.65134742539998	1.6013807092869945	1.6880307956796352	207.4416	0.0034723912558134	0	0.42552
0.12148	0.0	1.4037053692481352	2.1977862979534737	1.4858081324389971	1.8870466111756676	1.5101526969131056	1.582266481186546	236.5802	0.0018753018249921	0	0.40716
0.0810868421052631	0.0	1.3184652063599285	2.3226587179766494	1.3431019312334016	1.944314176796375	1.4799726283463517	1.6688183767174682	220.55848	0.0026331135279115	2	0.44352
0.1039749999999999	0.0	1.345163092821524	2.7948531385490263	1.2567672204705769	1.871445701989257	1.4380205673619275	1.5524752830303703	203.06132	0.001916362261404	0	0.3904
0.0876118421052631	0.0	1.338526469112031	2.426590569450719	1.4625928262936552	1.8712660354476571	1.4690083388481678	1.628850381055058	236.78012	0.0031565211131204	2	0.44576
0.1073302631578947	0.0	1.311133642756017	2.8645398044130586	1.4577107085531136	2.091977890602789	1.5206436536602368	1.8085562905276735	209.11832	0.0024629841703702	0	0.41044
0.1429934210526315	0.0	1.547617508241797	2.4923662169837315	1.4022725777481322	2.356830570937502	1.5278939386874668	1.6646108106398458	218.80216	0.0043160238921992	0	0.4052
0.1350131578947368	0.0	1.412218139572401	2.18108850910837	1.3372030471219942	2.5051726119338014	1.4899461512910126	1.7470738506051304	249.28152	0.0023969354737725	1	0.42168
0.0964421052631579	0.0148000001907348	1.4281499047972974	2.1167443646590494	1.5119069957977271	2.0458534774784933	1.4123140775635152	1.8937925440480023	276.9592	0.003882064986768	1	0.44784
0.1544157894736842	0.0	1.424490510221082	1.991418320082415	1.663849184733612	1.8864790276525425	1.396483765763771	1.7905062791868442	271.558	0.0030668802353126	1	0.44116
0.1169842105263158	0.0093888189153941	1.4844642720826278	2.3782879450488763	1.412121703004089	2.1272187423285285	1.4145624882893009	1.6927059420381765	211.92104	0.0025252717074927	0	0.4112
0.2306552631578947	0.0093888189153941	1.5028056085438066	2.4878471543438865	1.588879836023515	2.6107278450660005	1.4409407482588457	1.6932742855322267	233.06108	0.002081968737043	2	0.44852
0.11385	0.0	1.5288497575522493	2.59063364037486	1.480398043565641	2.455739806380848	1.570507911853	1.7895353579718154	345.88608	0.0036827027612924	1	0.41548
0.1869	0.0	2.154986491761881	2.91554984114783	1.636333079611329	3.196159047907911	1.3500639458736352	1.8558121162619567	486.44416	0.0071483471929238	1	0.43996
0.1481868421052631	0.0	1.4993624147735471	2.5900904319793963	1.728960212198902	3.3079068905312	1.585985127999718	1.8669757144316903	456.7738	0.0065310744539867	1	0.46472
0.0743973684210526	0.0	1.42483677683916	2.572385564184559	1.7467754772267234	4.341489532204748	1.3424537814549673	2.200183361629881	308.13644	0.0150760835881794	2	0.5172
0.1283842105263158	0.0	1.6202464512693522	2.80030356264493	1.5359039797949907	4.11681393162816	1.407965449107296	1.8531911220715165	336.12536	0.0097700618561225	1	0.49732
0.2252249999999999	0.038309449131049	1.800516661309949	3.3741832912823244	1.6201299884722946	3.76266179990014	1.7871283657066634	1.9329870767990829	431.60072	0.0077478585408715	1	0.448
0.3388328947368421	0.0	2.1457843829691514	3.0655290900361143	1.862934888317496	3.167090307340042	1.6623055153516937	1.896303490775328	433.10036	0.0068076700354849	0	0.45064
0.763296052631579	0.0	6.780451976071712	3.416455347776292	3.5007966458601563	3.324004650015852	1.944575364204257	2.4240535636292853	471.6812	0.0223474170453934	1	0.49296
0.4501039473684211	0.0183826707164693	3.304037567786512	2.529701856166507	3.2371150733872804	1.7509404078400317	2.350440637185998	3.252968277975353	452.1968	0.0113474853460227	0	0.497
0.6298671052631579	0.0183826707164693	7.350822210957757	3.0136293670730945	3.4319305992070825	1.8875659207697424	2.5015685543964232	2.7643068483204423	379.44144	0.0168811156992701	1	0.5036
1.566748684210526	0.0433909676291725	8.181296104165943	3.524069437298729	3.013731418413061	2.043335016204035	3.7595202657633497	3.608738467143312	418.29916	0.0222266484040021	2	0.51028
0.3484460526315789	0.1414148112832805	1.6854370580227287	2.506731562448441	3.4656310173133567	1.5755719611715513	4.636667412823233	3.232181389076197	425.44104	0.0095260172927029	1	0.50488
1.3430644736842103	0.0821842747653186	10.55610362829837	3.0309977831769737	10.358397061416827	2.0127785605146142	3.4365844811711206	3.93260806268984	499.24672	0.021695225135123	7	0.5164
1.5807313157894736	0.1043072372833622	13.76162999984251	3.4728360030965937	16.014622850845026	2.0206139311777007	5.148251521298175	6.028258103868944	678.88472	0.016551920977901	1	0.51168
0.9655281578947368	0.0600880909495725	6.728931104135147	3.2119978944402385	4.280111566296654	3.2037136137865083	2.3000646707831	3.781688964967224	649.95672	0.0182838135869362	1	0.5268
1.4663476315789474	0.0	6.4563552618011695	3.7599513288066286	5.39766316436971	2.0092682222410767	4.124048961478302	3.803890130125818	530.21324	0.0122537908702738	3	0.49832
0.2432455263157894	0.0	4.632118220256241	4.159827137439201	2.958025578769184	2.8169431042206976	1.8046049047296888	2.229588434353365	481.57988	0.0110456161680642	0	0.48232
0.3366852631578947	0.0376194937754485	2.339414363334224	3.073359051736685	2.8187865164427115	3.728856835158072	1.803132670861018	2.60980396600288	520.44568	0.0121717863513091	1	0.50872
0.4048621052631578	0.0	1.64977433691781	3.0788127117276978	4.884329067344006	2.2546976214574896	7.28262399508598	3.761162272827141	583.77932	0.0125778588830723	0	0.49504
1.6386710526315789	0.0465887802092691	13.513180990102487	3.636211837783169	26.65175320207978	2.0172827010593504	7.438483912888727	6.695957212266343	623.01924	0.0137638729976555	1	0.50252
1.696431052631579	0.0330145123585698	10.965925819860535	3.5668949462375847	26.66698891549919	3.204953161353108	4.423222346279608	7.246004401581707	658.804	0.0152082602711284	2	0.49864
0.5531176315789473	0.0211757697831565	2.884090140670108	4.640217302452316	1.95241874675676	3.309373911841055	1.6447456376921836	2.247893736225971	642.5798	0.0059657850476047	0	0.47084
0.3714671052631579	0.0845641046529877	5.336500387173678	7.887839303733603	3.5198582297475256	2.241926757123759	6.166193534982773	2.4810891714343963	549.11216	0.0071808356150984	2	0.39456
0.0975513157894736	0.0732770984882959	2.024725002046166	8.062951426264801	1.5467421811389437	1.8117473809308515	3.678351896709589	2.2666551869051426	382.79352	0.0036590609626734	0	0.3722
0.1368355263157894	0.0217243934825033	1.807729200412392	5.553860232945092	2.2688815404739917	1.7757875133567396	1.722447781846811	1.5513342845507088	373.32424	0.0042418740004476	0	0.36112
0.4509684210526316	0.0587627521074551	5.516359429420522	9.05544036434909	2.6489549333761637	2.016995381954357	4.008485300674231	2.9381368945787325	450.34396	0.0064362759570514	3	0.40284
0.562971052631579	0.0288377831391257	6.808573008639771	5.2885356843377735	4.695237272007838	1.7550187492897995	4.95205227893126	2.737940002410925	473.73828	0.0079267503895391	1	0.40092
0.4235210526315789	0.0557145441831384	5.23868441235066	6.882658188585608	2.9578923350096877	2.0042306215058963	2.2037460136977782	2.2240559821297587	437.09764	0.0084130162079456	2	0.41296
0.2555973684210526	0.048949654225818	2.719061382382753	4.9286789241268565	1.5959211047458035	2.1794963309558204	1.7086032155123598	1.9022584213332836	408.46012	0.0064991093096487	0	0.39464
0.5572934210526316	0.0593357922685211	8.477948095248243	6.763587945860123	4.985419745602237	1.9227847117458667	3.279454231531548	2.5321929922172117	456.98244	0.0079364049650816	2	0.40772
0.3558171052631578	0.0652403670649351	7.79813835626195	6.634252909919028	4.635892911702117	1.992434150316204	3.278573428551001	3.3184170915270697	470.46004	0.0059601227587286	3	0.39112
0.4682065789473684	0.0416604765492243	6.2646924719483055	5.840207905544148	2.746010609649716	2.0430040966818783	1.9984732790015696	2.6852226242818054	455.75888	0.0083737018392366	2	0.41584
0.4949513157894737	0.0328809973018754	4.175881327683996	4.846041666666666	5.384773608820095	2.332626255749949	1.98312711415796	2.7748984774948484	430.99832	0.0084319675916433	3	0.4378
0.8422526315789474	0.1108636855852642	12.84800850356949	7.863302230734565	4.547347347807093	1.7352375217624652	4.866675399135818	3.880827275975376	387.27888	0.0088645066729713	3	0.40864
0.2394894736842105	0.0751496961129922	4.37903631847447	6.604275020415569	2.872961258137602	1.7759067131647777	2.811273610784544	2.7320302116335067	415.98292	0.0064702770229998	1	0.40728
0.6862394736842106	0.0873188004275979	5.547351081708199	6.930358036259588	5.767088884963094	2.0301165665842458	3.658144451810575	3.2055735246867303	447.95984	0.0062914116562464	1	0.41676
0.1592710526315789	0.1029465053051434	4.164605181077579	6.6668152993865855	1.4101692819570173	1.8669177846577227	3.569464925357661	2.6219736577348725	393.39576	0.0054398288595325	0	0.3732
0.6644723684210526	0.054258875038983	10.227389709107635	5.732720508526188	5.520327412633438	1.890253137103021	2.8515488556430606	3.1118668418747264	303.41908	0.0074441753101524	1	0.39256
0.160275	0.2216850454976805	1.765456736906455	5.341397900859778	1.5086769891703211	1.5762859807786578	4.142018904121317	2.640223727745392	317.78188	0.0044557607743494	0	0.40556
0.2808184210526316	0.0242153941749447	2.462680801809428	4.470764605128716	1.816278294359404	1.5139828507246988	1.6692815656731947	1.871118527121759	405.36096	0.0045580409654098	1	0.3928
0.3310552631578947	0.0218539399756847	1.808046886652231	5.726827644158356	1.4677546905513614	1.655972396543746	2.3552085338466475	1.9919179848624409	408.56048	0.0046876717784825	2	0.39356
0.6508223684210527	0.0169533331275443	5.552566087199554	4.450981000511771	4.719548965429141	2.1322963602971505	2.496434040584791	2.5864857285684675	446.24304	0.007387735605047	1	0.39148
0.098203947368421	0.0	1.5699010536374902	5.392329240549473	1.4200559542707938	1.424531824813598	1.84255583098464	1.884370809959719	498.28048	0.0037790620775433	0	0.38764
0.2237868421052631	0.0254805982112884	7.099493242019338	6.0530924857778095	3.73036727161045	2.042393764075318	2.008775936480298	2.564199965423777	390.77356	0.0078321718995185	1	0.37116
0.0630763157894736	0.0091947109264259	2.3571343130774043	5.159809045881127	1.5604477791812987	1.8381845438097697	1.7839614690814634	1.852809367980153	330.28352	0.0047721324343015	0	0.3932
0.4807065789473684	0.3599441081410172	4.788378873058329	9.49984569278837	2.935187213234689	4.434787545098576	2.7126354947633486	4.548696974547783	457.2234	0.0065736227534273	2	0.43124
0.1688586842105263	0.0138993607353918	1.6719555491569535	5.308333546612067	1.7512086819276316	1.6341128999555647	1.8906937605186065	1.875217899883027	508.8784	0.0054946635007157	0	0.41596
0.2481465789473683	0.0	3.6796739718582954	8.73308366733467	2.6995233296416425	3.318177234630094	2.246069409894724	3.25025637890773	465.74156	0.0065412503468113	3	0.43736
0.3412407894736842	0.0038213993995599	4.489193307110126	13.054475690823775	1.604209072534614	1.618972066321172	6.502612282800865	2.624492329176284	475.69836	0.0058548233992387	1	0.42844
0.9373223684210528	0.0	5.731561029615574	6.602971955336276	6.365863864322248	2.508229275352563	2.7766128583069447	3.854312546957175	535.54364	0.0174228482471494	1	0.46224
0.1893881578947368	0.0	1.689942014717051	3.580204361452077	1.9003897413171889	3.9321435168738894	1.699913252143348	2.052618878331502	531.69836	0.0095578447211139	2	0.47744
0.7543434210526316	0.0	3.617798125392741	4.153728121734587	5.996587800736434	2.6297163839212097	2.0925350426784544	2.8469788637645936	447.69588	0.0061673133520869	1	0.4142
1.1296197368421053	0.0146184391141962	3.2818329679857228	4.036811284096648	7.307198678344965	2.246324480808848	1.9640249906597285	3.784213420921972	435.12168	0.0076695221085232	0	0.46648
0.3197026315789473	0.0	1.9741993321912863	3.6395027572350704	2.0547165469925743	3.2586847195357835	1.835229722507284	2.1723389830508477	475.48048	0.0074842260387539	2	0.46536
0.3829152631578947	0.0844342009695467	4.1819835154499305	3.213630694255037	2.4487739220142912	2.925898677729101	2.056970524370505	2.3813687138882944	463.04128	0.0087207023078553	1	0.47896
0.3937163157894737	0.1447192643124165	2.052025754799579	3.273877620370189	2.262736184762164	2.3231049972656965	3.614328237001496	3.718597094949813	485.16184	0.0115815224779704	1	0.47952
1.0676868421052632	0.0231776177245986	3.0685822853463574	3.554522960117088	7.332975056645748	2.359609054582644	1.8882650726902592	3.3247233644313976	524.61916	0.0119085331962038	0	0.50432
0.43805	0.0	2.493193318639722	3.686836093200705	2.347912970999339	2.46396510295368	1.6042127089818905	2.634177708328873	496.20112	0.0116750208054921	2	0.51584
0.6480473684210526	0.0276485763596965	3.8994555522808114	2.587582978821452	3.675689683260349	1.9716493625969247	1.5888913931198276	3.1118988903856573	614.945	0.0188487246046697	2	0.5136
1.6373797368421052	0.0438603170811112	6.536274381707365	2.9821805952556883	5.648691658750876	2.3497079537675742	2.274965725399856	3.451806336791991	639.9358	0.0234142002574135	2	0.5484
0.4217492105263158	0.0	2.230997250647029	2.1764725360420707	1.960449528492127	2.137046094818797	1.4272402087502962	2.265241803772536	538.92088	0.0143296792791871	1	0.5212
0.4780973684210526	0.0856717663571197	2.646959290429849	2.9033791986071136	1.859082391397137	3.571316022108248	1.51269260849708	2.4303516582817632	564.19824	0.0215995844357153	1	0.5656
0.7054105263157895	0.0514876156142263	8.561468837728327	2.596619070876548	5.886977830434197	4.092463747359376	1.6317334238530417	2.7669357717016854	547.297	0.0106141025128084	1	0.5022
1.09665	0.1855305739161538	7.634862471886396	2.631866860984439	9.33300709438023	1.8786288521661456	4.216711914157058	4.522835308139943	558.50828	0.0174929230319752	0	0.51564
2.080241052631579	0.6763028072932058	9.02212151589256	2.9722120377221843	11.7361105393876	2.1411015756110365	6.524855434626345	7.224515669832513	683.14204	0.0199301510601885	2	0.5464
1.1007747368421053	0.7366375426740653	10.286774109639646	2.881127833428874	10.426186156039822	2.145244469943265	4.066578107538644	7.46964534699852	701.43824	0.0161600906059321	2	0.54816
0.5959394736842105	0.1457637378933058	4.019433800868907	2.5841482420019006	4.514807180914238	1.7998602592966386	1.785624673438137	3.4248306367283945	645.57692	0.0169979536243747	4	0.52128
0.8878973684210527	0.0920855073109972	13.840251859055073	2.852659031501792	12.038559942003612	1.9585645059344048	5.131521776979538	4.809811269686427	608.72232	0.0136415901219143	2	0.50552
0.3668263157894736	0.6202519458035145	1.430959415284346	2.355018543837473	2.1704559158233776	1.3749105545617175	4.910497464285073	3.896410931827087	640.43824	0.0146421871743833	0	0.5506
0.8883328947368422	0.0165919171103948	3.954081681754376	2.5324723354526824	2.736581582520889	2.0413414634146343	1.6508146655653726	2.316382095062298	572.37316	0.0214540080997523	1	0.50996
0.4033065789473684	0.1013868116268349	4.880123195179901	3.3958461291718303	4.594723405496115	2.5415334986110696	4.461065312389276	4.12594452599861	517.64808	0.012333567482829	2	0.51388
0.2625381578947369	0.3067313351319258	4.943994163584722	2.525291105220924	3.2782097273850077	2.023184042152804	7.026337504445953	5.608840345199568	645.7814	0.0180982660123179	0	0.55316
1.6945907894736842	0.1093905712944234	14.04034152722989	2.979632282412117	14.536446470556266	2.0653670855917565	5.468779468201754	6.696438041125541	676.41596	0.024093498153967	5	0.53072
0.4646223684210526	0.0274162818710069	5.2614942050115046	2.729889266588292	5.432273185640531	2.0807508173886147	4.626588541666667	4.07787467961133	599.06268	0.01854326869628	0	0.54528
0.4477855263157894	0.0956918150265248	1.7390224681134	2.401020779266941	2.630879334009001	1.954037997901271	3.4624147025719423	3.7255390428636495	730.46756	0.0209433319112833	2	0.566
0.9203789473684212	0.149790028273741	3.503466464410661	2.934168963843601	3.0685945729901145	3.1198462269057687	2.218606131606286	4.5565545252256205	877.39856	0.0281807749128341	2	0.60348
2.1105657894736845	0.4049822938156217	12.448512690772024	3.238843511247772	10.910710672999407	2.117052785388128	2.8930922771580745	4.411251400854682	620.68884	0.0152865627049873	5	0.51856
0.4718302631578948	0.0234582258056589	1.8244386886770565	2.5797406820492927	2.352570882901301	1.8793676625107611	2.326979991412081	2.348606845396496	524.26268	0.0091074678080222	0	0.50412
0.4985960526315789	0.0543366742495319	5.40346751947986	2.9324106525741485	4.649294639498386	1.7485955891505631	3.7417559133709366	2.9918819005086217	686.48552	0.0137704541128347	2	0.52416
0.4817276315789473	0.1003108583018529	4.992710902831222	2.9981304459758507	4.72578361082279	1.9778729040474636	3.2872305383663525	3.9574498195957535	674.43632	0.0159099612475142	0	0.53432
0.4223523684210526	0.1743200296752958	3.4407736582334807	2.850439669262176	3.3928521451146625	1.7131053192992896	4.337031379654874	3.1493491947546	670.57932	0.0087745156229243	0	0.50276
0.5182542105263158	0.2531095095244301	3.9160081311641006	3.692997715692432	4.217220458674298	2.616515805112152	2.2684505557078687	4.050696310886331	701.5664	0.0200593082630634	1	0.52768
0.9122589473684212	0.0296751972797341	3.613412591443472	2.734582485499667	2.2076048231271463	2.5809560690667763	1.6813059237912265	3.228260747080094	819.004	0.0164373875700024	3	0.52964
0.6074584210526316	0.0432662367321117	5.421936708616741	2.722646708370569	5.215133669720739	1.584520340295641	4.657459576033802	5.397301215199579	817.596	0.0209819847961734	1	0.57008
0.540361052631579	0.0	3.903122065230022	2.5242065138344545	2.7131870133546703	2.224761322455115	2.1193252579785056	3.365371169573357	669.5726	0.01235716087166	0	0.50884
1.8161413157894737	0.6059265214959394	19.930274753527016	2.979953290972725	26.6637650550962	2.0674704426822097	4.462879343384405	6.019107982022932	593.87952	0.0183831346578457	2	0.5386
2.840105526315789	0.0262414105315843	12.960685093806733	3.36322579129168	22.716805684952902	2.1068294901921365	2.592595492191685	8.038248609244375	592.74412	0.0192398896786044	0	0.5164
1.883704210526316	0.0359824995020983	12.50595489463079	3.6355659259420143	11.682811790461288	1.994872222056942	2.192727166058805	6.3781465921284735	768.8254	0.0192928139124197	1	0.52476
1.8964047368421053	0.152897564770322	16.50547132003305	3.2871763574673523	18.8265392770426	2.6400686234289337	2.2206494440231257	5.630079295564571	892.16296	0.0230667514971424	3	0.51544
2.005715	0.1488364569917994	16.80551365048615	3.3308716918270505	25.819770596659964	2.095799393588739	5.42957574000942	8.252530503805371	827.11224	0.020102048042101	1	0.54308
0.6219113157894737	0.8554046706344974	1.8289567630743773	4.006154970195919	3.002016272127776	1.750841531350006	4.866291559411935	7.665809755679202	602.27128	0.0137682399064653	0	0.48708
0.4384713157894737	0.0	1.8606957838201776	2.7772204942641405	2.69749411696078	1.6751296490725716	3.3398978894101607	2.850204199668801	462.18244	0.0107042224545163	0	0.50368
1.9663781578947368	0.0164433333608839	9.905681664885613	3.5975749675091846	14.957094433781863	2.264815177007207	3.3082742339841604	4.334541060856257	586.66516	0.0141897086357193	0	0.49912
0.6121023684210527	0.0182130784254807	3.474691686384377	3.2153029494703143	5.042679617800291	4.258049653426274	4.472049348346316	3.821125380535508	656.33764	0.0168708675607688	2	0.52528
2.613714473684211	0.0872720874896881	14.743589190700146	3.0099663810460937	11.596346087745465	2.107273259787172	3.8955525003041735	4.569077314773531	559.21684	0.0132289576567797	3	0.5276
1.4345852631578946	0.1756502995540984	7.283513517403765	2.926738988132328	14.502298217532976	1.9974272700567568	2.3204770011537748	3.634148395283063	583.92256	0.0172485045162719	2	0.5348
2.195568421052632	0.2262726800132227	16.171397467116087	2.966304199512871	13.107374814197687	1.7561458737649922	5.28086630894678	6.314836109218308	622.282	0.0148460384867822	3	0.53068
1.0948344736842106	0.1208736548519573	12.43147563096642	2.7983230076794103	9.870000162042906	1.4992932577997595	4.636996280940264	4.947792203229531	576.55648	0.0157925805518206	0	0.50996
1.1719165789473684	0.0949276348386319	8.181979505422559	3.362279008746316	12.468287308692217	1.805993757242412	3.5688109043210465	4.451358768529914	589.78396	0.0111661880157099	2	0.49356
1.3885871052631578	0.0729067501111624	9.72163825360241	2.3581294207994823	6.762570138189823	1.9196072461725908	1.7919432202996706	5.296559967189422	759.9664	0.0234192595531835	3	0.57412
1.4346081578947367	0.0487856152523598	7.903246068195413	2.9354280813278844	5.435064920117038	1.918640069310906	4.304779979809787	6.584282525225466	795.03568	0.0416927565282933	3	0.56708
0.8366613157894738	0.0	2.545330358461456	2.5049693191779485	6.750191533648185	1.5767555875991348	2.792050898749407	4.588672068630905	726.1584	0.0194387099348096	1	0.5492
0.2310171052631579	0.0	1.587796261602998	3.324508838742847	1.9932113340876123	1.6423082120262884	7.775752365124009	4.767154846759995	706.34076	0.0122082351012089	1	0.50756
1.2337105263157897	0.0719302758381705	11.271455770659324	3.186321935264852	6.23962934958524	1.9709566150604128	6.569826830149094	4.853233970447453	663.45812	0.0162046374687727	2	0.50296
2.114534210526316	0.1860293428182244	11.02497752800637	3.146798255782695	15.902345028417695	2.1136292068121243	2.972257943128626	5.656796843670333	582.83672	0.0215422507996418	1	0.557
1.057032894736842	0.0021099999547004	6.916588678709818	2.9303035820660663	3.213126658658677	3.454533617939493	2.883175832036016	2.799695541654056	532.34124	0.0233619625448479	2	0.50992
0.6487592105263158	0.0176171433357965	2.792367384873837	3.3107467615867305	2.585974821100916	3.869750235969982	1.6507138288124752	2.662722878140916	603.24208	0.0168884672416834	0	0.50324
0.3796052631578947	0.0	2.8443280512650904	3.521034699558868	2.4609282553595904	5.239327892781317	1.8959128251594304	2.187748305020188	684.29988	0.0157756765838055	1	0.49904
1.3318184210526318	0.0731333127591852	5.4169304658548105	3.4396528352718336	5.148629398756789	5.169789883404011	2.1598812530923674	2.685340046693719	695.74356	0.0137419404142043	1	0.50196
0.4353552631578947	0.0807453881713741	5.899002204348849	2.9361357105426715	2.0577624232211438	1.5652694882250968	3.4030235825480606	3.216570407806034	637.0364	0.0237341592054507	2	0.5278
0.3559657894736842	0.0503025568043981	1.6427422414438535	3.312647976612393	1.6381838884476516	3.5212074767201584	1.584650016465715	2.4051696258075	554.57428	0.0091684232181836	1	0.47408
0.1589210526315789	0.0	1.4947622383932817	3.325459453308228	1.683160076813787	3.0859247952345497	1.5644278974444334	1.8500028963056256	500.4388	0.0047045275742867	0	0.40812
0.3028578947368421	0.0	2.7438810140965955	4.820119114264609	1.663738357762229	2.9190742236252847	1.6534186841218654	2.0155529836067365	508.86228	0.0089785774078176	1	0.40752
0.1579697368421052	0.0	1.466631309882382	2.8356034449961003	1.5425761495741128	2.6372074675831905	1.6232748110294564	1.6330333478671293	559.48432	0.0049476364950309	2	0.4338
0.181953947368421	0.0	1.5927528287624992	3.0456386346431765	1.65703395282493	3.37339495700822	1.8212389380530971	1.8152107057842573	627.27896	0.0062445385667506	3	0.40488
0.1385778947368421	0.0148000001907348	1.4429085511534538	3.465054826481276	1.7040476376263802	3.0900596667574463	1.4085329901731398	1.620661502300401	616.5374	0.0052456598147925	0	0.42632
0.3450878947368421	0.0	2.5722294682639117	3.193435660720092	2.2342018952279803	3.735785646239626	1.5832597681832783	2.5523440015137813	511.29884	0.0087025090417791	2	0.46456
0.3456121052631579	0.0264230370521545	2.1670173387137788	3.632579860838016	2.297162422789212	3.006773464701089	1.7075746247712704	2.6310999133926463	494.85884	0.0122886161785266	3	0.49504
0.1875905263157894	0.0	1.5094217269978432	3.1166995929981267	1.615177967945112	3.714375085604712	1.539871971525108	2.0288489810037182	471.17812	0.0096403699647153	2	0.46548
0.2517223684210526	0.0	1.4687376809769963	2.979232240085745	1.5963088190696997	3.976202591602666	1.479744429056793	1.9893370149876963	387.47976	0.008268222222521	1	0.44784
0.1318434210526315	0.0	1.618568944551274	3.1925242428582736	1.636825567781416	3.6874948922900463	1.4551620435904702	2.040536447096988	493.20304	0.0075751929240016	1	0.4798
0.1744026315789473	0.0	1.6039320983099854	3.3167518605573085	1.4249396197139803	3.122722356527733	1.483627400310102	1.746723070161759	557.80224	0.0158199287196117	1	0.51624
0.2810710526315789	0.622780963466756	1.8455658058009023	4.014288100479662	7.225698270699166	4.215395169025957	1.6915254237288135	2.794741692355018	564.10044	0.0140241533601284	2	0.48816
0.6644671052631579	0.2242361389418222	9.093074373129523	2.921591407043232	4.432110791171034	2.213608668983848	6.896556086269012	4.0327362375282485	599.68312	0.0147769378785526	0	0.49448
0.3388097368421052	0.4488044042892988	1.5403196978451468	2.8739024529704387	1.8885546899963632	1.835712820607159	5.871952046827917	4.134559531072449	595.7972	0.0127583584769333	2	0.52084
1.4549284210526314	0.038768256074997	10.48001849538996	3.431783339577959	10.705781324944908	2.464461793238374	2.806839715330777	5.663161883740949	484.81076	0.0179066835940585	1	0.52484
0.3303842105263158	0.0	2.538675984080335	2.8528530887240584	2.8413865305172608	4.554121656251405	1.6449471695100204	2.142667696477755	321.81852	0.0079730884826533	0	0.4772
0.2949223684210526	0.0	5.305113009001621	3.5568561391532625	3.003094211493284	3.575852092630671	2.4059014004695216	2.295380237090778	334.24456	0.0124873926481429	1	0.48068
0.5023744736842105	0.0	2.174545799791104	3.318511061399908	2.2279606761343107	5.840272865001499	1.772311415417306	2.2989781802385805	511.88536	0.0174765285874114	2	0.51964
0.3793281578947368	0.0	1.825284951937025	3.405704517882938	1.586850397279166	4.16764631941455	1.7142465882058346	2.507506461827662	607.88112	0.0118429435753822	0	0.47796
0.5417423684210527	0.0	2.227738737515173	3.8022152812409775	2.464473044123152	3.742933183918309	1.8609798894288192	2.715624267978449	531.57548	0.0121727254931015	0	0.50396
0.3939415789473684	0.0	2.2965433810305824	5.018761798570902	1.761546712722007	2.4565784948062777	1.6308927102132935	1.8389784733835448	405.05628	0.0056672902300603	1	0.43364
0.3437626315789473	0.0148000001907348	4.078385597265297	3.703640997218794	1.6867857040379783	2.250712291575955	1.7939034196752843	1.936468404623302	430.665	0.008060713414988	0	0.4368
1.2901402631578949	3.200807823129252	8.925806087504437	4.39022205239985	16.581942123263058	1.9157450363148616	3.8620452759367687	7.697192982456141	590.58548	0.0238030720536147	4	0.536
1.240546052631579	0.0204099984004579	7.458471343216995	2.9728806211800287	5.59632601666615	2.524183349323438	2.1005093332249807	3.3407625893948936	661.11944	0.022018212604172	2	0.54812
1.2265226315789473	0.0256731449561979	5.109458976585291	3.0236640644206085	3.453055402061896	1.7826521516577594	2.21454561457554	2.7010378659374554	593.49796	0.0173695578337066	2	0.51564
0.3707868421052631	0.0285735294736664	3.099195112654331	2.9228263381353226	2.5464742681020764	1.6192606147915976	6.557175944203185	3.609198576976892	633.02636	0.0200103472144112	1	0.50904
1.1180944736842109	0.0239154931270714	10.005877111540643	2.66970647441124	6.4345036817155945	1.745200698080279	5.016996545144289	5.269479429684926	844.18684	0.0219213093529028	2	0.54388
0.8273013157894736	0.0584168716048095	6.469831967111308	3.0196152384753847	8.244239470561864	1.9134301033084868	7.867106429535454	8.66127207011259	798.8898	0.0238483021250191	4	0.56956
0.5497868421052632	0.109335010177781	4.02356225589021	2.5978005590631783	3.574281603923805	1.8407461581523012	2.896739734977477	3.679485173304124	592.19432	0.0153549022034862	0	0.5076
1.76655	0.0452697197081693	20.515325858532798	3.840130022729561	34.15287075627339	1.9353713432505668	9.110656583687645	18.61830272582233	507.00136	0.0141924484482056	1	0.52116
0.425125	0.0190938703475459	2.00960155536454	2.881416441472481	2.714617566260736	1.5888824970704165	1.7482663150955835	2.1991664936251505	502.58028	0.00746864346527	1	0.49236
0.5134855263157895	0.0	3.970304469869725	3.2047824765936723	4.745026917669843	1.9962904862969453	4.54304388768181	3.5876981915322963	590.82068	0.0085512981268412	1	0.50488
1.8741723684210527	0.075991641449235	16.235034274421217	3.4398128279759503	15.411864349392454	2.091176890626504	4.094977060292222	6.496184357245262	568.4162	0.0157297642185232	1	0.49112
0.2200802631578947	0.0396631254993373	2.1059690069517254	3.359274429551561	3.0570585742216707	1.5309446407031448	3.560078258321411	2.753764679482384	446.49924	0.0047193420373692	0	0.43968
0.4690736842105263	0.4402139737394147	3.312305305458394	3.3482013898575453	3.2541377919017824	1.929477133553269	4.235619896322752	2.719121785249675	476.12224	0.0063709749564528	1	0.43552
0.3434315789473684	0.3428208100894529	2.343714428433991	3.274918373449133	2.5689214483744887	1.9025649942813392	4.923752651113468	2.7027840812704835	496.41796	0.0061602161390465	1	0.44728
0.453053947368421	0.0264322337107664	4.589241567271637	4.111196768402372	6.562597839717855	2.2547612749627137	4.506379897503719	3.383133895697044	493.10316	0.007135510326957	0	0.45316
0.4217776315789473	0.2034233272110196	2.52977422233422	3.049205562263805	3.399628675432977	2.1090655793892217	4.3314319637547465	3.81466742703095	619.4452	0.0141508707431484	0	0.5116
0.5201381578947368	0.3429800514647959	2.9103404310609027	2.965235536649841	1.8888359912159864	2.229882197461663	2.613358294678432	4.301580007909456	635.99672	0.0219037934850243	1	0.55288
0.7860065789473684	0.03684798872788	7.614961101774391	2.5324393974776744	3.95273078075374	3.223096448799041	2.123384893067769	3.608481077019982	522.47784	0.0197500824227753	1	0.54588
1.0792984210526315	0.0252321027189836	5.618258955525907	2.1538948632745387	2.5856785763465764	1.76577098896198	3.294012842838485	4.701355392642411	590.26332	0.0171795915815409	0	0.52836
0.4753736842105263	0.0222683389631093	1.876056924639399	2.5155598274564297	3.558538348360124	1.6463275641794313	7.378888141025641	4.1800452807656265	655.55944	0.0138761275602789	1	0.52192
1.847023947368421	0.0287124462981722	21.277332289920007	3.3941096213749806	35.60894124440815	1.8685226885022177	6.34879003417806	8.984975294534422	546.61892	0.0137455295968494	2	0.49308
0.9503934210526316	0.4555121574523034	8.213121598432897	4.043223538601745	10.884381667043248	1.9377184181379892	5.986076965459064	5.19724429553814	559.21932	0.009653055290606	0	0.47876
0.3207828947368421	0.732017928718124	2.047156857367221	3.454695068869569	3.7270868047710337	1.7512103630724318	9.37422657916592	4.320671931282904	659.02388	0.0050510004035602	0	0.45424
0.630103947368421	0.0605548812827972	1.8699501033097776	2.851090485966858	4.301672162425349	1.6078147871545931	7.423658015953263	3.824583951955233	783.20912	0.0079021558730479	0	0.46824
0.5034842105263158	1.0685291820313634	3.1370808279203075	2.909932536874269	11.83767231606072	2.109760720370585	6.980299285872547	4.808205911017695	893.32096	0.0083118089401196	0	0.48852
3.1478000000000006	0.0325832822774726	17.278650418077607	4.62918831450718	36.29080170705283	2.6946754415317367	4.627312179877851	17.26471425047754	783.59456	0.0208920874604758	2	0.56244
1.8051331578947367	0.2042213524888716	12.307319338471212	3.0551260472128394	18.49800883137233	1.7329674187609712	5.255920421887687	5.740322837287842	710.9944	0.0275438259602294	1	0.53664
1.537051052631579	0.1132810748024462	6.684491036210527	2.674135455500244	15.529556342521111	1.7451027815961142	3.350479241742569	6.6604598864610125	584.05396	0.0177971551880766	2	0.52124
0.9497289473684212	0.0429870459408852	3.369899766967171	3.061067657574136	6.050730566726629	1.8642497341206925	1.764616014186332	3.762401738269905	435.49796	0.0082439777451753	0	0.49452
0.7611421052631578	0.0214934402804099	7.501647404596477	3.668958451746299	11.882093117555328	1.8958250085010808	1.7613625881869448	3.416552079015451	487.28232	0.0083766405973013	2	0.49568
0.864753947368421	0.303465182677137	4.696685696974434	3.398185088629122	7.602111693223628	2.127657352014641	6.941314352704739	4.156562616585942	504.63936	0.0121343520382572	1	0.5082
0.3606381578947368	0.2480042697498192	1.6554579300928869	2.4941862770450824	2.3597430185100783	2.97588311148188	3.662955700660588	4.796690310069954	508.88536	0.0138370202824999	0	0.54076
0.3647652631578948	0.0187561472710245	2.1718564768216537	2.9720957652700424	1.878712035246664	5.453861015077447	1.6253585606351644	2.3390754654431998	745.45184	0.0206532109941805	1	0.55588
1.1653115789473685	0.0187561472710245	5.474167128436079	3.7874184627068295	2.646617902042738	3.655891707907573	2.124011325654232	2.9968215322760776	928.37948	0.0209279620695815	0	0.53564
0.9371905263157896	0.0199515739183747	3.0593953213319134	3.365798409905386	2.766027758179105	5.165702743527594	1.80328836880126	2.56454790391367	764.47176	0.0225120516000775	1	0.52576
1.0476694736842105	0.051032610194714	7.901450140466244	3.3194552066214893	7.767133455636157	2.138252049967245	4.283338037746322	5.894767049533382	661.55808	0.0310045316445126	2	0.55552
1.483207894736842	0.0490622511760822	7.939561881908552	2.872189904042189	9.624165516577106	1.9802603678048656	4.608585528775454	4.650267741446915	574.49524	0.0217148010767908	1	0.53016
0.1742105263157894	0.0	2.5558633926395	3.3041301955458087	2.2516857022374346	3.9767027193203095	1.6605373716558902	2.5554856537008277	446.51528	0.0102499138759164	0	0.50256
0.2707921052631579	0.0	1.6911711179320985	2.99906929169232	1.6139411449955268	3.31409489294035	1.59145693208939	1.700961921556003	424.94092	0.0078788692187912	1	0.46064
0.2177052631578947	0.0	3.1052753474446475	3.551768083495522	1.7532690608961132	3.394329119498009	1.5391783320757022	1.677158686965262	418.16064	0.0086253987773376	1	0.48532
1.4303618421052628	0.0285458449415894	6.815141650917972	2.586804930414913	5.284886229162565	1.8398132483245064	3.002385595230625	4.877894211865008	445.78068	0.0228292537876788	2	0.5268
0.2723171052631579	0.019477090219523	1.809252113487422	2.680434386709915	2.319933269220164	1.750446947983768	2.8935002539450587	2.6814235781674203	499.72296	0.0072328592002742	1	0.4868
0.4527223684210526	0.0341841478357271	2.698791825504157	3.275383001049318	3.221001573029503	1.6993654606940738	3.532590042645019	3.301055531576869	523.29972	0.011574105792852	0	0.49616
0.268903947368421	0.0625296759198546	1.77011396559361	2.627135789788903	1.7915389356173872	1.46255169069205	2.946470054529625	3.506298169465937	517.79928	0.0195211967045769	0	0.54224
0.5936315789473684	0.0904756570763722	5.293448764910759	3.199414537584459	3.9309929117795184	2.237452654829871	3.422575711737276	3.841644250945158	526.36152	0.0201599035483598	1	0.54208
1.697278947368421	0.7311557488631074	9.809168996781422	3.1734288461572824	13.996491347215306	1.9690932782456696	3.84446792400881	6.053034189197774	539.30092	0.0152532337927467	1	0.52244
0.4863078947368421	0.9455348562562136	3.830400963738511	2.8554396254349217	4.237551409840256	2.1722726313568264	5.451733902425237	7.237027084300663	567.90036	0.0186271670539238	2	0.53388
0.5211605263157895	0.550175563659713	7.127970523785595	3.2759755875544423	6.46232505666542	2.040835900947164	3.6765113827146	3.2470000612684045	558.398	0.016486619556441	3	0.50404
0.3550078947368421	0.0146549016821618	1.589257962567708	2.8822007316638074	1.572374950304702	4.026848134833455	1.718188650562508	1.6854979378681494	507.85948	0.014301101236133	2	0.49964
0.1702473684210526	0.0147584212980642	2.3953486294294937	3.5477927989098026	1.9089332007919853	3.725720354804716	1.5111563275150273	2.14708507945091	523.819	0.0090069621465837	1	0.48652
0.4134421052631579	0.0	2.4080955232573604	2.9755702955206185	2.0367757981909453	2.602834761183784	1.6225351127586194	1.9265219175132264	489.4392	0.012851614256396	1	0.49576
0.4887657894736842	0.0	2.7610525556589653	4.335419645109748	7.690292713848823	2.7776617919556936	1.970868087272945	4.285660645791198	367.51304	0.004814202478528	1	0.45568
0.0705473684210526	0.0203968468004876	3.330196970674962	2.311924740484429	1.5267057351157636	1.8401987007204843	1.4870978159816377	1.4633378782858102	159.05004	0.0018440355190133	1	0.45728
0.0424	0.0179343011957653	3.5947294154264022	1.5586854460093895	1.426166081554087	1.7610478496667934	1.300417303140685	1.4335736383912512	42.04344	7.662250126513433e-05	0	0.45644
0.1088657894736842	0.0229570641613646	3.163807262661165	3.107878529784537	1.5812963542934653	2.6907014492753625	1.5344309441249018	1.8591521972029452	250.06852	0.0022255670352828	0	0.43744
0.0857394736842105	0.0	1.881910675312556	3.5910549817176944	1.83976223579038	3.737932205788692	1.6759289331422391	1.5614160497865488	448.1866	0.0054629025290643	2	0.4146
0.1395605263157895	0.0	2.405306434836149	3.8659004936186574	1.7258009867847977	4.222452626713912	1.6644570800837353	2.061916606184167	550.76424	0.005940396565304	0	0.44416
0.1841552631578947	0.0	1.6121362258296954	3.720034220640109	1.6720189237863636	3.576331728420905	1.575788061703555	1.9580721244231756	604.33796	0.007227766960123	1	0.46936
0.2442263157894737	0.0	1.569716271370604	3.671491672536412	1.580999329902756	3.694830819713684	1.6000342939321863	1.941880096860714	517.37644	0.0070118307524218	2	0.48164
0.1866	0.0	1.5449621228289712	3.0306991638498486	1.75188515894904	3.703857144639631	1.4103400570139293	1.8661798451364944	459.74036	0.0069826696594147	0	0.46316
0.7259131578947368	0.0259573689678259	3.9293614086082105	3.0416174143092527	2.839520541268475	2.8264718967574014	3.1630268270423585	3.1992466977804828	532.684	0.0161471108167136	2	0.50332
0.2887263157894737	0.0	1.468686137731532	2.860249447288625	2.611000721450717	1.5739878122320514	5.188953368210295	3.823518896662538	559.40064	0.0158266106524537	1	0.53344
0.70655	0.0866167696318697	5.762931686373474	2.8742508858899387	4.898484694274597	1.690015761189495	5.771853362849358	3.6132046884192426	588.42108	0.0147672812543195	3	0.49836
0.5440315789473684	0.0539903190144616	3.8903880419626256	3.523585872873386	4.969682094002931	2.1705405622681404	2.627334017870797	3.63587415239734	682.41996	0.0250189571572051	0	0.49472
0.7476473684210526	0.0798412848210187	9.314147177844545	3.45887436036581	6.538117740778037	2.0717071611155387	3.4974767632586112	3.766607457300938	578.9742	0.0103795751228227	1	0.43948
0.290221052631579	0.0	2.627488270139555	3.259456726369978	3.8942928439916753	1.743079756395281	4.110524985719973	2.3148947296211926	424.076	0.0061565238201442	0	0.43656
1.4617736842105264	0.3309528111858324	13.677963761208384	4.061280354316363	17.9870811049393	2.060478568860472	3.957817214177562	3.946215454418329	401.2016	0.0060505283597988	3	0.42108
0.2587052631578947	0.0	3.124397750278163	4.067383069556267	1.829323673893796	3.2429567307455383	1.737174921194	2.173105695531992	491.84656	0.0103743665038487	0	0.49268
0.952846052631579	0.8250574751069782	7.095359343381671	3.0084263220169283	4.996378034743794	3.1677756389149216	1.99854303178359	3.1392334599616354	614.08344	0.0143383126380163	2	0.52288
3.383496052631579	0.7889909730827342	12.351504500112554	3.877702195920314	23.887844681580223	2.218492341725877	4.148617388231731	6.859503774867923	668.3426	0.0198507108514449	0	0.53188
1.7102723684210526	0.0245816330236891	7.536746940404693	2.8947200886401627	11.582908804504624	1.94606975792825	2.641754985164781	3.557219483496725	708.73876	0.0146823009062514	2	0.5166
0.8127697368421053	0.0684940000639504	8.57065215483337	2.8088310513981725	10.380208351028504	1.82524613375706	4.736612764939286	4.130124259900601	694.49484	0.0178398370754718	2	0.55148
1.00067	0.119368924082079	9.342385293039827	3.0569761553953128	7.6236265842620785	2.181828329054582	4.701536950650626	4.760204125026579	563.8594	0.0209265745911878	0	0.5316
0.833951052631579	0.3420153691865445	7.785997657091594	3.010463851209784	8.61563313255779	1.7517100662020264	4.807225125507599	5.505247395833332	586.82412	0.0179691204932156	1	0.51272
1.5380036842105265	0.3178386715525778	8.08819313184273	2.6095308676804887	9.089862577476142	1.9291434737273492	5.438837703250218	5.540881211180125	725.96392	0.0260464913537923	5	0.54328
1.6068752631578946	0.378577374069183	6.229720247745217	2.794322360767856	5.3314282147223	1.8241815712781704	4.084151675350854	6.859543165705956	753.48	0.0308663000304558	1	0.57708
1.3935394736842104	0.0445932327340182	7.434431703946773	2.700352897279729	5.400599358099153	3.1925656608988944	2.0183739471194992	3.1010808953724998	664.61172	0.0338688047764581	2	0.56464
0.2419868421052631	0.0	1.7148041841362571	3.39732702842232	1.6278488300548069	2.2741744756518987	1.6784339996892537	1.9557452595443128	544.3362	0.0062456530123598	0	0.48924
0.6727960526315789	0.0148000001907348	3.032873552348164	2.508236648297089	5.206264879454854	2.560118025769184	1.659043659043659	3.626170983307113	491.00248	0.0133678590187605	1	0.51252
1.169825	0.0392035494568527	4.234975039794749	2.460941722772628	3.019650577043319	2.0414805334412867	1.6140256207496444	3.287217290236094	519.42364	0.0135401934372677	0	0.51232
1.319671052631579	0.0380665523098853	14.310116327292675	3.16477639223361	7.757045308196135	2.444369073741275	4.714668452000628	13.677168217343953	738.3102	0.0233642463419016	4	0.56384
4.126694736842105	0.0861317120963238	22.753354285629847	3.128381075686031	22.03584120617345	2.1258190933632504	2.913173825737174	6.28868211300512	874.76128	0.0208238468055865	4	0.57068
1.1224486842105263	0.0	3.712281766280539	3.5623885176046355	5.769939960077438	2.197023283405013	2.000858597546577	2.8515056250244992	806.01108	0.0153168450807823	1	0.52384
0.5546802631578946	0.0148000001907348	1.9260320352097653	2.799879560873248	2.177969807816571	2.276118453600961	1.55310725996953	2.4313410885419806	617.8966	0.0159581220531113	2	0.53144
1.4649513157894736	0.0249918247091359	9.9817084246933	3.093477870586975	5.4741030067775895	1.9576500491065527	2.046253987408224	3.3944112531773785	597.16384	0.0261133313359583	1	0.53244
2.170561842105263	0.0304081318859037	10.181041814085022	4.150852118342643	12.930194016581916	1.9568896252117307	3.483645704891081	4.325295681769836	704.69836	0.0257896013401536	2	0.53336
1.0362723684210526	0.0277715114732176	6.747667872889701	3.5590088255143137	11.089300186678743	2.01324681888248	2.5669198053871294	3.826462608561986	565.41308	0.0135499109220154	2	0.53692
1.2660934210526316	0.0170099995602136	4.008439856180357	3.1935025506260626	8.134275259677716	1.808650475813983	2.2522300473418806	3.5224790038492944	510.26188	0.0141858045742441	1	0.49484
1.1802526315789472	0.0187611889725819	9.128409071306423	2.620802455424752	5.627543331912532	1.812471362627777	3.702643374506456	4.689903895532242	616.68456	0.0201557841440158	1	0.53608
0.6562710526315789	0.0	1.8898430099670225	3.1360660292555367	3.490554156777852	2.428037526877968	3.0500419533851275	2.960652690596624	580.09892	0.0119482161947558	1	0.51116
1.4428318421052628	0.4007970555621161	17.584395161211667	3.013968976737777	13.02975068561562	1.7834603518719252	3.165762083149698	6.142305073371951	608.52272	0.0126568117773883	2	0.5174
3.621203421052632	2.657871951863421	13.033589173922676	4.817187493852131	27.46325869204633	2.078852918216467	5.199847579776708	19.62007271086585	708.34012	0.0104754264724955	1	0.51444
1.2077368421052632	0.7418430203033484	9.170277450460384	3.44237073161855	8.373747177259636	1.8637466480474203	7.396004939442759	5.16763790376078	624.47552	0.0131541229276096	2	0.52264
1.0386631578947367	0.5594586323650175	5.66202228760706	3.0366141612079494	4.487286234417107	2.138688	3.247147609405491	4.765121015927373	583.88408	0.0127771161776255	2	0.5232
2.7882610526315794	21.8307855151799	20.099273774461505	4.825527632392612	38.03137607144821	2.0069380680617206	5.606608092365561	26.11428143273139	724.58588	0.0162208664147468	3	0.53744
1.4897905263157891	0.1575493307674632	10.561590765191132	3.038908780194335	14.117189960508943	1.9885671208218407	5.49056285726207	5.159988166670912	803.48016	0.0180743107380235	2	0.52176
0.8479489473684211	0.8045221899200852	8.2440948276082	2.8345672416629326	5.7292920978694255	2.268197857918973	6.4935050631546645	6.499544318531959	681.80868	0.020260873265652	2	0.55108
0.3676510526315789	0.1155010725090383	3.039299133634872	3.165598073270618	1.9277592130520589	5.092088192950388	1.6746719643376295	2.691082470752275	464.2162	0.0089763972514517	8	0.56032
0.4492223684210527	0.0216603491510188	4.07681217300278	3.0344720029949506	2.1011146358640898	5.244421207000988	1.760384035387554	2.4054028009425803	471.80328	0.0272644743737753	8	0.57084
1.279467105263158	1.1566167594624632	12.42215794382116	3.298031876756915	12.03592230139783	2.185283072953992	7.240490172955974	7.353900366421337	652.26596	0.015093409275097	2	0.51416
1.2170131578947367	0.9475868059039756	7.489463504690792	3.07171013877317	6.91325543477617	1.9885662100041168	6.892705337251447	8.663080529355659	759.92688	0.0218163743641095	3	0.56312
1.9101815789473688	0.2155301212158453	11.640893145013935	3.376679997666536	9.322718350526612	1.9823217072152264	3.632748646337988	4.600600177726935	805.13628	0.0334159903411304	0	0.5386
2.982080263157895	0.1576822836114071	21.60299027356402	3.2839813310930643	24.152061731708365	2.055471914195372	3.300466480446927	9.58267753855336	726.57636	0.0147470876074538	2	0.55688
0.3918271052631579	0.099554086903044	3.102587630243084	3.941086100168824	1.8751621041470523	1.937033552131166	4.501750223369403	3.3212739704583627	577.97404	0.010170834139305	0	0.49976
0.6502171052631579	0.1050686544518264	4.556306706719062	3.1133283268248726	4.542472162097858	2.3215861575945027	4.081905722061892	3.373823873789158	491.63848	0.0135922014640709	0	0.48312
0.4147465789473684	0.0239482879638671	2.036823094054	3.0410328280904864	1.7003359685976178	3.577853689160285	1.5526691904388843	1.8500310419965973	484.14076	0.0074171418475052	0	0.47864
0.243328947368421	0.0218685225312932	1.823325468524464	5.489708590412909	1.726670722783533	3.842284593787602	1.5606960608565614	1.881725503299777	467.09996	0.0056138043713394	2	0.43208
0.1863736842105263	0.0	2.135088826819157	3.296610741383406	1.7121265036851376	4.196550866841251	1.829378900865704	1.891277063215795	508.40192	0.006665965434716	1	0.463
0.3273302631578947	0.0	2.3388545954120965	3.83166596087067	1.8472325879845823	2.5566558497220253	1.820881261694734	2.0315649574169483	527.68056	0.0072675583556645	1	0.424
0.6650771052631579	0.2215073941678633	4.599906207141336	3.681236880473546	4.689407790862626	2.273318766488171	2.9944306313468974	3.3349906830818306	571.42196	0.0163466450472263	3	0.5086
1.2676581578947368	0.0706674445308324	8.042166631402472	4.037430475415209	6.937032439690399	1.997320889526964	3.0959790546076302	3.193368757263245	637.04304	0.021267286423059	3	0.52236
0.4939871052631578	0.0200126477140997	3.0729989956339665	3.917611749194152	3.812201317877043	2.225768079925256	1.8243335066301696	2.3588209906319024	717.22284	0.013776222964981	2	0.50232
0.7620276315789475	0.0297472662609452	5.084431806916122	3.172714760745799	4.657051485456023	2.022993780051205	1.9283097110526284	3.060267303451553	882.00752	0.0180992653520668	1	0.52356
1.7106407894736844	0.1195253872330408	11.738167615957805	3.98013710554593	11.9687062086878	3.4110946634536927	2.228589328796444	5.1884347090020215	852.77452	0.0326661990802428	2	0.57768
1.863767105263158	0.1328592048081845	16.846838572714137	3.390543741791205	16.246733060904567	1.934957668803868	4.756422414913246	7.379214810521471	693.73308	0.0199870382614696	3	0.56248
2.660669736842105	10.75901205031938	23.10152566161939	4.0597724275649	31.23597640368125	2.333763474861846	6.989252796850241	23.438375627188396	725.28592	0.0158780079294653	9	0.53648
1.1078657894736843	20.48260668077212	8.217318006920754	2.8524157132263364	5.905786843457917	1.892463613773518	4.515234072355606	7.568886212971642	794.48048	0.0116616738662649	4	0.52936
1.115457894736842	0.1312936254225991	8.026709721556724	2.4815909118663524	4.506377394507996	2.297626982533628	1.8624909526846396	4.008843680272369	706.29508	0.0156846749254184	1	0.53488
0.4999552631578947	0.019264435084634	3.4928961684507165	3.180810049139405	3.2289634289805567	1.8995095367847408	4.484564204442838	3.3954895205486246	643.66236	0.0161927660997474	1	0.51008
1.766805263157895	0.1307106614726834	15.483464253340362	3.25532786280096	10.930001871141004	2.0639045314444746	4.125168855409044	6.557357746207582	814.10668	0.0311164529294827	3	0.53588
0.3059171052631579	0.150448785646136	5.891310989724036	2.307166777891086	5.124719915503187	1.6238149270173508	4.814255855982611	3.411598532376756	871.69812	0.0126342145902619	0	0.5424
2.6203802631578945	0.094219793033199	9.016845152346187	2.853464128014504	12.473548575516276	1.7993591148687436	3.317310690423163	5.7830991067270645	836.0978	0.0222483985080789	3	0.54304
1.1052184210526317	0.469205321207101	17.94773289005225	3.556305332852208	17.137944273179986	1.9704425520893576	7.043663943611648	7.340959049092241	791.53868	0.0330001395415558	2	0.57696
2.254936842105263	1.0778490970096757	11.72101648708851	3.619861733518142	13.895922119024195	1.904823082309856	5.111841561214501	7.852421257530247	689.93772	0.0327563813274748	5	0.55984
0.9982092105263158	0.0794070598063861	7.132559877803994	3.29358091588244	7.539340843222551	1.782286835192316	2.391207443879247	3.822354763629241	663.43696	0.0134548070528927	1	0.52516
0.7637565789473684	0.0837142926277857	2.649320324464881	4.318840234864247	3.283429321324266	2.042311006570243	2.573063151138103	2.693448465515889	643.34076	0.0079916838337393	0	0.50088
2.2094	0.0802165814164629	10.982466015912594	5.218909804881724	14.671099053147634	2.034055675957805	3.575136226394869	4.734244303338508	714.80536	0.0206449720693335	3	0.50612
0.7154784210526316	0.4929071601881713	4.430143534230311	3.574400690825058	10.037309132222047	1.991178541312948	7.228909990680934	4.893059283687399	832.30372	0.0170905267281392	0	0.5322
1.614398947368421	0.6984035577421669	12.210379560992283	3.0305209502513737	9.3907376604704	1.9811881264293223	5.747033538148666	6.665685266371595	874.57972	0.0279397051262154	3	0.55192
0.4196226315789473	0.39223386820044	5.997373625656637	2.66684028895326	6.84113604510336	1.797756933392029	5.873742147968996	3.806839935391324	786.13788	0.0161127859967596	0	0.53716
2.7690752631578945	0.6403286687664702	18.12873946002261	4.230846177401245	18.058319724553225	2.33205072687906	6.044376944318222	12.352465624592597	792.32104	0.032539865015675	7	0.58428
2.862974736842105	0.1876878975127289	17.433446377457614	3.614370275867493	31.91772603568965	3.097383458646616	5.226044352363413	8.081169019579242	806.09716	0.0351397116551679	3	0.58768
0.41533	0.0	4.615183106700161	2.971617533606078	4.716749148691351	2.11435618231584	6.269120981820106	5.7514187610166605	795.85772	0.0159730630394991	0	0.53368
1.2422963157894735	0.7769271249448075	11.50252290516379	3.299613438355032	22.34667529281569	2.572217020398106	6.045207773021705	12.219064727177807	674.49532	0.0160359830372473	4	0.51056
0.3028407894736842	0.019830636642686	2.609364656754782	3.431577022398546	1.9952601025098748	3.720876869639186	1.648617764471058	2.2256558103305584	545.4206	0.0121706201809995	4	0.50984
0.646335	0.0273988909191555	2.194836433290942	3.240566619514221	2.826231045840646	2.4362375507989604	4.191283425420805	5.41311126087096	626.28248	0.0147789213266092	0	0.52404
0.3833518421052632	0.0608843120606556	1.6943612208091383	3.151608006020204	4.96503136408868	1.7799585402778342	6.376963484536412	3.6321341437214256	616.09804	0.0121322868917268	0	0.50252
1.5855828947368422	0.3222544281330057	12.246614278879814	10.56748544576426	9.110287930236671	1.9654642834496123	11.81693291251922	6.350537262828453	612.5394	0.0136607737441623	2	0.49132
0.4826073684210526	0.4627255085458832	3.342691160651537	6.952969272196016	2.390639002824565	2.426998284357782	4.056101780740991	3.5635881228296067	545.69108	0.0107326801412245	3	0.46996
0.1630347368421052	0.0332109155266166	4.577730934010025	3.6642860855510553	5.030655857228011	1.8340261257214807	1.791385454503787	2.1486862670727143	241.12964	0.0066036497979304	1	0.48228
0.0624631578947368	0.0271522640608044	5.150390014911246	1.4654222662360317	1.646381120646331	1.4717102206018071	1.3077960615052604	1.4516852330823309	45.53828	8.864001631736755e-06	0	0.46644
0.1153815789473684	0.0132101309657857	5.331197033526751	2.8691897529496124	1.3203469880294294	1.9799488215488217	1.4081738828834036	2.064743810625192	227.59212	0.0023758894748547	0	0.47352
0.3730947368421052	0.0	3.219036002989099	3.924339318709433	2.2883137874511896	3.1143818995324244	1.5123210928811155	2.222570620997269	448.16456	0.0138779922919413	1	0.48864
0.169428947368421	0.0	1.988701961368079	3.3046801702275874	1.8253897197696225	3.088893153416903	1.5877286402350317	1.843826773358202	461.01636	0.0068601722785655	1	0.47368
0.2592881578947368	0.0426000507826854	2.249676976629382	2.99834501472422	1.6384274888041717	2.870358916256727	1.511889536405579	1.976787721645871	483.0642	0.0204926096057891	0	0.50288
0.2277328947368421	0.0326029510322703	1.814215688585928	3.221428128826395	1.5959567957939924	4.088061986794823	1.3491207880054366	2.25319394798071	542.9038	0.0101214972424507	0	0.52388
0.35417	0.0672366454577027	2.363716777464397	3.819489853182197	2.6091017792005182	3.352324026509808	1.7636058755918005	4.04738092265071	635.92416	0.0153684497030692	0	0.52016
0.2977563157894736	0.0368999810420912	2.2583248385539143	4.23809939537819	1.9351566087972556	4.250280423721745	1.6029290870020387	2.569199472905769	677.3612	0.0144845040244915	0	0.50404
0.4597552631578947	0.0657492006170158	4.488526505333621	3.0212517495804074	2.2907111770550634	4.440962761126249	2.0459616255511857	3.133406400380583	762.69956	0.0198714251742643	1	0.52492
2.1078394736842103	0.0316498546826361	12.774642863750024	3.609897826195096	11.94266198250832	2.341241849483214	3.160011956762803	5.459521154758333	708.9766	0.026551752952232	3	0.54524
1.9273026315789472	0.1303851417788682	14.637457717307106	3.353295645875153	20.476990352043863	2.009499381977127	3.382752212701435	5.676370065624384	558.93484	0.0101875559001459	2	0.49488
2.89523947368421	0.2221063245960662	14.331738863963796	3.209003517561167	22.49567313655534	2.1167465481669576	6.661160432877508	8.183611332323151	541.10236	0.0181400643914412	2	0.5298
0.4624947368421053	0.4493338793120758	1.5771625235272215	2.643826013558144	3.5729680986563093	1.8786970866185764	5.092348453608247	5.029346873252798	516.41996	0.0277443984763937	2	0.5748
0.4916947368421052	0.1542327158609244	4.582884625030527	2.588564509559668	3.235718777003004	3.8045453730183247	1.8101665587947724	2.561404621455239	592.08128	0.0207108917252807	1	0.54716
0.3234368421052632	0.0148000001907348	2.771514322583156	3.1462182745381617	2.138207608009144	3.514515760340805	1.5753704608016863	2.408937324818708	639.88224	0.0193286804278633	0	0.5422
0.747278947368421	0.1891288600401408	3.604937163184094	4.890053107934494	3.191822223495207	2.7677763527054107	3.231222925529064	3.827509670524951	740.16216	0.0257290720653007	4	0.55384
1.2274105263157895	0.0358552000515729	4.698279435280515	2.879177639374082	3.555539229673866	1.724830202986117	1.8078130444744007	4.634976159848722	717.7972	0.0322571883170394	2	0.5908
0.3189473684210526	0.0292983600484292	1.7309904412803552	3.18745965008685	1.7704556728403722	2.8470782732886453	2.15714365389212	2.45844959288632	612.82076	0.0141093216242159	0	0.51072
0.2840131578947368	0.0206798455729988	4.295828406657381	3.009250402415585	3.140275677366838	2.991616437310327	2.293493690410989	3.5556911004978504	612.078	0.0336847533616248	2	0.59252
0.1705973684210526	0.0148494650288967	2.7153150185916743	2.9357494601356304	3.350465737446322	2.053925574749579	2.058923607752088	2.375533054928445	483.40892	0.0057841318348926	0	0.47636
0.8855539473684211	0.0380007476392432	5.04651074854272	3.9189632793045406	9.207452272685344	2.0491656579890285	2.4319875196648915	3.680830502798641	391.24696	0.0106347204859116	0	0.47328
0.2880107894736842	0.015617913890259	4.04975120830657	4.138216850456611	2.1295112947485624	3.5348329525369664	1.6573440733868654	3.0854818313399863	632.69104	0.0238301959766359	0	0.52472
1.730183947368421	0.0508325582754521	10.000288285750454	4.590798499368811	16.826196191467496	2.886270715702324	2.306984875270085	7.2937434789403985	806.93956	0.0276673586753536	2	0.54972
0.3913776315789473	0.0	2.000604917848105	2.7992724148225827	1.8718906783849076	4.73675617727083	1.3401018486422411	2.0148142383330985	778.26196	0.0254425964579161	0	0.54948
0.4398905263157894	0.0188507631326177	4.782311875311562	2.9145292839414627	3.403960616468332	4.26742447073769	1.2881039891634485	2.596446637132501	793.71672	0.0298410384828904	2	0.57336
2.2320494736842105	0.0968660015420815	9.358196273466689	3.755030356303025	11.738708438708723	2.145199982289273	2.6120089194879186	4.957049934773155	638.68988	0.020986980985403	0	0.50012
0.6057852631578948	0.0127569385643663	3.06704681120966	3.3004298841878383	5.42563403170152	1.976046192773119	1.93750027570136	2.2647002686048348	486.7414	0.0077397973089183	2	0.48948
0.9304231578947368	0.0166279787427923	3.440733845293096	3.583245529131878	3.031374899121478	2.6528843100874173	2.677260648568879	10.416854028335049	580.1066	0.0144279538832867	3	0.51292
1.348866052631579	0.0248648989331591	13.825811145179454	4.236544651413842	19.03725835756204	2.637809749308999	5.191174149409836	14.628880180658872	702.13956	0.0208108294637764	5	0.5328
0.438443947368421	0.0231885682426944	5.800941248561779	4.549840064969334	4.114695009952779	3.267002070157039	1.7504537625486063	3.120528876977919	677.55944	0.0206371104376456	3	0.5198
0.3242418421052632	0.0308357669372116	2.420799814752288	4.039434840588721	2.2695637756183853	4.929296720407435	1.852976634573252	2.74876196528247	707.08416	0.0115897316841518	2	0.47888
0.4661144736842104	0.0308357669372116	2.8744008502404483	4.071828305656545	2.750330561172142	4.938585729916875	1.8213824035083348	2.853518153673421	736.15864	0.0153817782119442	2	0.49256
0.6063405263157895	0.0	2.140066761289499	3.559270116301541	2.0585094715614383	4.681093098823551	1.730902452239052	2.4344111938271977	653.29412	0.0170906825649037	1	0.48528
0.2470868421052631	0.0	2.1598861105071383	3.0625094363267453	1.794749730914979	3.628825498770156	1.5241620638174704	1.901901986646805	606.30268	0.0101081024405535	1	0.46328
0.1890605263157894	0.0	1.5773718109204669	2.986032409858041	1.7798049949559311	4.416103184086596	1.357285234072617	2.001180543283505	634.13908	0.013478552633594	4	0.52116
0.2313815789473684	0.0	1.6137659116319014	3.0022712961261657	1.507690694184191	2.966052657963866	1.747055393823581	1.9760312350672815	637.57836	0.0105605316576887	1	0.49368
0.7544857894736842	0.0219211119192617	4.111263211879227	2.889631959599483	2.75932337552805	3.758065026640173	1.5494938431299088	2.898160316419216	625.60136	0.0231677655751214	5	0.52576
0.2962694736842105	0.0	1.5920467177845208	3.2060052767654668	1.586427311838639	4.453453615098352	1.548061373577713	1.8852894754592264	571.0396	0.0135669417353587	4	0.5034
0.2977289473684211	0.0387685600847136	3.6936866758264	3.991631720936216	2.939834834161012	4.066342636294014	1.9226223745496087	2.5191576802241658	614.764	0.0150873388975858	1	0.45884
0.2077684210526316	0.0	2.0868756995749087	3.585734993696105	2.0382765763763158	4.512922967225035	1.804963503649635	2.4087086359967715	752.27816	0.0150869387664514	1	0.50404
0.9809831578947368	0.0265558723913708	7.600228895556043	3.438303452874004	6.140405782238597	3.893773127229015	3.930894104929931	3.639802955665024	657.5984	0.0228878242997562	2	0.51552
0.4201563157894737	0.0190121407682431	2.414880383981714	3.9021843699652266	2.400734019536673	4.327218595658865	1.7147716265637871	2.9719984678732163	557.31656	0.0137056181510406	4	0.51108
0.4511223684210527	0.0148000001907348	2.038260475154834	3.502396403922954	2.143879866832279	4.335515125018917	1.9159844609493424	2.5901277998122283	550.30028	0.0111025984872088	2	0.45112
0.3754539473684211	0.0163978116994419	2.1416233570854635	3.398471724282312	1.9063378564717968	4.218313021222506	1.762105732547551	2.3967303029028777	603.08496	0.0167225880966116	3	0.50564
0.2930868421052631	0.097350292470322	2.887457590400049	3.797234394684189	2.621527118102505	3.2445122939746014	1.9208835610123955	2.1583048486831613	675.68088	0.0092356687983695	2	0.45008
0.6595605263157894	0.1491433322106314	5.425028208062303	4.081944995145671	3.50744091924944	1.968832934748475	3.2268015608947667	3.342846073653741	636.49572	0.0084480683787079	2	0.44096
0.3899434210526316	0.0248446327503053	2.15554142118006	3.833260015423912	1.7816550433553426	4.262287059488573	1.6312760553773	2.230611952255829	563.217	0.0079669291587086	2	0.4332
0.206925	0.0011818182062019	1.7806195042063555	3.645841781665296	1.9594116736576292	4.048009943518111	1.6789010435433602	2.016672621617183	530.7434	0.0097555481651951	1	0.47228
0.1863105263157894	0.0	1.722770730825214	4.12228587396954	1.921327452104873	4.265108788316839	1.339917754621312	1.9692179249024235	659.12416	0.0163150598454124	1	0.50288
1.1622552631578948	0.0476499167149379	9.548748460597068	3.4388503113395625	10.553181562809447	3.385591073352408	3.355740074045704	4.813950375589688	697.45868	0.0299376037952479	3	0.55368
1.8063263157894736	0.0412686556592968	13.312148021263267	2.8850517780924494	20.250156115291773	2.1527422577480038	5.0939844342869245	7.129576360605322	605.69676	0.017975656141814	5	0.53048
2.0289605263157897	0.0443665814358678	11.181542351414366	3.595672548750344	21.80926940525171	1.817682630491748	2.148745360059391	4.591949021911188	582.9402	0.0137532588854958	3	0.50208
0.5675736842105263	0.0682975566066008	3.861947139760777	4.901202671963587	2.946107141539627	2.144921692169217	3.1752503565509	2.880810158971655	577.57828	0.0120872851561097	4	0.49444
0.6130184210526316	0.0187909512292771	5.357261655667849	4.234198923840343	8.306775298212715	2.424329307135599	2.069876694418436	3.4015102246061013	520.05628	0.0106426993348317	2	0.45804
1.0227052631578946	0.0636263021950272	16.290555464137647	4.408170033972998	15.093474310853654	2.153076606123403	2.9057898212974616	3.7989482245548234	515.18564	0.0114415888480929	2	0.49148
0.6212815789473684	0.0468620175154433	3.277463398430877	4.434371437823835	6.770869536450453	2.9959432384040783	3.1039513570327	3.209142898932281	713.00648	0.0102062763625383	1	0.46908
1.0704868421052631	0.0860775824306413	5.110461439513562	7.750243718592965	19.697038321689675	2.335963084672177	3.2724461230837587	3.967638863889989	752.979	0.0097427447295539	4	0.45984
0.7228768421052632	0.0826264528601163	8.884068354596637	6.390014025842448	22.89188554383907	2.039791854449996	3.1105658304339863	3.687167004732928	662.27672	0.0068871251408843	1	0.45488
2.412782631578948	0.3192147073224987	19.218726558729973	5.197849492978484	57.71723392200362	2.454365019466906	4.2660691353095785	8.2280174970344	597.7778	0.0076866241340076	3	0.43724
1.252594736842105	0.3324917944848764	10.662640118492677	10.690124360443868	7.20925762574892	2.072535362194599	10.501583568467346	4.686303777544596	580.2186	0.0115463288322617	2	0.43852
0.3973194736842105	0.0745963179572454	2.9689560083128894	4.44299218507823	2.1077891731372698	3.748639346216264	2.114152427671894	2.3501745259220064	603.46276	0.012143935858765	2	0.4608
0.2764068421052631	0.0257079638109243	2.0580381668757477	4.500597081732439	1.7053039932194665	5.622761367117413	1.7912683248664696	1.975312860770296	651.22148	0.0087162133349215	3	0.4602
0.4633197368421052	0.0	2.053524540549572	5.34470112004978	1.840886914064896	3.1246536555339763	1.791351210129096	2.0868893284056127	638.02068	0.0077214491697532	2	0.42668
0.6819813157894736	0.1491609801419766	8.22231191041567	5.093340823452138	8.074321628044405	2.2487443335778714	3.2327977563178627	3.3188688869260154	692.08048	0.0169607484955384	6	0.47252
1.0488357894736842	0.0918039717987075	10.358810296006313	3.5903798985674995	7.601969211952113	2.6512490474615533	4.5083033893367	5.07462474449289	697.61452	0.0172413219885265	0	0.50776
0.3028642105263158	0.0	2.058121551577648	3.2647193231353104	2.1814619035747054	3.4399324169731957	1.6999246508261934	2.051352299245356	503.27712	0.0111194591675786	1	0.48752
0.2561276315789473	0.014328630379893	2.318492679060665	4.200165411157351	2.1534832306990985	3.48212517617581	2.021079527794849	2.06332405730084	451.29796	0.0060461418925313	1	0.43696
0.7723102631578949	0.0350038834476414	4.766629687923214	5.845161660103867	7.4273086955246574	2.1683421468550583	3.2695883271607693	3.248606718382669	407.97844	0.005286490922763	1	0.41768
1.2666594736842105	0.0448085275182473	8.343442143186934	7.6659480157286035	22.265510672043	2.3190214300869934	3.3997246211362	5.002985576045281	389.67896	0.0056531717199262	1	0.42688
0.2457263157894736	0.0719502008889665	2.048858152154641	7.789946569644929	1.8569604432242064	2.658373245828388	2.3213391030684503	1.9035007287663968	419.74244	0.0055193219529881	2	0.39764
0.238828947368421	0.0	2.110273249309768	10.2525025	1.6089107420719235	1.819868375476273	2.8918813742211698	2.4967361733487525	453.48272	0.0057919926706833	0	0.40784
0.2956368421052631	0.0	2.142860090977815	11.689978765212985	2.095902865462784	1.7193235491320866	8.04322432733641	2.982187766972644	463.57868	0.0066059653872076	2	0.4164
0.5586507894736842	0.0295899987220764	8.767094512668931	9.33982119508368	9.006909519098443	2.3152379890137467	5.156000836742283	3.3635265104248	452.71824	0.0087670561203711	1	0.43456
0.828415	0.074468342935133	6.346682925881005	9.257475453172203	6.571692601997648	1.9915817460767613	4.223898448414186	2.763043455657439	400.43888	0.0097594698580398	1	0.42252
0.3808934210526316	0.0236945535807285	2.205997936321415	8.64242564102564	2.131779081623202	1.9716595502419585	2.8664519431357247	2.28091975628727	361.9992	0.0071700713753174	1	0.422
0.4562355263157894	0.0222294551255202	4.288925502833714	9.540613738738738	3.6646793034859777	2.262114702384207	2.9835988308366823	2.714500379182623	414.86228	0.0060696921762648	1	0.41616
0.4196844736842105	0.0210633803941176	6.398155817826992	10.669681154822335	4.03262888516834	1.8942306928210155	5.910354626704287	2.797180918839717	420.67856	0.0078694589154334	1	0.40676
0.4563313157894736	0.106174487298625	11.49709798309776	11.39733131377551	9.83304280455968	1.8889176383534831	6.571432330582808	4.723739063643892	389.5196	0.0085008613811696	1	0.41148
0.7281223684210527	0.075853186446062	6.296809073321545	9.562127913135594	7.238318599617538	1.544244676604589	5.309462377478075	3.577092740468394	417.18292	0.0054608200811112	1	0.41784
0.512403947368421	0.0	5.003442393019155	9.969418808677425	5.814425822440295	1.7600460610986928	7.503011637217696	3.953677975990523	438.77844	0.0053042691130322	2	0.41464
0.2142960526315789	0.0	5.440477797157643	12.07181890077378	2.786053131096974	2.099104219755539	4.442809785860637	2.829545443433449	443.0416	0.0065930451655387	1	0.39932
0.6874092105263158	0.461087537554776	8.963547726989024	9.780889265707607	10.98875386219708	1.612931952629211	4.927892201354465	3.0042467155146024	432.29836	0.0108285086466985	4	0.44056
0.1989855263157894	0.0	2.386229235252684	6.398097656575765	1.8320599199373564	1.838374961550576	1.8203216796686892	1.8335384358381823	367.77724	0.0068183728744352	3	0.42328
1.4473671052631578	0.1056052714941736	8.386917419848112	3.821511955580141	10.289139562280866	2.0686804049616474	4.194733582709892	4.891995515695068	445.16712	0.0120880198662771	1	0.4796
0.2398157894736842	0.4602222695892317	3.400889547886017	3.33853380295296	2.6040816422693216	2.080820879814776	9.553187373353596	4.278813956559055	594.10148	0.010465388197443	0	0.48164
0.2960184210526315	0.8320840589936253	1.7312752883408031	4.070075980871778	1.6585951403038683	2.1282551471311373	4.722124213836478	4.102795145273998	524.436	0.0065485237323887	1	0.42704
0.425653947368421	0.0466440437167977	5.052329905987917	6.113755167868584	5.426660094426144	2.248520947445023	2.1314200717473093	3.21909345771206	410.8982	0.0074573534246052	2	0.43684
0.2337592105263158	0.1985170281703247	3.817666784086605	8.3647520752454	5.091610987181317	1.7523947923617993	6.367986460316685	4.331184507799892	428.38092	0.0089212301786506	3	0.43988
0.3865684210526316	0.2531781690345849	5.602664312035955	11.518699220223873	6.206230680669758	1.8941856245139488	7.713551169242965	3.3724748168498166	454.50116	0.0063759725550167	0	0.43868
0.2079736842105263	0.4164446578139759	1.912665317016527	8.047256007588533	1.907244452017352	1.853127040715638	3.287393142528278	2.2158575535449825	434.7374	0.0068851879894908	2	0.44452
0.0675315789473684	0.0381460642301159	1.936654722522668	5.250059299665188	1.2758984660949984	1.767773100750885	1.5160905361938206	1.5433900144156991	380.5782	0.0062652170826056	1	0.43424
0.1536052631578947	0.0546826278006672	3.2954906114333724	4.7636982093667	1.9850065064709888	1.7842178273030451	1.8124388978475776	1.7443001484361014	342.65884	0.0075527067287178	2	0.432
0.2359276315789473	0.0572437530324444	2.0956253046568127	5.1769447636653245	1.9776789769747392	2.1302799692801786	1.9025076012685127	2.434588351999498	310.77828	0.0066736022461863	0	0.4404
0.1637618421052631	0.0333396655758262	1.92501096675896	5.030042497139787	1.88696677432136	1.820394389960983	1.9837690569657371	1.6766775633702151	309.7426	0.005831099045224	2	0.44168
0.1665128947368421	0.0283572186848048	2.0387621878712774	6.7414175543979855	1.4727541713969583	1.8556411734463365	1.7816778348479714	1.891083476564864	361.40104	0.008827279083571	1	0.41672
0.1575397368421052	0.0191967500805181	1.9064672053411016	6.042301223158171	1.5455746649802868	1.6823967369419224	1.645336341732554	1.7142636710356682	361.47768	0.0059941775488853	0	0.44752
0.2334155263157894	0.0664367638637167	2.3184664897608016	5.307364455115082	1.5573038878901373	2.06422674549393	2.1527226696920265	2.021417218189225	378.70324	0.003933462314255	1	0.45628
0.7554055263157895	0.0604855007881412	6.422983806991928	6.156692317476468	8.59600856463413	1.9660624597229304	4.5534890211506776	3.210918051120632	402.52048	0.0093107041229219	1	0.47232
0.4437802631578947	0.1617116254904808	2.843834612018041	11.462185607130529	6.762282305547778	1.8787349156760909	6.798117852193695	3.923090814699447	371.057	0.0063600373507948	2	0.44344
0.1920828947368421	0.1360102339584182	6.6946109840271	7.070232321240799	3.737128043404279	1.736605794689462	5.930721420016665	3.286344692796306	367.2218	0.0059228296557594	2	0.46012
0.4871942105263157	0.0812923585181743	3.987027400605049	8.334487665380376	4.273729111683392	1.824450426911215	7.092280211560548	4.533046327096617	413.06076	0.00961531191761	1	0.44448
0.6237484210526316	0.2042750701501694	6.558169218851172	4.217112440166566	6.165659482291648	1.7077749754888127	5.156319744149659	3.8646995395413297	400.34004	0.0081228288531128	0	0.46552
0.5863084210526316	0.0188297028787879	3.005866879807888	4.796911230568067	5.182065652498819	1.7358487286128388	6.779273891380569	3.5828288299062865	353.71728	0.0056546638083808	1	0.42984
1.1693721052631578	0.0125174891077202	8.821136586290255	4.150795812795011	10.433908396679822	1.9368434571468705	4.121638886204079	3.9463877601989297	304.29772	0.0061472161859536	1	0.44956
0.2409844736842105	0.0231193769723176	3.3797277889031503	8.908343112244898	4.299768026264175	1.8306813697040043	6.6214140625	3.773890712584534	330.92408	0.0025882577466701	0	0.45836
0.9731818421052632	0.0205761632112611	8.01061381324611	5.349734571129707	11.13570729569155	1.8378685022107848	3.342928849507135	3.594001168107927	362.1584	0.0103964486017297	1	0.4724
0.2820505263157895	0.0	1.9847592376534575	7.423459685598377	1.7857378660333785	1.8572218281650488	4.323191095280499	2.387208246718114	299.05668	0.003604863399907	0	0.42672
0.2693968421052631	0.0	6.086619133122772	4.933255829015544	4.042677846389268	1.98035752730668	4.248574709344051	3.2579850820487324	303.9228	0.0070367473293314	1	0.47404
0.2411210526315789	0.0172631355432363	5.326203122665325	8.55939480874317	3.0989491782788745	1.7739209133309546	6.450211888014249	3.5998115738764564	309.1394	0.0091460924076683	1	0.45788
0.2804368421052631	0.0	3.354263098450337	7.288473133052696	3.6725083639753775	2.14162340612518	5.858155333759355	2.5263328558131244	270.6166	0.0078264258121567	0	0.4366
0.3191528947368421	0.0	6.270673258994804	4.720432862418967	4.457828211479371	1.786242920695777	4.258713620285084	3.440379368935402	258.18076	0.0119211341460838	3	0.44252
0.5329428947368421	0.0	2.6916689288619486	7.171221180035484	5.669009886539147	1.9552611870664505	7.85955721808374	3.7986068137627855	254.10076	0.0041369850601518	1	0.44132
0.3855568421052631	0.0262431859817764	8.860492922859407	5.437617886489937	4.846277571645991	1.614673701749514	6.121488522743276	3.66422905977613	245.99968	0.0072171493873	2	0.44728
1.6095184210526317	0.0217279119633179	11.145904237361457	4.277823173667844	16.73670640362721	1.839029179818941	5.575260612573886	6.469856504997562	282.922	0.0103871847960703	1	0.47524
0.7184052631578948	0.0	7.8299609980486435	11.593464284967595	6.314062464290962	2.1252454319583105	6.935865817030161	3.042135691103104	342.22236	0.0086704110875725	2	0.4284
0.3626763157894737	0.0	3.339041733014501	6.233168634429808	2.5119985728684027	1.959353589258048	3.290146946499619	2.3167726013337684	371.72024	0.0085009517126048	1	0.4648
0.2978618421052631	0.0301251857533827	3.523032055852952	4.977186214865921	2.456586998436636	3.655101238525983	1.8814986384550376	1.939858430424269	350.51856	0.0097945842325687	3	0.46056
0.334425	0.0294333199752294	2.30123881534312	3.753108811012452	1.6870963459560435	2.5616471273291928	1.662738663672295	1.876993636224992	361.34252	0.007053163559016	2	0.45924
0.2243447368421052	0.0378306222746055	2.1760829866467946	8.308681698936153	1.877441549725293	2.297822689749339	4.8137058746094095	2.586483640007552	424.5026	0.0089390385967317	0	0.4576
0.1134263157894737	0.0	2.9274491538280025	5.74947710354162	2.1410885956733146	1.659424900766597	7.207394325043828	3.056447521170905	486.35952	0.0077760277816653	0	0.44556
0.7276368421052632	0.0041985811916648	5.927940940747228	4.570787284155268	4.526540130626105	2.617568915179717	3.260154086683292	3.046654694831076	460.61764	0.0153363098375762	1	0.44992
0.1834052631578947	0.0	1.834323703842564	8.490219877367034	1.572144194060082	2.312346004190362	3.827073555314934	2.8618674172813816	397.64032	0.0068521668308885	2	0.44124
0.8680157894736843	0.0148000001907348	6.218065915417268	8.53154004182803	5.142090546739789	2.020244695086981	4.593911509336716	3.585804406600578	387.86084	0.008486457911721	2	0.4288
0.4331368421052631	0.0156254291052283	4.234527222757589	5.941808359447411	4.390075750044774	1.965070362187856	2.840352728304716	2.581207276366293	377.25836	0.0094341993751946	2	0.48036
0.1749631578947368	0.0676042535090885	2.469155911980648	5.80997903446586	2.3421943067824347	1.896530874338555	2.0018899893929163	1.8447047120755264	365.5596	0.008927105816252	1	0.4368
0.1561421052631579	0.0	1.5622428798315835	5.330646802089127	1.6870682491466755	1.946269683117852	1.6692871163881842	1.7495467946474572	370.31792	0.0057265158562274	2	0.41764
0.1582578947368421	0.0027500000354405	2.2035514892724195	4.835852650375318	1.8688696392320967	1.8312612734401643	1.6241458065491945	1.825334438974793	350.2602	0.0080601093860408	4	0.41132
0.1373473684210526	0.0	1.5331274042732386	4.222092344737079	1.5573439742919293	2.492129241918684	1.5196109324139526	1.8170819512104053	358.2626	0.0114280224832717	2	0.44172
0.1441302631578947	0.0	1.8244077844898123	5.0694099454598	1.4592910755622155	2.762195591431232	1.9162251793727167	1.844869240768055	403.72064	0.0122663273708259	2	0.44304
0.4274671052631579	0.120395227026768	5.627207840334597	5.787013888888889	4.116966957081669	1.945700695624848	3.6167967202181286	2.888028817129288	361.11776	0.0109926335909086	1	0.45236
0.2036697368421052	0.182174384951206	2.885820328369064	8.194875797757481	1.9930520535633327	1.9776433956394164	4.050597017239241	2.6091608812113924	291.15768	0.0060670557734194	1	0.43996
0.2607465789473684	0.1215694207422833	3.244240770811178	7.397374367331589	3.836516866560391	2.0571051681640355	3.077552721513712	2.5850203367850195	304.70172	0.0064553846165362	2	0.44132
0.3709568421052632	0.1412467173015921	4.681074200732398	9.036616629195272	2.0686172572175896	2.005718978800834	5.424171297924727	2.727485988070512	345.8994	0.0063570067174995	1	0.42572
0.3817031578947368	0.1329936296100923	5.573249431935147	6.806014612138996	4.386469175165478	2.057607889413352	6.107376241109781	3.1630525600496355	304.25796	0.0091879684134265	3	0.46172
0.439803947368421	0.3768483055483818	3.11906237437441	9.082355551359516	4.035641485403652	1.7819571708898558	5.3128199022379	2.5595823481158755	263.70076	0.0089551082336902	1	0.44864
0.243935	0.202451981611734	3.046143726028765	10.266147988898878	1.932686692546891	2.0131407748650263	5.880107346889632	2.9615099156882305	306.94252	0.0038249255275901	2	0.43492
0.4740871052631578	0.0606524878121045	2.374057778976136	5.415141343183668	2.171253696339385	2.8444709702414994	1.7511867445517022	2.709037697323643	388.58212	0.0124607960292872	2	0.45876
0.1321502631578947	0.0550505426118008	3.4329718363912525	4.200662481209063	1.9971546730488396	2.279401128019245	1.4784652432265877	1.9570748114011105	464.2238	0.0070516269749753	0	0.43504
0.1809513157894736	0.0765377731949108	1.61959267683607	3.385940058700703	1.4468883469635114	2.30837646053252	1.6319516903192803	1.868858850493087	511.27944	0.0060177381620512	0	0.44864
0.1014934210526315	0.0959514875272306	1.3972341693773018	3.257558828551128	1.6185513518372237	2.6455646379308204	1.555414142972879	1.3971382518333968	429.35464	0.0054556559684872	0	0.47536
0.1286697368421052	0.0	1.4678835001288444	2.287793312051133	1.6426749244480865	3.161526888923085	1.468900274385062	1.6651510252956148	326.6194	0.0056105462417006	3	0.4818
0.0784881578947368	0.0	1.4335356804304509	2.298758945761718	1.3828642830374178	2.7516971226653206	1.5865263736304116	1.6151261273634574	355.44088	0.0060213484691346	2	0.48324
0.0936673684210526	0.0	1.6826327278403033	2.975821985248612	1.6685543082016512	3.231434920634921	1.5916573956105622	1.6666979778810451	373.14036	0.0079668870044455	5	0.48388
0.0385010526315789	0.0	1.4001665253722002	2.415812687377473	1.6107294830640169	3.1540621462531133	1.3887581466576446	1.976405268745035	349.49972	0.0060319269283203	13	0.4592
0.1170144736842105	0.0	1.514901269684817	2.5412093428334552	1.6854711788928136	3.874227014558509	1.509202237268178	1.6489645662330812	371.62052	0.0050763341159505	14	0.46268
0.1919171052631579	0.0162330349359041	1.528774855340613	2.7562433120638774	1.366463217639565	3.832597724062519	1.5126991846659992	1.701970622392549	376.0602	0.0062526930659308	12	0.4686
0.2346307894736842	0.0187315201457542	2.2208688547963806	3.2162370558277744	3.013790976438228	2.925850996485869	1.6661631641240944	1.9614973709146988	332.55792	0.0056927273735579	13	0.47608
0.3209428947368421	0.0269009091637351	2.226797307445236	2.509381518891397	1.6043781684449168	3.220228838422053	1.5394762627582803	1.9453204306012344	313.85892	0.0075314263067525	6	0.4786
0.2100478947368421	0.0148000001907348	1.846814000661588	2.2578426438517027	1.564939823981232	3.369030390738061	1.4139644175897952	1.7450665102764376	286.99784	0.0076054927740728	0	0.4992
0.2833242105263158	0.0	1.8286152035583565	2.1529799041359445	1.564163538070325	3.360908866010771	1.555968382408032	1.676333482977601	241.48024	0.0038105804787313	1	0.47268
1.191010789473684	1.5131075414352395	4.684514154667145	2.5997141809266604	5.978191024405352	3.7340350742102526	1.7646417730023043	3.432003268469659	359.82732	0.0189262615483298	3	0.51732
0.7162486842105265	0.8462278152444032	7.895437172563703	3.0632506456623734	5.626921238323889	3.996989779286277	2.862437363960543	3.930005664615685	533.4254	0.0187511008645506	2	0.5242
0.4786947368421053	0.0193862550643854	1.8522080731480772	2.765182296502631	1.8675055857482128	3.359496325976137	1.3571155761323097	2.0971782542776696	478.37492	0.0247762128674633	1	0.53832
0.1569552631578947	0.0	1.376667745863793	2.5904761904761906	1.5581314016794316	2.771408057764687	1.371703255434666	1.7594085641388213	374.3584	0.0092120267664334	0	0.49224
0.2133631578947368	0.0148000001907348	1.59863036869331	2.6203159656017743	1.5457607325712446	4.393060686688712	1.5970515970515968	1.7213556085367532	482.56648	0.0136167780169143	1	0.50304
0.3756026315789473	0.03309027150797	2.2665467410617777	2.8716888269793666	1.5267023288731068	3.811951921639001	1.5648593220006666	1.8240603107407345	588.60016	0.0233277901106196	2	0.55204
0.3306447368421052	0.0	1.7858938598026597	2.834567674493537	1.3972665066484684	4.114383027034698	1.5083607035863775	2.027011122370493	526.2756	0.0093045194329233	0	0.48272
0.2076473684210526	0.0	1.7842655411227355	3.229288217340518	1.7181823762697677	3.3575429503791154	1.5266405864891943	1.9425864755375504	412.81564	0.0064117324563159	0	0.4626
0.2116986842105263	0.0	1.640210495381745	3.056694470323889	1.4546491526783232	4.748768195622376	1.3903341284974076	1.6725362620590785	332.95952	0.0046905251289465	1	0.47428
0.133803947368421	0.5941185167483084	3.026072292713462	3.783329232310508	1.6267975491842817	3.7043397500961786	1.4101821285473273	1.7996361265924776	386.0456	0.0084988087736683	1	0.47844
1.4196342105263158	0.4782771890151333	13.868993249325175	2.9498162442464824	9.382856830058714	1.8193436187523804	4.7039883952512325	6.874444833135101	571.40752	0.0260728682900176	4	0.52896
1.83965	0.4482572913357975	7.605143692423019	3.0898515334723684	5.739368559949048	1.6564494321033971	6.1839804100777735	6.018626636857235	746.24272	0.0308764353602774	2	0.58004
1.8862184210526316	0.6363425439223558	13.078371567043618	2.348401281970549	9.592573755494572	2.075961687224856	5.0208730607864185	7.217394611727417	687.47512	0.0257907414247007	2	0.56332
3.157197368421053	0.1883562355871928	11.443359658640174	2.547425629848933	16.796955650288588	1.7481994173062985	6.066205644795353	6.362001511503243	505.37428	0.0189933814497993	3	0.5532
2.371919736842105	1.912082632072664	21.27522544434659	3.638981175037729	25.549905494316224	2.474131419521325	9.486210667310775	24.283284277911143	428.4978	0.009709504184118	3	0.52048
0.3579771052631579	0.0310459883882946	2.496015645797268	4.365219153212734	2.1918641079734837	5.451505687107874	1.929181621668674	3.6762201188958135	447.11992	0.011031745278134	5	0.50672
0.2440228947368421	0.0238807547331618	1.6386713939960176	3.314499717334598	1.683028858813716	5.527331332015393	1.5191672799915887	2.0290149189653324	426.08056	0.0111918776294063	5	0.48804
0.1670328947368421	0.0	1.5896906362387773	2.8966457634739897	1.8299012980045533	5.366979601147028	1.697154447986091	2.0824712606769	420.6226	0.015414055390989	3	0.50604
0.1148078947368421	0.0	1.3184468455343294	2.4182904613295952	1.6642835441893855	3.186543724412644	1.5316913297422243	1.8030224942896065	511.42148	0.0094636854705389	4	0.4944
0.2695936842105263	0.0250853694146958	1.6310501949148442	2.9747062177253665	1.629319504669528	3.8078605144718063	1.5863809063400836	2.0474549663871	493.35664	0.0110100835733904	4	0.48472
0.1559918421052631	0.0220397711299727	1.770004894015646	3.118962765889038	1.911213262796388	5.041550924413667	1.6696206686360016	2.345121139407075	405.25796	0.0153436389196269	1	0.49172
0.1159223684210526	0.0	1.9181017523960224	3.1289294051122933	1.994339320049904	5.215168718131921	1.58185542561916	2.15084499650105	407.00112	0.0119513102732335	2	0.47048
0.1333026315789473	0.0	1.4895633960820662	3.8382988448433473	1.7643192104885672	3.710315758061809	1.616862965531506	1.753306851652775	507.42404	0.0072018061537952	1	0.47712
0.3334815789473684	0.0	1.8227672178740015	3.1833700067515696	1.8474803839738012	4.058301041037745	2.0316613693053367	3.492119127715104	511.52032	0.0246067537853297	4	0.5716
1.3636452631578946	2.0674577743938807	15.943631429584263	2.947757293823761	18.52155084162523	2.354701079799842	6.633420463473772	9.694327054327054	446.9556	0.0195437354465091	4	0.5532
1.0445431578947368	2.4749626428233613	4.5424878564707445	2.80376774629133	5.3116868752798725	4.290618143383023	1.68636798283462	3.314006433862094	406.1382	0.0187744961162174	1	0.49464
0.1001431578947368	0.0	1.7033341180247032	3.3714351596916297	1.6834912077098487	5.493458288513627	1.4875717401125532	2.1623741445063875	395.7208	0.0147981583557409	1	0.48244
0.3488342105263158	0.0211991116105656	2.54865950507068	3.711938966460343	2.0222825642348368	4.888309779668993	1.83792448919656	2.430665474069787	454.76376	0.0109316427767276	2	0.45668
0.3141947368421052	0.0211991116105656	2.4237067108006305	3.8372523558006457	2.1953693053063743	4.886144101346002	1.5978981737686773	2.1220165307925978	493.77964	0.0078804147144976	1	0.45592
0.3569510526315789	0.0193112868299744	2.508259025218762	2.7234816349927247	2.154699998704149	3.613633743573765	1.5025416303888584	2.60157763581864	447.09884	0.0070350591061045	3	0.44736
0.2026094736842105	0.0049299997091293	1.610699209871589	3.3163492752426107	1.731675154412087	4.366148165984429	1.488027301434458	1.9324622903851012	418.4586	0.0082365161300406	2	0.46636
0.1369194736842105	0.0	1.6371503590414118	2.7494208304975247	1.6089795797074324	4.0788080661950215	1.5267611582666611	1.7452810215911956	414.85892	0.0110105704362602	2	0.46856
0.2763923684210526	0.016592849703396	1.8735469067278032	3.454174027182213	1.8328680094785224	4.841405623820091	1.6715106584732091	2.3283372214624727	420.78116	0.0083876771553824	3	0.4474
0.430203947368421	0.016592849703396	2.283704798428564	3.129544182403979	2.0311317822799104	3.4479086280933195	1.6568838325482178	2.2393646041591917	430.93964	0.0073652785796978	1	0.44764
0.3168660526315789	0.1157502198503131	4.419024230785286	3.747452450973215	3.917210410240708	2.781303669008587	1.9172238233874157	2.71623537678835	366.7584	0.0084889181760128	4	0.47444
0.2407955263157895	0.0220017017891629	1.7300586681125838	5.308652529258758	1.7722276935323389	3.5304749815066807	1.50248605467943	2.141755872038127	334.63744	0.0066868424379474	5	0.4332
0.1039594736842105	0.0198533329438427	1.4781100253757906	3.905800307810696	2.021737324000261	4.140744355277476	1.393238832526188	1.8297909851422307	299.11936	0.0048705494148503	1	0.4796
0.1096	0.0227467172077724	1.6220435461098313	3.783698680914359	1.7817866912992062	4.535550385122592	1.5759481810649996	2.014668346156465	357.44528	0.003906510190429	2	0.47564
0.1154684210526315	0.0179217645453746	1.8512774136411367	3.285063716519045	1.6262743142349037	4.357372103996226	1.6571122242233225	1.767357441399245	473.68304	0.0066657965035824	0	0.43464
0.0684105263157894	0.0181381214999358	1.5089615725802203	3.751161865913343	1.6276810787016085	4.00570725326173	1.6277532672937651	2.1310070337865703	434.55688	0.005102060456048	1	0.48456
0.2006302631578947	0.0366337251172107	1.653606647128687	4.238296607364193	1.6373093685607891	4.96598871198168	1.5771954097497245	1.9879538300104933	374.478	0.0066148305437056	1	0.4674
0.2445960526315789	0.0147403702139854	2.044736380889116	3.2575047777893604	1.9150642147302597	4.496907293600371	1.7032402421007482	1.989811983068152	331.13764	0.0086276214504154	2	0.45728
0.5052684210526316	0.0484516080668225	3.966452678673658	3.029476078343777	7.122922814409716	2.4373581287229404	2.000766680721753	2.388174589232805	342.62156	0.007129155809739	2	0.47252
0.2775631578947368	0.0488800716963227	1.9831593841473136	3.844876870448539	1.9072723452906095	4.198975811166326	1.7273545676418798	1.964135905689679	379.60056	0.0079829618692398	0	0.49096
0.5620157894736842	0.0779815881176099	3.1424823780146767	2.8084894800096856	2.538948012900309	3.5424561876516587	1.5830111155220326	1.9046357132535736	317.35752	0.0081325315452323	2	0.50108
0.2510052631578947	0.2937018458812889	2.4275934226238007	2.940596599455432	2.1408101067106524	2.784203433338681	4.234312266359222	2.533757960842749	336.00248	0.0101714724624858	2	0.49384
0.6127434210526316	0.1599149306328939	7.267080729787141	4.372030624740503	7.283019984442698	2.5336183551743656	4.497900346389555	4.598776559466974	452.64528	0.0050373305580545	1	0.47476
1.101732894736842	0.0491389020964008	9.714143452521686	4.279901338747454	13.146739940408857	2.245088651404441	7.071394628936322	10.5205628108455	482.13876	0.0072593423038019	1	0.48416
1.3056394736842103	0.2305866470524769	6.438684290548172	3.768866546175617	13.143503520651112	1.5262325916248694	8.098151200344931	11.189011260121458	560.54932	0.0148493796293174	1	0.52352
1.172421052631579	0.0937245939199508	9.04471264781026	3.373370846323473	10.70653286716942	3.142878564097166	2.623592635905275	5.465682443773078	742.66356	0.0323596728785599	2	0.56104
0.4049710526315789	0.1151323018884009	6.120634172489149	2.5678379042736243	5.401401884333297	1.6433592277145646	5.150075533941058	5.103891348886392	717.97388	0.0237775363526624	0	0.56624
1.1791226315789474	0.0323698822527371	8.181822822864111	2.96744989279026	7.071343741870947	1.841122552797097	3.38413428296148	4.0122496851951786	692.78628	0.0203876589175532	2	0.52984
2.531026052631579	0.1305916670814981	11.545020409537017	3.7453154704529625	10.86195821019311	2.1290348214883066	3.915659880423708	4.278913267664734	840.7846	0.029336522334814	4	0.565
1.7727855263157892	0.1468811773568301	12.578599219399274	3.169679680103995	7.377121874219127	1.7809079711541842	2.915053043216685	4.804721197354682	762.36828	0.0272632936566366	3	0.53808
0.6126742105263158	0.0260372553403076	6.437193161949829	3.150877913512703	15.040586052991513	1.8982144902295777	5.65129233811345	4.561704121558061	583.0186	0.0129156365115852	1	0.5208
1.2939363157894737	0.0326259380515809	7.064044903585425	3.8016870960552698	10.264195143701697	1.8286490506728783	5.245081708670244	9.416612289340051	744.75364	0.0167845481762465	4	0.53776
1.3907334210526314	0.0244074025104955	10.874737014440594	2.5900611742273774	7.731193724261226	1.995432162341107	6.396785688477072	6.946053168409805	920.73908	0.0260240205102808	1	0.56744
1.2469486842105264	0.0348497206361749	8.8151794829047	3.434547977740005	10.488780940781632	2.099878481142897	4.147016306821731	3.77820041386908	822.31416	0.021032898634602	2	0.54288
1.043595	0.074526804893818	3.5320450206218976	3.1688690461871385	3.927253502012324	1.9051892148292089	3.2111909604519773	3.621305245927197	660.27336	0.0208263776884359	1	0.53276
1.171296052631579	0.1310576541468641	5.38855122826185	3.2174514032020647	9.93479019855044	1.9788108028677005	1.8903068398976	3.2458669768425503	668.02572	0.0214277081548466	3	0.5124
1.5198426315789475	0.3173950051361537	9.128897626726276	2.57703923846014	7.743671123090624	3.016990402865773	3.3703625891983915	5.715123235310026	788.56528	0.0383637107792321	3	0.61652
1.2936884210526316	11.46569128331238	11.715960751698182	3.37447845389496	9.561759496748902	2.7331103678929765	4.225434024317321	9.977474048442907	711.85012	0.0322252890466942	5	0.60008
1.5892197368421053	7.110255905675819	16.135887764283677	5.198096534712227	19.345436370817687	2.124805003679176	8.047125091584038	22.550007825266405	549.25628	0.020532956326674	2	0.51564
0.4848734210526316	0.0226819897044229	4.0792713754767655	4.783401962062697	9.31171304017764	3.90145229309436	2.446039737444714	2.7172443446756662	683.23132	0.0138694245752516	0	0.51888
2.081001315789474	0.0258414163275702	12.160712618961492	3.711932075268211	11.103029948940446	3.856080310931683	3.5733215473827182	6.647351016754349	856.72256	0.0310194841864529	2	0.58304
1.641717105263158	0.1009546865144242	8.984491539344473	2.97068730868554	15.2804551070082	1.9459232109398112	2.8646640235034475	6.928523717606473	776.5132	0.0390095567166104	4	0.59432
0.7412734210526316	0.1860132496414527	4.213496268266666	3.725390072580891	3.4501001503795736	3.2379124528301886	1.8576360846718905	3.1744394466923875	698.08	0.0268694536959599	0	0.54512
0.5132539473684211	0.0580370386096014	2.6544115376120976	4.227700534759358	2.987086887315713	3.571394354505274	2.044841838886546	2.969506810310023	683.17844	0.0224798264696142	1	0.543
0.5597265789473684	0.0164738214524645	2.84890785850713	3.2174170005662432	4.677068558424868	3.9343257305204538	1.613337762194747	2.968122908052085	653.05908	0.0180578243162702	1	0.51472
0.6170713157894737	0.0171578255252561	6.247846697602709	2.8011121299116755	3.380752535082499	3.275070918498089	1.9274859538784068	2.7501588914318846	645.9022	0.0190519470425563	2	0.51708
2.4443023684210523	0.1738384918720734	15.396588580472567	4.187207902708961	18.49291702303348	1.970970803361236	4.588768186577132	5.071497182144214	665.97844	0.022745253304243	3	0.55068
1.156032894736842	0.2124951546673832	11.144761804457357	3.606704446987846	8.64949428983755	2.200773843564648	3.3371986542174104	5.57431432674047	660.46268	0.0228505425336781	3	0.538
2.710281578947368	0.6476438162981537	24.95582762569533	3.510316312751694	26.978829657479857	2.033428433940008	6.439539001435636	8.883050292098554	752.8234	0.0320169249003775	2	0.58892
0.9143526315789472	0.8602107987346924	8.889632013246372	2.8825076081846746	8.010355240450888	1.945102514543421	7.064950874203887	8.232291590797537	807.6764	0.0260132807582266	4	0.55964
0.4779065789473684	0.2369475646383075	1.8375511584731965	3.486375742955614	1.840857340662475	2.477059876363812	3.784361939469357	4.677031673566776	604.71176	0.0212368973435023	8	0.535
0.1828907894736842	0.0361819413016057	1.9781074371150345	4.141993656950827	1.8977625035176957	5.539431136993989	1.7147465967486537	1.8799289029327544	401.61404	0.0064820659291393	2	0.44468
0.1515605263157894	0.046808420321642	1.919854066809812	3.668339577864173	1.836338814812662	4.792897681726361	1.7240384306914538	2.0202558075627044	351.20152	0.0056799962684336	1	0.4164
0.2265631578947368	0.0394529979362308	1.9885395385782492	3.587751417493945	1.8392130451752149	5.094477497115014	1.785245091665583	1.920910737401039	414.08224	0.0052960154365441	2	0.41648
0.2998526315789474	0.0	2.068635242873877	4.106782174984869	1.6805594055858275	4.186254873154357	1.767426278136451	1.8134203753687776	458.31856	0.0075044145415986	0	0.42832
0.1234421052631579	0.0115575467648312	2.2565854165596337	3.2049069007586484	1.7656298335842804	3.134932435527461	1.762524030306457	1.790737392003215	392.27896	0.0049104915107173	2	0.42568
0.1370960526315789	0.0250545334221032	1.4767372682960718	3.4230844027669933	1.5936991583693128	3.2264232575749823	1.6347661495568544	1.5376616598736312	397.8404	0.0047242026272942	0	0.4428
0.1692986842105263	0.0194818425551505	1.4974231646268965	3.114369318673708	1.6003998061344988	2.8315428908902995	1.5588509673264832	1.8326096911053853	442.28416	0.0050694337362752	0	0.41612
0.1516855263157895	0.0	1.3404166226714072	2.562408699886382	1.6615984781380266	3.0016501343785635	1.5199050144204107	1.8423340049921244	509.84192	0.0071667678425943	0	0.45464
0.1601197368421052	0.006607142410108	1.4629588551039232	2.9942734155809223	1.4982291706949875	2.395457107097026	1.5292410570811257	1.6818680772905328	526.99672	0.0063112544828302	1	0.41388
0.1947460526315789	0.0	1.5197552734763315	2.973250804152165	1.5516249083242972	3.6743595541323417	1.437199950046755	1.7392293502766962	476.92032	0.0055107231394683	1	0.46232
0.1146592105263157	0.0	1.7499339494741402	3.335365521899839	1.499785128508427	2.2756395502864524	1.36479757656784	1.6334583821805393	510.94124	0.005233276429895	0	0.42764
0.1446815789473684	0.0	1.3982934658820914	3.013219639624186	1.480778496535437	2.637760681560581	1.7133486924992458	1.367885217718955	490.80016	0.0061600886276714	1	0.436
0.10235	0.0	1.5326055218329249	3.0156435054234807	1.6672130071086368	3.6940824926379783	1.5298675831854065	1.8220552834226096	499.52088	0.0076991079276274	0	0.4626
0.2007413157894736	0.0	2.1445448832857816	2.956826934371866	1.4621189495323388	3.8871124099708623	1.5133926075043338	1.6567845858000376	510.39728	0.0055680316035537	0	0.45212
0.2726944736842105	0.0290099966759775	3.3482034233450984	4.154649916186195	2.020864985523033	3.0338420709065037	2.592688974794212	5.309729418300787	448.61772	0.0166396559864107	1	0.50976
0.2046494736842105	0.0	1.7362368382708562	6.465595016973035	3.5779388754394765	1.7109826589595376	5.474263974297342	5.8994978547592565	409.91888	0.0211817756978203	1	0.57716
1.3590847368421053	0.0337536414154757	8.601331550877854	3.266594333319718	14.348305930271412	1.945638771243232	3.703423825484033	6.805356423529412	380.28136	0.0228302407013668	2	0.52668
1.0313247368421052	0.154677147439546	8.265784311921896	3.3826664512359463	6.721650385805579	2.2015750972762644	4.162993406787911	4.098092600458755	461.66276	0.0240261357529724	1	0.55024
0.5207368421052632	0.036660408380562	2.471989416333432	2.948114215474331	2.564882465874034	3.407234644777809	1.8012468890277855	2.476523428751949	464.97676	0.0124296828245415	1	0.49516
0.3262907894736842	0.017368753963124	2.040282058307012	3.4788349727098757	2.6904513033809168	4.1096492482689575	1.796019904766182	1.9751865650511653	348.57756	0.0101488005665821	2	0.47024
0.1289928947368421	0.0257317418637483	2.0142574434974403	3.5145371206333773	1.8376724309057024	2.8031985264564	2.219852327133077	2.0309202979196987	360.642	0.0111965587065149	2	0.47616
0.5529342105263158	0.0148000001907348	3.02535116715207	4.457014752411436	3.2999748770623234	1.884356055422475	2.7007562251034924	3.0937309701492537	482.60608	0.0098165160957504	0	0.45676
0.2228768421052631	0.0	1.6751559673528702	3.785883532235448	1.9726062201834076	1.7066632398530457	4.089881388885807	2.573548696084968	568.04328	0.0081584675903881	1	0.43092
0.5992181578947369	0.0263299674005084	9.667507421872047	4.1656794724770645	10.611476962636578	2.389861676685411	5.318782126168225	3.480870993800659	603.47592	0.0111381436967148	2	0.46616
1.3889549999999995	0.0288213528714484	6.79694794387161	6.02375861079538	13.268886473467074	1.798859248237503	3.0369126036358103	4.2540177193483855	481.63656	0.0069885779784532	4	0.42364
0.476462894736842	0.0285930499472666	5.075375952724357	6.910072351631494	4.69670553648568	2.095666494604626	2.2676946608670714	2.181588629844501	415.94148	0.0064378246180625	2	0.40764
0.6229123684210526	0.18354872372316	5.4371374219556605	8.070935018109617	5.81214984529362	1.9770535531061637	6.634672169116099	3.284935854462637	518.44216	0.0072693742780124	7	0.40372
0.8813239473684209	0.0448752415534512	11.110183542707867	9.097917716733871	10.605679664254042	2.0262053472376307	4.018957755164971	3.981793957170732	499.87792	0.01396624206706	4	0.43676
0.1935828947368421	0.0537070402446206	2.1862771669700325	8.856103406788247	1.4146870891572438	1.5107905253923384	3.1074050779848457	1.8102730524465616	444.07992	0.0043167743167281	0	0.3632
0.0623407894736842	0.0214447802391605	1.465498949568395	5.194402476165254	1.318997160005397	1.5771362701725962	1.5004984073449503	1.5567125731038165	548.187	0.004790897593393	0	0.41304
0.1060776315789473	0.0280745343644489	1.984713367528127	4.797922032828283	1.3855269148131302	1.6666223116199907	1.5652674962458049	1.782841599220707	677.46084	0.0098789362780136	2	0.46004
0.1146	0.0806135881650202	1.353290012347899	4.919269030040733	1.4550359552115788	1.4312617702448212	1.5618955580753304	1.6851905030645862	572.67256	0.006992566840298	1	0.42216
0.1948552631578947	0.0104964540359821	1.5562897372113025	5.221768322435834	1.2580334035589074	1.4929246602158956	1.4390791542011054	1.4831085180231889	455.55672	0.0063104350600523	3	0.40632
0.1394605263157894	0.020870366116673	1.5517604642907858	5.168032054733775	1.408495899965062	1.677159979898442	1.555955548599155	1.7772695104758327	455.12144	0.0072917454631188	0	0.41392
0.1612947368421052	0.0171578255252561	1.4311980756204803	5.779099041151525	1.251525358275283	1.36913461329548	1.6027094103489157	1.4239035814554593	519.987	0.0066106343083171	3	0.40532
0.1003894736842105	0.0187238771088269	1.6101353608913729	5.322446221756808	1.5040860782428926	1.7135525630309918	1.5336623002086494	1.5546650982480477	640.94268	0.0090213860367676	2	0.44868
0.1722631578947368	0.0261096594468602	1.3347756051066797	4.7099548884725655	1.3731197451231256	1.7435761997937291	1.610492793332798	1.6409574442465398	627.6154	0.0103824938042724	0	0.47232
0.1050184210526315	0.0148000001907348	1.4720812910813503	5.239555614824598	1.32333817561181	1.5223147379793014	1.5002430672604363	1.6464537817277525	544.2388	0.0096278310908289	1	0.46108
0.1500868421052631	0.0	1.347306667138061	4.420608380588538	1.3611441736034762	1.5009301088338576	1.3266724949002957	1.6834865821055447	502.0372	0.0098468284515773	3	0.4908
0.0590657894736842	0.0	1.3807841172412525	4.647234418172859	1.2544650723001407	1.5076972642535555	1.3381978092196032	1.6158083322599257	427.09836	0.0050274200167901	1	0.41296
0.0783657894736842	0.020178181474859	1.3922939632891551	4.895719756652661	1.553409436889171	1.6102635026045633	1.5110657572284178	1.4627936497469465	402.28064	0.005547214049504	1	0.43476
0.0823618421052631	0.0	1.4291691453972108	4.772274022099488	1.4380352508752243	1.59642409671193	1.3202171015994482	1.6423170486167662	451.49964	0.0061946397494217	1	0.43708
0.0854592105263157	0.0152968226785191	1.543890555465753	4.96213868511392	1.395442522889115	1.5728822460777032	1.451027376117526	1.499013326833098	451.74108	0.0066827502049768	0	0.40988
0.1638921052631579	0.0	1.3896049319804695	5.433234465606981	1.3314439799452291	1.439605371700392	1.482055995910244	1.4588629022843134	545.88528	0.0057546568263628	1	0.40524
0.1354078947368421	0.0	1.4347958780572747	5.762442708720926	1.4074967962762337	1.413282784459037	1.4789024390243906	1.4848302073865984	615.37924	0.0091957654123095	0	0.45624
0.1548078947368421	0.0	1.4570870637797524	4.976424681190223	1.253169472589282	1.6420740122750572	1.4675433932230368	1.5607779610466168	503.03584	0.0072327750076265	3	0.40524
0.1137447368421052	0.0	1.4867150653410346	4.565807705127267	1.3901010927365158	1.601053989024669	1.4291225013388564	1.518942247152424	437.06148	0.0061026927529012	0	0.46284
0.1169157894736842	0.0	1.3340212919604644	4.345622841880567	1.604940147916018	1.5025447862238752	1.4002830671243778	1.5403964984552003	498.84008	0.0051483077939468	0	0.44276
0.1655894736842105	0.0	1.5538282197285798	4.974130687878858	1.3236473622709322	1.453653159254489	1.393546840500473	1.535738894879415	519.8	0.0079773220025791	1	0.432
0.1218210526315789	0.0	1.4603690630310735	4.723578008760281	1.367395676833333	1.526470211140745	1.3581516540029148	1.5688832560417088	536.74196	0.0102507337487445	0	0.45376
0.0710684210526315	0.0	1.5165904964515031	4.68410241195748	1.4267415638959724	1.594678302849313	1.3449552096157436	1.5414011515821182	580.50428	0.0084187657137302	0	0.47676
0.0936223684210526	0.0	1.4198676679494144	4.346805090206185	1.316317082882796	1.7713309204946253	1.5078504853516057	1.5083513760819611	691.78028	0.0068357870787908	0	0.46848
0.1044171052631579	0.0	1.4859265955832297	4.743442708333333	1.4154151257948615	1.636158359042882	1.5461971729798665	1.795330563181717	680.13748	0.0067128225581435	0	0.44644
0.1252631578947368	0.0	1.3935287840187385	5.421915353822313	1.4189809773641062	1.7831395173926896	1.643374163290549	1.8351620930282788	599.94052	0.0064002199019754	1	0.43008
0.0992710526315789	0.0	1.1369676700111484	4.230058882569422	1.3978023290260913	1.6667190140421215	1.349728741754909	1.5940676419001654	579.47624	0.0074355546202729	0	0.47136
0.1728434210526315	0.0	1.7060788114196337	3.9978289430031184	1.280993590375269	1.6705313682308431	1.4718769683693442	1.6435807378280731	466.2562	0.0100753807848867	0	0.46228
0.0821328947368421	0.0	1.4418249161802288	4.065802678902564	1.2262223149638545	1.5600215245965308	1.4538646071031538	1.4073797802890118	397.51784	0.0063089916760956	2	0.43992
0.0860973684210526	0.0	1.25209910999654	3.1746239789070523	1.130102987872834	1.6599914904089197	1.2539206293570122	1.3958782244544483	340.638	0.0045518564805213	3	0.45108
0.1172578947368421	0.0	1.5392921594335165	3.900164997828976	1.4319120872942177	1.6765667893871223	1.342153375207019	1.6019934393291089	364.68248	0.0076261052831832	2	0.42612
0.3515226315789474	0.05491406727391	4.4462863536334165	4.758203697478992	2.612077498720484	1.871128415122704	2.7558309151041427	2.560774123473154	458.80536	0.0089161812612239	1	0.46544
0.2506642105263158	0.2187448927092492	6.4909065762168	3.574047147385103	2.040387084250298	2.6879618379844525	1.8719525870294471	2.195315048891009	525.7002	0.0087300423081832	2	0.44484
0.5689015789473684	0.0741460785253518	4.525452007579344	5.023318146817249	6.82903101377414	1.8513022969647253	5.424888463717925	4.6218335326813484	473.99616	0.0117973047059949	1	0.4392
0.9982326315789474	0.1252498420906727	10.332124015230706	3.652479880832624	17.194406250907093	1.875875247389613	5.297387718446157	7.53189721627409	410.89972	0.0097455137050151	2	0.4562
0.2628434210526316	0.1209252554933859	1.763707099675171	5.667548679168306	2.0426468904168806	1.818606136921729	6.504596804109002	4.843241686231514	447.02052	0.0046575210553407	1	0.40764
0.5040197368421052	0.07542767577804	8.483953311150286	4.892976192956789	4.790908007410311	1.962800789413484	4.275945501746496	3.222412106248236	468.24256	0.0147417487310136	2	0.43056
0.8171355263157895	0.1552482621809439	8.010978014484332	5.794010448454164	4.6216796461655205	2.5939830348727617	3.7644676955270726	3.5286275167723504	486.81892	0.0089996475076324	5	0.4294
0.3807592105263157	0.0599984074534952	4.760650537881047	4.927173745621372	7.590570080544112	1.9444728393199595	2.3071796888164915	2.4117990325525764	488.92048	0.0088854319885899	2	0.44548
1.155421052631579	0.0983243171584422	9.895847604118886	6.383990707279298	5.526499152593066	2.016806864143268	3.0830919917233657	3.972807479450905	562.90508	0.0163927661515684	2	0.45508
0.7384263157894737	0.0991195205900333	4.961909543439185	5.997554040144107	3.335531311899915	1.86024117856437	4.314705113206249	3.540504229755044	654.60024	0.0090781689026776	1	0.44432
0.2591328947368421	0.1254246268534327	4.983989123358811	5.683071906081852	3.403007618159204	1.8195224900318496	4.120006821282401	2.47120780444543	576.87944	0.0058048968099232	2	0.427
0.4345881578947368	0.0530104217630011	4.334261571318828	7.095545109626297	2.6521147473775355	2.172595964041955	2.542725319326728	2.444027434307503	505.59608	0.0105979853279362	5	0.43328
0.1883736842105263	0.0595727122653583	2.779423025610008	4.974830411585366	1.5636604472255695	1.955814130087934	1.9708054400875283	2.031536613988897	463.33708	0.0101759656590223	1	0.43664
0.2195447368421052	0.0309710402827983	2.379915834541228	4.962724489795918	1.4649512500246695	1.956698641470411	1.7344977944603692	1.8932307660005565	465.7212	0.0079415596972844	1	0.43272
0.3236552631578947	0.0266864344102854	3.648804513846552	6.707787616157192	2.968789007428924	1.6095317741465658	4.347026302627603	2.65974672425152	523.8662	0.0106743245009113	1	0.43872
0.4836210526315789	0.049082188269278	5.203860661904873	8.069691355578975	2.3095295101472675	1.9736522883894627	2.5053046834722057	2.6047771655536303	630.26164	0.0154487196128158	2	0.4738
0.3934394736842105	0.082634755240364	6.016955104786156	6.997590388059231	2.631879033811749	2.0945741596300107	3.420190972714136	3.201477007566854	675.93716	0.0100327274774453	2	0.44296
0.8719684210526316	0.1869678121732995	7.207076906846984	12.089832070707068	3.744752794557158	2.085388653303693	6.500473784391764	4.744646793949168	613.68152	0.0121389275647612	2	0.43628
0.3934868421052631	0.1436702910591689	3.5784606510144443	6.498418925465996	3.0546461506872347	2.409885883448325	3.574885968191884	2.494871407120265	572.52096	0.009697039607062	1	0.42836
0.6261421052631578	0.0982307485151388	6.267667428358166	9.485658147701931	4.894368149066289	3.0347583942695127	5.966736842105263	4.26485707113811	621.1972	0.0079709007675332	3	0.45084
0.2149552631578947	0.1123624850101898	4.39248702357327	8.016483409100566	1.574637212430242	2.0172681229867786	3.435829469942822	2.9194325036303383	549.87224	0.0072321451416611	2	0.4516
0.31675	0.0435320331503177	4.760419400728065	6.543938307201068	2.754377965732047	1.958208375905052	2.9925381272091816	2.7716629970480984	363.65868	0.0076400213285754	2	0.43892
0.3537368421052631	0.1612759193500828	6.71883764921331	8.883154024767801	4.601256129150169	2.295505852611103	7.33984049170959	4.040004714123196	357.18156	0.0085820204703948	1	0.44716
0.4649421052631579	0.0969208783466102	4.632165501579843	8.388241339193382	3.0218993428017926	1.7023100878088628	6.075599422875131	3.719380039064821	362.93844	0.0104967823816748	1	0.46564
0.2398963157894736	0.0492587883754007	4.897050184496809	3.982420134420956	4.295386141063777	1.8763084916013903	5.769049008554944	3.396551705521914	386.8206	0.006241107163324	1	0.44744
0.6838668421052632	0.0509449595379021	9.19764972038474	3.465336605717454	8.308362768417933	1.882282724669246	6.259646291037712	5.859500223491014	401.36112	0.0094881192280615	3	0.48524
0.5264210526315789	0.3506330461779423	6.3379869399002295	6.6369737068887895	6.926132318971383	1.9161937975235572	8.746247448979592	6.019726362081602	349.85828	0.0062117652572866	1	0.45924
0.2568631578947368	0.4642388602584327	1.8138272506068167	7.139789422452953	1.7943106552296055	1.8153410008481763	4.450788519892111	3.583610026751213	326.87888	0.0048894089542855	3	0.4538
0.2023157894736842	0.0301295266703007	2.6397711918454325	6.12247585978836	1.671207843524725	1.805673884878771	4.658668085870374	2.809041017742028	337.00168	0.0083133014899842	0	0.44964
0.5508105263157894	0.0201324492084736	5.489549578374512	5.188136697843528	4.119815487843573	2.0148487531432595	2.525614934097756	2.875035201531426	414.40176	0.0097258559069212	3	0.47012
0.1339697368421052	0.0272657407654656	1.989448156043618	4.061525020389895	1.4797702449430687	1.9158856420436048	1.7047961176341098	1.58803843638376	432.18028	0.0084344397417762	2	0.47612
0.1744007894736842	0.0	1.738064221949886	5.3519592725423735	1.2635153023875203	1.5215512295081968	1.656963384003444	1.5479668734739964	433.20272	0.0057558683125937	1	0.44328
0.2789123684210526	0.0216608143463553	2.481968163322346	4.647459825130188	1.496625901302208	1.6430531371189356	1.464004238691304	1.9721998221994288	552.80552	0.0121685476636536	2	0.4788
0.1783328947368421	0.0	2.0928150330793	3.863702156839592	1.316672040874875	1.545373671350528	1.4607508532423208	1.7555758510939532	641.66004	0.0114118086270725	2	0.51072
0.1807284210526316	0.0218855216058434	1.842755876585073	4.114615422663031	1.5358331199603723	2.141173178591853	1.47316158826459	1.9314312077137363	553.0558	0.0208250416130178	3	0.54904
0.1722557894736842	0.0250799575094449	1.2921886225103172	4.3932507522813085	1.318477918196591	1.5292279807419995	1.5590320446005248	1.5770756432690705	496.39824	0.0101571620731494	1	0.49536
0.2523934210526316	0.010763635779872	2.7666365075436112	4.910625130881281	1.578198689648131	1.549120931188929	1.443209757041913	1.8643830224192892	526.98036	0.0139028640776522	0	0.4914
0.1587197368421052	0.0	1.7441858423409506	6.749918824771842	1.2450600520116946	1.827957217315381	2.064401967124913	1.882266443537608	419.15648	0.0062564287066284	2	0.45728
0.3696947368421052	0.0311572182142263	5.700797764336395	4.8903441671257255	2.62237263523178	1.6574189314980696	1.8063527074699457	2.231724503530253	334.79776	0.0139242921189525	1	0.48428
0.9693815789473684	0.0938227933010599	7.785485912033415	9.663667729141828	21.33294377553933	2.112469824084625	4.0940580893128535	7.419232993618164	417.16712	0.0153800738125688	2	0.4702
0.2494457894736842	0.3114203438869686	3.991686861784537	15.516156452979384	1.7710268474184885	1.9714516978646568	10.53068484758867	5.990812501007366	530.79984	0.0101089917264615	0	0.46428
0.5514278947368422	0.069292066772465	7.14981044457455	7.542719360226105	10.364241456446036	2.1930919691136874	5.530447915376935	5.371403106412336	507.17692	0.0109634498912446	4	0.47712
0.3499407894736842	0.1828521328388828	2.1807952332045693	12.984380382472136	1.791252565374852	2.1929935544920767	8.01082137717617	5.201570783030957	432.84016	0.0073950008530476	0	0.46892
1.1127644736842106	0.1297737653125482	9.51236776550488	7.350664872925311	8.30105096533579	1.8583131176071708	6.138172034925011	5.681920651068159	505.04424	0.0126464413696176	5	0.47796
1.0152223684210526	0.6687531123130874	7.675728933393521	7.759550415800415	10.025760176286669	1.863191117818999	9.488165064670271	5.633150222132132	583.00272	0.010169041797694	2	0.46984
1.0483434210526317	0.4380659371165791	11.489257006455052	4.767210913430612	8.271467537145996	2.366730803132949	5.426823296045786	4.752038405241514	568.91632	0.0131175353747255	2	0.48948
0.5880276315789473	0.0757422023358923	9.130772830690988	3.435249623055088	8.468292509881584	1.883795927280668	3.10961851296458	4.580897750580007	543.36288	0.0249720827188211	7	0.55496
2.376027631578947	0.805533189639243	19.464178040350006	3.527100460325871	18.32828158425525	2.128922476098699	2.897399039476924	9.648832195472512	594.08	0.0355479775181938	3	0.55012
2.06965	1.9352659818403075	16.274016624393887	3.608040051181725	18.64929783002388	2.5188356241835685	6.864461340053448	12.355391988566296	606.19944	0.0204556872665882	4	0.54104
0.3190131578947368	0.1487389692913582	4.3308850748356935	6.605090644124711	2.893433933208581	2.341692573263487	5.414875920967476	2.668193559441436	617.62132	0.0075835572094777	4	0.46768
0.5393486842105263	0.0798723693245664	7.661930454015127	4.932584273070294	3.265238702607131	2.3285831431502584	3.269813335419121	3.466264619540241	678.68336	0.0217309214758171	1	0.51512
1.473125	0.1057420314797289	11.673774986290962	3.23604183761236	9.492015126844782	1.972461339128128	4.7877896568240015	9.55310818546079	621.1362	0.0300574235879848	4	0.54512
0.9626763157894735	0.0707769922539943	11.718319851668069	4.23024289934718	10.910570787531066	2.0350204751196275	3.966031960071801	4.984943701489256	570.31808	0.0151208899240458	2	0.5174
1.1114894736842105	0.0985151060766648	12.858509139426213	3.5116248245750814	11.230421909589875	2.9765379854334	2.6334364353410007	6.3857206356493705	685.1094	0.0190972248036721	1	0.53456
2.764617105263158	3.0863980234295285	18.43386931720944	3.265160347048761	20.16745737232447	2.3952802359882006	8.569881546191514	16.655144865163	743.19688	0.029079672374585	5	0.58712
2.9360013157894738	0.1271455390166421	15.979915173400608	4.137415049584416	23.885285141334474	2.3845621801078987	5.897396309060967	7.524938880602612	519.50488	0.0170588692856536	4	0.5162
0.090078947368421	0.1601544351499292	4.27020173857117	4.102151440114688	10.08625799947807	1.8545039040182816	2.811283655089708	4.824595721819287	325.7113460988854	0.0002386230924917	1	0.4165832587051572
0.0	0.0	0.0	0.0	0.0	0.0	0.0	0.0	0.0	0.0	0	0.0
