0.0	0.0	0.0	0.0	0.0	0.0	0.0	0.0	0.0	0.0	0	0.0
0.0	0.0	0.0	0.0	0.0	0.0	0.0	0.0	0.0	0.0	0	0.0
0.0	0.0	0.0	0.0	0.0	0.0	0.0	0.0	0.0	0.0	0	0.0
0.0	0.0	0.0	0.0	0.0	0.0	0.0	0.0	0.0	0.0	0	0.0
0.0	0.0	0.0	0.0	0.0	0.0	0.0	0.0	0.0	0.0	0	0.0
0.0	0.0	0.0	0.0	0.0	0.0	0.0	0.0	0.0	0.0	0	0.0
0.0	0.0	0.0	0.0	0.0	0.0	0.0	0.0	0.0	0.0	0	0.0
0.0	0.0	0.0	0.0	0.0	0.0	0.0	0.0	0.0	0.0	0	0.0
0.0	0.0	0.0	0.0	0.0	0.0	0.0	0.0	0.0	0.0	0	0.0
0.0	0.0	0.0	0.0	0.0	0.0	0.0	0.0	0.0	0.0	0	0.0
0.0	0.0	0.0	0.0	0.0	0.0	0.0	0.0	0.0	0.0	0	0.0
0.0	0.0	0.0	0.0	0.0	0.0	0.0	0.0	0.0	0.0	0	0.0
0.0	0.0	0.0	0.0	0.0	0.0	0.0	0.0	0.0	0.0	0	0.0
0.0	0.0	0.0	0.0	0.0	0.0	0.0	0.0	0.0	0.0	0	0.0
0.0	0.0	0.0	0.0	0.0	0.0	0.0	0.0	0.0	0.0	0	0.0
0.0	0.0	0.0	0.0	0.0	0.0	0.0	0.0	0.0	0.0	0	0.0
0.0	0.0	0.0	0.0	0.0	0.0	0.0	0.0	0.0	0.0	0	0.0
0.0	0.0	0.0	0.0	0.0	0.0	0.0	0.0	0.0	0.0	0	0.0
0.0	0.0	0.0	0.0	0.0	0.0	0.0	0.0	0.0	0.0	0	0.0
0.0	0.0	0.0	0.0	0.0	0.0	0.0	0.0	0.0	0.0	0	0.0
0.0	0.0	0.0	0.0	0.0	0.0	0.0	0.0	0.0	0.0	0	0.0
0.0	0.0	0.0	0.0	0.0	0.0	0.0	0.0	0.0	0.0	0	0.0
0.0	0.0	0.0	0.0	0.0	0.0	0.0	0.0	0.0	0.0	0	0.0
0.0	0.0	0.0	0.0	0.0	0.0	0.0	0.0	0.0	0.0	0	0.0
0.0	0.0	0.0	0.0	0.0	0.0	0.0	0.0	0.0	0.0	0	0.0
0.0	0.0	0.0	0.0	0.0	0.0	0.0	0.0	0.0	0.0	0	0.0
0.0	0.0	0.0	0.0	0.0	0.0	0.0	0.0	0.0	0.0	0	0.0
0.0	0.0	0.0	0.0	0.0	0.0	0.0	0.0	0.0	0.0	0	0.0
0.0	0.0	0.0	0.0	0.0	0.0	0.0	0.0	0.0	0.0	0	0.0
0.0	0.0	0.0	0.0	0.0	0.0	0.0	0.0	0.0	0.0	0	0.0
0.0	0.0	0.0	0.0	0.0	0.0	0.0	0.0	0.0	0.0	0	0.0
0.0	0.0	0.0	0.0	0.0	0.0	0.0	0.0	0.0	0.0	0	0.0
0.0	0.0	0.0	0.0	0.0	0.0	0.0	0.0	0.0	0.0	0	0.0
0.0	0.0	0.0	0.0	0.0	0.0	0.0	0.0	0.0	0.0	0	0.0
0.0	0.0	0.0	0.0	0.0	0.0	0.0	0.0	0.0	0.0	0	0.0
0.0	0.0	0.0	0.0	0.0	0.0	0.0	0.0	0.0	0.0	0	0.0
0.0	0.0	0.0	0.0	0.0	0.0	0.0	0.0	0.0	0.0	0	0.0
0.0	0.0	0.0	0.0	0.0	0.0	0.0	0.0	0.0	0.0	0	0.0
0.0	0.0	0.0	0.0	0.0	0.0	0.0	0.0	0.0	0.0	0	0.0
0.0	0.0	0.0	0.0	0.0	0.0	0.0	0.0	0.0	0.0	0	0.0
0.0	0.0	0.0	0.0	0.0	0.0	0.0	0.0	0.0	0.0	0	0.0
0.0	0.0	0.0	0.0	0.0	0.0	0.0	0.0	0.0	0.0	0	0.0
0.0	0.0	0.0	0.0	0.0	0.0	0.0	0.0	0.0	0.0	0	0.0
0.0	0.0	0.0	0.0	0.0	0.0	0.0	0.0	0.0	0.0	0	0.0
0.0	0.0	0.0	0.0	0.0	0.0	0.0	0.0	0.0	0.0	0	0.0
0.0	0.0	0.0	0.0	0.0	0.0	0.0	0.0	0.0	0.0	0	0.0
0.0	0.0	0.0	0.0	0.0	0.0	0.0	0.0	0.0	0.0	0	0.0
0.0	0.0	0.0	0.0	0.0	0.0	0.0	0.0	0.0	0.0	0	0.0
0.0	0.0	0.0	0.0	0.0	0.0	0.0	0.0	0.0	0.0	0	0.0
0.0	0.0	0.0	0.0	0.0	0.0	0.0	0.0	0.0	0.0	0	0.0
0.0	0.0	0.0	0.0	0.0	0.0	0.0	0.0	0.0	0.0	0	0.0
0.0	0.0	0.0	0.0	0.0	0.0	0.0	0.0	0.0	0.0	0	0.0
0.0	0.0	0.0	0.0	0.0	0.0	0.0	0.0	0.0	0.0	0	0.0
0.0	0.0	0.0	0.0	0.0	0.0	0.0	0.0	0.0	0.0	0	0.0
0.0	0.0	0.0	0.0	0.0	0.0	0.0	0.0	0.0	0.0	0	0.0
0.0	0.0	0.0	0.0	0.0	0.0	0.0	0.0	0.0	0.0	0	0.0
0.0	0.0	0.0	0.0	0.0	0.0	0.0	0.0	0.0	0.0	0	0.0
0.0	0.0	0.0	0.0	0.0	0.0	0.0	0.0	0.0	0.0	0	0.0
0.0	0.0	0.0	0.0	0.0	0.0	0.0	0.0	0.0	0.0	0	0.0
0.0	0.0	0.0	0.0	0.0	0.0	0.0	0.0	0.0	0.0	0	0.0
0.0	0.0	0.0	0.0	0.0	0.0	0.0	0.0	0.0	0.0	0	0.0
0.0	0.0	0.0	0.0	0.0	0.0	0.0	0.0	0.0	0.0	0	0.0
0.0	0.0	0.0	0.0	0.0	0.0	0.0	0.0	0.0	0.0	0	0.0
0.0	0.0	0.0	0.0	0.0	0.0	0.0	0.0	0.0	0.0	0	0.0
0.0	0.0	0.0	0.0	0.0	0.0	0.0	0.0	0.0	0.0	0	0.0
0.0	0.0	0.0	0.0	0.0	0.0	0.0	0.0	0.0	0.0	0	0.0
0.0	0.0	0.0	0.0	0.0	0.0	0.0	0.0	0.0	0.0	0	0.0
0.0	0.0	0.0	0.0	0.0	0.0	0.0	0.0	0.0	0.0	0	0.0
0.0	0.0	0.0	0.0	0.0	0.0	0.0	0.0	0.0	0.0	0	0.0
0.0	0.0	0.0	0.0	0.0	0.0	0.0	0.0	0.0	0.0	0	0.0
0.0	0.0	0.0	0.0	0.0	0.0	0.0	0.0	0.0	0.0	0	0.0
0.0	0.0	0.0	0.0	0.0	0.0	0.0	0.0	0.0	0.0	0	0.0
0.0	0.0	0.0	0.0	0.0	0.0	0.0	0.0	0.0	0.0	0	0.0
0.0	0.0	0.0	0.0	0.0	0.0	0.0	0.0	0.0	0.0	0	0.0
0.0	0.0	0.0	0.0	0.0	0.0	0.0	0.0	0.0	0.0	0	0.0
0.0	0.0	0.0	0.0	0.0	0.0	0.0	0.0	0.0	0.0	0	0.0
0.0	0.0	0.0	0.0	0.0	0.0	0.0	0.0	0.0	0.0	0	0.0
0.0	0.0	0.0	0.0	0.0	0.0	0.0	0.0	0.0	0.0	0	0.0
0.0	0.0	0.0	0.0	0.0	0.0	0.0	0.0	0.0	0.0	0	0.0
0.0	0.0	0.0	0.0	0.0	0.0	0.0	0.0	0.0	0.0	0	0.0
0.0	0.0	0.0	0.0	0.0	0.0	0.0	0.0	0.0	0.0	0	0.0
0.0	0.0	0.0	0.0	0.0	0.0	0.0	0.0	0.0	0.0	0	0.0
0.0	0.0	0.0	0.0	0.0	0.0	0.0	0.0	0.0	0.0	0	0.0
0.0	0.0	0.0	0.0	0.0	0.0	0.0	0.0	0.0	0.0	0	0.0
0.0	0.0	0.0	0.0	0.0	0.0	0.0	0.0	0.0	0.0	0	0.0
0.0	0.0	0.0	0.0	0.0	0.0	0.0	0.0	0.0	0.0	0	0.0
0.0	0.0	0.0	0.0	0.0	0.0	0.0	0.0	0.0	0.0	0	0.0
0.0	0.0	0.0	0.0	0.0	0.0	0.0	0.0	0.0	0.0	0	0.0
0.0	0.0	0.0	0.0	0.0	0.0	0.0	0.0	0.0	0.0	0	0.0
0.0	0.0	0.0	0.0	0.0	0.0	0.0	0.0	0.0	0.0	0	0.0
0.0	0.0	0.0	0.0	0.0	0.0	0.0	0.0	0.0	0.0	0	0.0
0.0	0.0	0.0	0.0	0.0	0.0	0.0	0.0	0.0	0.0	0	0.0
0.0	0.0	0.0	0.0	0.0	0.0	0.0	0.0	0.0	0.0	0	0.0
0.0	0.0	0.0	0.0	0.0	0.0	0.0	0.0	0.0	0.0	0	0.0
0.0	0.0	0.0	0.0	0.0	0.0	0.0	0.0	0.0	0.0	0	0.0
0.0	0.0	0.0	0.0	0.0	0.0	0.0	0.0	0.0	0.0	0	0.0
0.0	0.0	0.0	0.0	0.0	0.0	0.0	0.0	0.0	0.0	0	0.0
0.0	0.0	0.0	0.0	0.0	0.0	0.0	0.0	0.0	0.0	0	0.0
0.0	0.0	0.0	0.0	0.0	0.0	0.0	0.0	0.0	0.0	0	0.0
0.0	0.0	0.0	0.0	0.0	0.0	0.0	0.0	0.0	0.0	0	0.0
0.0	0.0	0.0	0.0	0.0	0.0	0.0	0.0	0.0	0.0	0	0.0
0.0	0.0	0.0	0.0	0.0	0.0	0.0	0.0	0.0	0.0	0	0.0
0.0	0.0	0.0	0.0	0.0	0.0	0.0	0.0	0.0	0.0	0	0.0
0.0	0.0	0.0	0.0	0.0	0.0	0.0	0.0	0.0	0.0	0	0.0
0.0	0.0	0.0	0.0	0.0	0.0	0.0	0.0	0.0	0.0	0	0.0
0.0	0.0	0.0	0.0	0.0	0.0	0.0	0.0	0.0	0.0	0	0.0
0.0	0.0	0.0	0.0	0.0	0.0	0.0	0.0	0.0	0.0	0	0.0
0.0	0.0	0.0	0.0	0.0	0.0	0.0	0.0	0.0	0.0	0	0.0
0.0	0.0	0.0	0.0	0.0	0.0	0.0	0.0	0.0	0.0	0	0.0
0.0	0.0	0.0	0.0	0.0	0.0	0.0	0.0	0.0	0.0	0	0.0
0.0	0.0	0.0	0.0	0.0	0.0	0.0	0.0	0.0	0.0	0	0.0
0.0	0.0	0.0	0.0	0.0	0.0	0.0	0.0	0.0	0.0	0	0.0
0.0	0.0	0.0	0.0	0.0	0.0	0.0	0.0	0.0	0.0	0	0.0
0.0	0.0	0.0	0.0	0.0	0.0	0.0	0.0	0.0	0.0	0	0.0
0.0	0.0	0.0	0.0	0.0	0.0	0.0	0.0	0.0	0.0	0	0.0
0.0	0.0	0.0	0.0	0.0	0.0	0.0	0.0	0.0	0.0	0	0.0
0.0	0.0	0.0	0.0	0.0	0.0	0.0	0.0	0.0	0.0	0	0.0
0.0	0.0	0.0	0.0	0.0	0.0	0.0	0.0	0.0	0.0	0	0.0
0.0	0.0	0.0	0.0	0.0	0.0	0.0	0.0	0.0	0.0	0	0.0
0.0	0.0	0.0	0.0	0.0	0.0	0.0	0.0	0.0	0.0	0	0.0
0.0	0.0	0.0	0.0	0.0	0.0	0.0	0.0	0.0	0.0	0	0.0
0.0	0.0	0.0	0.0	0.0	0.0	0.0	0.0	0.0	0.0	0	0.0
0.0	0.0	0.0	0.0	0.0	0.0	0.0	0.0	0.0	0.0	0	0.0
0.0	0.0	0.0	0.0	0.0	0.0	0.0	0.0	0.0	0.0	0	0.0
0.0	0.0	0.0	0.0	0.0	0.0	0.0	0.0	0.0	0.0	0	0.0
0.0	0.0	0.0	0.0	0.0	0.0	0.0	0.0	0.0	0.0	0	0.0
0.0	0.0	0.0	0.0	0.0	0.0	0.0	0.0	0.0	0.0	0	0.0
0.0	0.0	0.0	0.0	0.0	0.0	0.0	0.0	0.0	0.0	0	0.0
0.0	0.0	0.0	0.0	0.0	0.0	0.0	0.0	0.0	0.0	0	0.0
0.0	0.0	0.0	0.0	0.0	0.0	0.0	0.0	0.0	0.0	0	0.0
0.0	0.0	0.0	0.0	0.0	0.0	0.0	0.0	0.0	0.0	0	0.0
0.0	0.0	0.0	0.0	0.0	0.0	0.0	0.0	0.0	0.0	0	0.0
0.0	0.0	0.0	0.0	0.0	0.0	0.0	0.0	0.0	0.0	0	0.0
0.0	0.0	0.0	0.0	0.0	0.0	0.0	0.0	0.0	0.0	0	0.0
0.0	0.0	0.0	0.0	0.0	0.0	0.0	0.0	0.0	0.0	0	0.0
0.0	0.0	0.0	0.0	0.0	0.0	0.0	0.0	0.0	0.0	0	0.0
0.0	0.0	0.0	0.0	0.0	0.0	0.0	0.0	0.0	0.0	0	0.0
0.0	0.0	0.0	0.0	0.0	0.0	0.0	0.0	0.0	0.0	0	0.0
0.0	0.0	0.0	0.0	0.0	0.0	0.0	0.0	0.0	0.0	0	0.0
0.0	0.0	0.0	0.0	0.0	0.0	0.0	0.0	0.0	0.0	0	0.0
0.0	0.0	0.0	0.0	0.0	0.0	0.0	0.0	0.0	0.0	0	0.0
0.0	0.0	0.0	0.0	0.0	0.0	0.0	0.0	0.0	0.0	0	0.0
0.0	0.0	0.0	0.0	0.0	0.0	0.0	0.0	0.0	0.0	0	0.0
0.0	0.0	0.0	0.0	0.0	0.0	0.0	0.0	0.0	0.0	0	0.0
0.0	0.0	0.0	0.0	0.0	0.0	0.0	0.0	0.0	0.0	0	0.0
0.0	0.0	0.0	0.0	0.0	0.0	0.0	0.0	0.0	0.0	0	0.0
0.0	0.0	0.0	0.0	0.0	0.0	0.0	0.0	0.0	0.0	0	0.0
0.0	0.0	0.0	0.0	0.0	0.0	0.0	0.0	0.0	0.0	0	0.0
0.0	0.0	0.0	0.0	0.0	0.0	0.0	0.0	0.0	0.0	0	0.0
0.0	0.0	0.0	0.0	0.0	0.0	0.0	0.0	0.0	0.0	0	0.0
0.0	0.0	0.0	0.0	0.0	0.0	0.0	0.0	0.0	0.0	0	0.0
0.0	0.0	0.0	0.0	0.0	0.0	0.0	0.0	0.0	0.0	0	0.0
0.0	0.0	0.0	0.0	0.0	0.0	0.0	0.0	0.0	0.0	0	0.0
0.0	0.0	0.0	0.0	0.0	0.0	0.0	0.0	0.0	0.0	0	0.0
0.0	0.0	0.0	0.0	0.0	0.0	0.0	0.0	0.0	0.0	0	0.0
0.0	0.0	0.0	0.0	0.0	0.0	0.0	0.0	0.0	0.0	0	0.0
0.0	0.0	0.0	0.0	0.0	0.0	0.0	0.0	0.0	0.0	0	0.0
0.0	0.0	0.0	0.0	0.0	0.0	0.0	0.0	0.0	0.0	0	0.0
0.0	0.0	0.0	0.0	0.0	0.0	0.0	0.0	0.0	0.0	0	0.0
0.0	0.0	0.0	0.0	0.0	0.0	0.0	0.0	0.0	0.0	0	0.0
0.0	0.0	0.0	0.0	0.0	0.0	0.0	0.0	0.0	0.0	0	0.0
0.0	0.0	0.0	0.0	0.0	0.0	0.0	0.0	0.0	0.0	0	0.0
0.0	0.0	0.0	0.0	0.0	0.0	0.0	0.0	0.0	0.0	0	0.0
0.0	0.0	0.0	0.0	0.0	0.0	0.0	0.0	0.0	0.0	0	0.0
0.0	0.0	0.0	0.0	0.0	0.0	0.0	0.0	0.0	0.0	0	0.0
0.0	0.0	0.0	0.0	0.0	0.0	0.0	0.0	0.0	0.0	0	0.0
0.0	0.0	0.0	0.0	0.0	0.0	0.0	0.0	0.0	0.0	0	0.0
0.0	0.0	0.0	0.0	0.0	0.0	0.0	0.0	0.0	0.0	0	0.0
0.0	0.0	0.0	0.0	0.0	0.0	0.0	0.0	0.0	0.0	0	0.0
0.0	0.0	0.0	0.0	0.0	0.0	0.0	0.0	0.0	0.0	0	0.0
0.0	0.0	0.0	0.0	0.0	0.0	0.0	0.0	0.0	0.0	0	0.0
0.0	0.0	0.0	0.0	0.0	0.0	0.0	0.0	0.0	0.0	0	0.0
0.0	0.0	0.0	0.0	0.0	0.0	0.0	0.0	0.0	0.0	0	0.0
0.0	0.0	0.0	0.0	0.0	0.0	0.0	0.0	0.0	0.0	0	0.0
0.0	0.0	0.0	0.0	0.0	0.0	0.0	0.0	0.0	0.0	0	0.0
0.0	0.0	0.0	0.0	0.0	0.0	0.0	0.0	0.0	0.0	0	0.0
0.0	0.0	0.0	0.0	0.0	0.0	0.0	0.0	0.0	0.0	0	0.0
0.0	0.0	0.0	0.0	0.0	0.0	0.0	0.0	0.0	0.0	0	0.0
0.0	0.0	0.0	0.0	0.0	0.0	0.0	0.0	0.0	0.0	0	0.0
0.0	0.0	0.0	0.0	0.0	0.0	0.0	0.0	0.0	0.0	0	0.0
0.0	0.0	0.0	0.0	0.0	0.0	0.0	0.0	0.0	0.0	0	0.0
0.0	0.0	0.0	0.0	0.0	0.0	0.0	0.0	0.0	0.0	0	0.0
0.0	0.0	0.0	0.0	0.0	0.0	0.0	0.0	0.0	0.0	0	0.0
0.0	0.0	0.0	0.0	0.0	0.0	0.0	0.0	0.0	0.0	0	0.0
0.0	0.0	0.0	0.0	0.0	0.0	0.0	0.0	0.0	0.0	0	0.0
0.0	0.0	0.0	0.0	0.0	0.0	0.0	0.0	0.0	0.0	0	0.0
0.0	0.0	0.0	0.0	0.0	0.0	0.0	0.0	0.0	0.0	0	0.0
0.0	0.0	0.0	0.0	0.0	0.0	0.0	0.0	0.0	0.0	0	0.0
0.0	0.0	0.0	0.0	0.0	0.0	0.0	0.0	0.0	0.0	0	0.0
0.0	0.0	0.0	0.0	0.0	0.0	0.0	0.0	0.0	0.0	0	0.0
0.0	0.0	0.0	0.0	0.0	0.0	0.0	0.0	0.0	0.0	0	0.0
0.0	0.0	0.0	0.0	0.0	0.0	0.0	0.0	0.0	0.0	0	0.0
0.0	0.0	0.0	0.0	0.0	0.0	0.0	0.0	0.0	0.0	0	0.0
0.0	0.0	0.0	0.0	0.0	0.0	0.0	0.0	0.0	0.0	0	0.0
0.0	0.0	0.0	0.0	0.0	0.0	0.0	0.0	0.0	0.0	0	0.0
0.0	0.0	0.0	0.0	0.0	0.0	0.0	0.0	0.0	0.0	0	0.0
0.0	0.0	0.0	0.0	0.0	0.0	0.0	0.0	0.0	0.0	0	0.0
0.0	0.0	0.0	0.0	0.0	0.0	0.0	0.0	0.0	0.0	0	0.0
0.0	0.0	0.0	0.0	0.0	0.0	0.0	0.0	0.0	0.0	0	0.0
0.0	0.0	0.0	0.0	0.0	0.0	0.0	0.0	0.0	0.0	0	0.0
0.0	0.0	0.0	0.0	0.0	0.0	0.0	0.0	0.0	0.0	0	0.0
0.0	0.0	0.0	0.0	0.0	0.0	0.0	0.0	0.0	0.0	0	0.0
0.0	0.0	0.0	0.0	0.0	0.0	0.0	0.0	0.0	0.0	0	0.0
0.0	0.0	0.0	0.0	0.0	0.0	0.0	0.0	0.0	0.0	0	0.0
0.0	0.0	0.0	0.0	0.0	0.0	0.0	0.0	0.0	0.0	0	0.0
0.0	0.0	0.0	0.0	0.0	0.0	0.0	0.0	0.0	0.0	0	0.0
0.0	0.0	0.0	0.0	0.0	0.0	0.0	0.0	0.0	0.0	0	0.0
0.0	0.0	0.0	0.0	0.0	0.0	0.0	0.0	0.0	0.0	0	0.0
0.0	0.0	0.0	0.0	0.0	0.0	0.0	0.0	0.0	0.0	0	0.0
0.0	0.0	0.0	0.0	0.0	0.0	0.0	0.0	0.0	0.0	0	0.0
0.0	0.0	0.0	0.0	0.0	0.0	0.0	0.0	0.0	0.0	0	0.0
0.0	0.0	0.0	0.0	0.0	0.0	0.0	0.0	0.0	0.0	0	0.0
0.0	0.0	0.0	0.0	0.0	0.0	0.0	0.0	0.0	0.0	0	0.0
0.0	0.0	0.0	0.0	0.0	0.0	0.0	0.0	0.0	0.0	0	0.0
0.0	0.0	0.0	0.0	0.0	0.0	0.0	0.0	0.0	0.0	0	0.0
0.0	0.0	0.0	0.0	0.0	0.0	0.0	0.0	0.0	0.0	0	0.0
0.0	0.0	0.0	0.0	0.0	0.0	0.0	0.0	0.0	0.0	0	0.0
0.0	0.0	0.0	0.0	0.0	0.0	0.0	0.0	0.0	0.0	0	0.0
0.0	0.0	0.0	0.0	0.0	0.0	0.0	0.0	0.0	0.0	0	0.0
0.0	0.0	0.0	0.0	0.0	0.0	0.0	0.0	0.0	0.0	0	0.0
0.0	0.0	0.0	0.0	0.0	0.0	0.0	0.0	0.0	0.0	0	0.0
0.0	0.0	0.0	0.0	0.0	0.0	0.0	0.0	0.0	0.0	0	0.0
0.0	0.0	0.0	0.0	0.0	0.0	0.0	0.0	0.0	0.0	0	0.0
0.0	0.0	0.0	0.0	0.0	0.0	0.0	0.0	0.0	0.0	0	0.0
0.0	0.0	0.0	0.0	0.0	0.0	0.0	0.0	0.0	0.0	0	0.0
0.0	0.0	0.0	0.0	0.0	0.0	0.0	0.0	0.0	0.0	0	0.0
0.0	0.0	0.0	0.0	0.0	0.0	0.0	0.0	0.0	0.0	0	0.0
0.0	0.0	0.0	0.0	0.0	0.0	0.0	0.0	0.0	0.0	0	0.0
0.0	0.0	0.0	0.0	0.0	0.0	0.0	0.0	0.0	0.0	0	0.0
0.0	0.0	0.0	0.0	0.0	0.0	0.0	0.0	0.0	0.0	0	0.0
0.0	0.0	0.0	0.0	0.0	0.0	0.0	0.0	0.0	0.0	0	0.0
0.0	0.0	0.0	0.0	0.0	0.0	0.0	0.0	0.0	0.0	0	0.0
0.0	0.0	0.0	0.0	0.0	0.0	0.0	0.0	0.0	0.0	0	0.0
0.0	0.0	0.0	0.0	0.0	0.0	0.0	0.0	0.0	0.0	0	0.0
0.0	0.0	0.0	0.0	0.0	0.0	0.0	0.0	0.0	0.0	0	0.0
0.0	0.0	0.0	0.0	0.0	0.0	0.0	0.0	0.0	0.0	0	0.0
0.0	0.0	0.0	0.0	0.0	0.0	0.0	0.0	0.0	0.0	0	0.0
0.0	0.0	0.0	0.0	0.0	0.0	0.0	0.0	0.0	0.0	0	0.0
0.0	0.0	0.0	0.0	0.0	0.0	0.0	0.0	0.0	0.0	0	0.0
0.0	0.0	0.0	0.0	0.0	0.0	0.0	0.0	0.0	0.0	0	0.0
0.0	0.0	0.0	0.0	0.0	0.0	0.0	0.0	0.0	0.0	0	0.0
0.0	0.0	0.0	0.0	0.0	0.0	0.0	0.0	0.0	0.0	0	0.0
0.0	0.0	0.0	0.0	0.0	0.0	0.0	0.0	0.0	0.0	0	0.0
0.0	0.0	0.0	0.0	0.0	0.0	0.0	0.0	0.0	0.0	0	0.0
0.0	0.0	0.0	0.0	0.0	0.0	0.0	0.0	0.0	0.0	0	0.0
0.0	0.0	0.0	0.0	0.0	0.0	0.0	0.0	0.0	0.0	0	0.0
0.0	0.0	0.0	0.0	0.0	0.0	0.0	0.0	0.0	0.0	0	0.0
0.0	0.0	0.0	0.0	0.0	0.0	0.0	0.0	0.0	0.0	0	0.0
0.0	0.0	0.0	0.0	0.0	0.0	0.0	0.0	0.0	0.0	0	0.0
0.0	0.0	0.0	0.0	0.0	0.0	0.0	0.0	0.0	0.0	0	0.0
0.0	0.0	0.0	0.0	0.0	0.0	0.0	0.0	0.0	0.0	0	0.0
0.0	0.0	0.0	0.0	0.0	0.0	0.0	0.0	0.0	0.0	0	0.0
0.0	0.0	0.0	0.0	0.0	0.0	0.0	0.0	0.0	0.0	0	0.0
0.0	0.0	0.0	0.0	0.0	0.0	0.0	0.0	0.0	0.0	0	0.0
0.0	0.0	0.0	0.0	0.0	0.0	0.0	0.0	0.0	0.0	0	0.0
0.0	0.0	0.0	0.0	0.0	0.0	0.0	0.0	0.0	0.0	0	0.0
0.0	0.0	0.0	0.0	0.0	0.0	0.0	0.0	0.0	0.0	0	0.0
0.0	0.0	0.0	0.0	0.0	0.0	0.0	0.0	0.0	0.0	0	0.0
0.0	0.0	0.0	0.0	0.0	0.0	0.0	0.0	0.0	0.0	0	0.0
0.0	0.0	0.0	0.0	0.0	0.0	0.0	0.0	0.0	0.0	0	0.0
0.0	0.0	0.0	0.0	0.0	0.0	0.0	0.0	0.0	0.0	0	0.0
0.0	0.0	0.0	0.0	0.0	0.0	0.0	0.0	0.0	0.0	0	0.0
0.0	0.0	0.0	0.0	0.0	0.0	0.0	0.0	0.0	0.0	0	0.0
0.0	0.0	0.0	0.0	0.0	0.0	0.0	0.0	0.0	0.0	0	0.0
0.0	0.0	0.0	0.0	0.0	0.0	0.0	0.0	0.0	0.0	0	0.0
0.0	0.0	0.0	0.0	0.0	0.0	0.0	0.0	0.0	0.0	0	0.0
0.0	0.0	0.0	0.0	0.0	0.0	0.0	0.0	0.0	0.0	0	0.0
0.0	0.0	0.0	0.0	0.0	0.0	0.0	0.0	0.0	0.0	0	0.0
0.0	0.0	0.0	0.0	0.0	0.0	0.0	0.0	0.0	0.0	0	0.0
0.0	0.0	0.0	0.0	0.0	0.0	0.0	0.0	0.0	0.0	0	0.0
0.0	0.0	0.0	0.0	0.0	0.0	0.0	0.0	0.0	0.0	0	0.0
0.0	0.0	0.0	0.0	0.0	0.0	0.0	0.0	0.0	0.0	0	0.0
0.0	0.0	0.0	0.0	0.0	0.0	0.0	0.0	0.0	0.0	0	0.0
0.0	0.0	0.0	0.0	0.0	0.0	0.0	0.0	0.0	0.0	0	0.0
0.0	0.0	0.0	0.0	0.0	0.0	0.0	0.0	0.0	0.0	0	0.0
0.0	0.0	0.0	0.0	0.0	0.0	0.0	0.0	0.0	0.0	0	0.0
0.0	0.0	0.0	0.0	0.0	0.0	0.0	0.0	0.0	0.0	0	0.0
0.0	0.0	0.0	0.0	0.0	0.0	0.0	0.0	0.0	0.0	0	0.0
0.0	0.0	0.0	0.0	0.0	0.0	0.0	0.0	0.0	0.0	0	0.0
0.0	0.0	0.0	0.0	0.0	0.0	0.0	0.0	0.0	0.0	0	0.0
0.0	0.0	0.0	0.0	0.0	0.0	0.0	0.0	0.0	0.0	0	0.0
0.0	0.0	0.0	0.0	0.0	0.0	0.0	0.0	0.0	0.0	0	0.0
0.0	0.0	0.0	0.0	0.0	0.0	0.0	0.0	0.0	0.0	0	0.0
0.0	0.0	0.0	0.0	0.0	0.0	0.0	0.0	0.0	0.0	0	0.0
0.0	0.0	0.0	0.0	0.0	0.0	0.0	0.0	0.0	0.0	0	0.0
0.0	0.0	0.0	0.0	0.0	0.0	0.0	0.0	0.0	0.0	0	0.0
0.0	0.0	0.0	0.0	0.0	0.0	0.0	0.0	0.0	0.0	0	0.0
0.0	0.0	0.0	0.0	0.0	0.0	0.0	0.0	0.0	0.0	0	0.0
0.0	0.0	0.0	0.0	0.0	0.0	0.0	0.0	0.0	0.0	0	0.0
0.0	0.0	0.0	0.0	0.0	0.0	0.0	0.0	0.0	0.0	0	0.0
0.0	0.0	0.0	0.0	0.0	0.0	0.0	0.0	0.0	0.0	0	0.0
0.0	0.0	0.0	0.0	0.0	0.0	0.0	0.0	0.0	0.0	0	0.0
0.0	0.0	0.0	0.0	0.0	0.0	0.0	0.0	0.0	0.0	0	0.0
0.0	0.0	0.0	0.0	0.0	0.0	0.0	0.0	0.0	0.0	0	0.0
0.0	0.0	0.0	0.0	0.0	0.0	0.0	0.0	0.0	0.0	0	0.0
0.0	0.0	0.0	0.0	0.0	0.0	0.0	0.0	0.0	0.0	0	0.0
0.0	0.0	0.0	0.0	0.0	0.0	0.0	0.0	0.0	0.0	0	0.0
0.0	0.0	0.0	0.0	0.0	0.0	0.0	0.0	0.0	0.0	0	0.0
0.0	0.0	0.0	0.0	0.0	0.0	0.0	0.0	0.0	0.0	0	0.0
0.0	0.0	0.0	0.0	0.0	0.0	0.0	0.0	0.0	0.0	0	0.0
0.0	0.0	0.0	0.0	0.0	0.0	0.0	0.0	0.0	0.0	0	0.0
0.0	0.0	0.0	0.0	0.0	0.0	0.0	0.0	0.0	0.0	0	0.0
0.0	0.0	0.0	0.0	0.0	0.0	0.0	0.0	0.0	0.0	0	0.0
0.0	0.0	0.0	0.0	0.0	0.0	0.0	0.0	0.0	0.0	0	0.0
0.0	0.0	0.0	0.0	0.0	0.0	0.0	0.0	0.0	0.0	0	0.0
0.0	0.0	0.0	0.0	0.0	0.0	0.0	0.0	0.0	0.0	0	0.0
0.0	0.0	0.0	0.0	0.0	0.0	0.0	0.0	0.0	0.0	0	0.0
0.0	0.0	0.0	0.0	0.0	0.0	0.0	0.0	0.0	0.0	0	0.0
0.0	0.0	0.0	0.0	0.0	0.0	0.0	0.0	0.0	0.0	0	0.0
0.0	0.0	0.0	0.0	0.0	0.0	0.0	0.0	0.0	0.0	0	0.0
0.0	0.0	0.0	0.0	0.0	0.0	0.0	0.0	0.0	0.0	0	0.0
0.0	0.0	0.0	0.0	0.0	0.0	0.0	0.0	0.0	0.0	0	0.0
0.0	0.0	0.0	0.0	0.0	0.0	0.0	0.0	0.0	0.0	0	0.0
0.0	0.0	0.0	0.0	0.0	0.0	0.0	0.0	0.0	0.0	0	0.0
0.0	0.0	0.0	0.0	0.0	0.0	0.0	0.0	0.0	0.0	0	0.0
0.0	0.0	0.0	0.0	0.0	0.0	0.0	0.0	0.0	0.0	0	0.0
0.0	0.0	0.0	0.0	0.0	0.0	0.0	0.0	0.0	0.0	0	0.0
0.0	0.0	0.0	0.0	0.0	0.0	0.0	0.0	0.0	0.0	0	0.0
0.0	0.0	0.0	0.0	0.0	0.0	0.0	0.0	0.0	0.0	0	0.0
0.0	0.0	0.0	0.0	0.0	0.0	0.0	0.0	0.0	0.0	0	0.0
0.0	0.0	0.0	0.0	0.0	0.0	0.0	0.0	0.0	0.0	0	0.0
0.0	0.0	0.0	0.0	0.0	0.0	0.0	0.0	0.0	0.0	0	0.0
0.0	0.0	0.0	0.0	0.0	0.0	0.0	0.0	0.0	0.0	0	0.0
0.0	0.0	0.0	0.0	0.0	0.0	0.0	0.0	0.0	0.0	0	0.0
0.0	0.0	0.0	0.0	0.0	0.0	0.0	0.0	0.0	0.0	0	0.0
0.0	0.0	0.0	0.0	0.0	0.0	0.0	0.0	0.0	0.0	0	0.0
0.0	0.0	0.0	0.0	0.0	0.0	0.0	0.0	0.0	0.0	0	0.0
0.0	0.0	0.0	0.0	0.0	0.0	0.0	0.0	0.0	0.0	0	0.0
0.0	0.0	0.0	0.0	0.0	0.0	0.0	0.0	0.0	0.0	0	0.0
0.0	0.0	0.0	0.0	0.0	0.0	0.0	0.0	0.0	0.0	0	0.0
0.0	0.0	0.0	0.0	0.0	0.0	0.0	0.0	0.0	0.0	0	0.0
0.0	0.0	0.0	0.0	0.0	0.0	0.0	0.0	0.0	0.0	0	0.0
0.0	0.0	0.0	0.0	0.0	0.0	0.0	0.0	0.0	0.0	0	0.0
0.0	0.0	0.0	0.0	0.0	0.0	0.0	0.0	0.0	0.0	0	0.0
0.0	0.0	0.0	0.0	0.0	0.0	0.0	0.0	0.0	0.0	0	0.0
0.0	0.0	0.0	0.0	0.0	0.0	0.0	0.0	0.0	0.0	0	0.0
0.0	0.0	0.0	0.0	0.0	0.0	0.0	0.0	0.0	0.0	0	0.0
0.0	0.0	0.0	0.0	0.0	0.0	0.0	0.0	0.0	0.0	0	0.0
0.0	0.0	0.0	0.0	0.0	0.0	0.0	0.0	0.0	0.0	0	0.0
0.0	0.0	0.0	0.0	0.0	0.0	0.0	0.0	0.0	0.0	0	0.0
0.0	0.0	0.0	0.0	0.0	0.0	0.0	0.0	0.0	0.0	0	0.0
0.0	0.0	0.0	0.0	0.0	0.0	0.0	0.0	0.0	0.0	0	0.0
0.0	0.0	0.0	0.0	0.0	0.0	0.0	0.0	0.0	0.0	0	0.0
0.0	0.0	0.0	0.0	0.0	0.0	0.0	0.0	0.0	0.0	0	0.0
0.0	0.0	0.0	0.0	0.0	0.0	0.0	0.0	0.0	0.0	0	0.0
0.0	0.0	0.0	0.0	0.0	0.0	0.0	0.0	0.0	0.0	0	0.0
0.0	0.0	0.0	0.0	0.0	0.0	0.0	0.0	0.0	0.0	0	0.0
0.0	0.0	0.0	0.0	0.0	0.0	0.0	0.0	0.0	0.0	0	0.0
0.0	0.0	0.0	0.0	0.0	0.0	0.0	0.0	0.0	0.0	0	0.0
0.0	0.0	0.0	0.0	0.0	0.0	0.0	0.0	0.0	0.0	0	0.0
0.0	0.0	0.0	0.0	0.0	0.0	0.0	0.0	0.0	0.0	0	0.0
0.0	0.0	0.0	0.0	0.0	0.0	0.0	0.0	0.0	0.0	0	0.0
0.0	0.0	0.0	0.0	0.0	0.0	0.0	0.0	0.0	0.0	0	0.0
0.0	0.0	0.0	0.0	0.0	0.0	0.0	0.0	0.0	0.0	0	0.0
0.0	0.0	0.0	0.0	0.0	0.0	0.0	0.0	0.0	0.0	0	0.0
0.0	0.0	0.0	0.0	0.0	0.0	0.0	0.0	0.0	0.0	0	0.0
0.0	0.0	0.0	0.0	0.0	0.0	0.0	0.0	0.0	0.0	0	0.0
0.0	0.0	0.0	0.0	0.0	0.0	0.0	0.0	0.0	0.0	0	0.0
0.0	0.0	0.0	0.0	0.0	0.0	0.0	0.0	0.0	0.0	0	0.0
0.0	0.0	0.0	0.0	0.0	0.0	0.0	0.0	0.0	0.0	0	0.0
0.0	0.0	0.0	0.0	0.0	0.0	0.0	0.0	0.0	0.0	0	0.0
0.0	0.0	0.0	0.0	0.0	0.0	0.0	0.0	0.0	0.0	0	0.0
0.0	0.0	0.0	0.0	0.0	0.0	0.0	0.0	0.0	0.0	0	0.0
0.0	0.0	0.0	0.0	0.0	0.0	0.0	0.0	0.0	0.0	0	0.0
0.0	0.0	0.0	0.0	0.0	0.0	0.0	0.0	0.0	0.0	0	0.0
0.0	0.0	0.0	0.0	0.0	0.0	0.0	0.0	0.0	0.0	0	0.0
0.0	0.0	0.0	0.0	0.0	0.0	0.0	0.0	0.0	0.0	0	0.0
0.0	0.0	0.0	0.0	0.0	0.0	0.0	0.0	0.0	0.0	0	0.0
0.0	0.0	0.0	0.0	0.0	0.0	0.0	0.0	0.0	0.0	0	0.0
0.0	0.0	0.0	0.0	0.0	0.0	0.0	0.0	0.0	0.0	0	0.0
0.0	0.0	0.0	0.0	0.0	0.0	0.0	0.0	0.0	0.0	0	0.0
0.0	0.0	0.0	0.0	0.0	0.0	0.0	0.0	0.0	0.0	0	0.0
0.0	0.0	0.0	0.0	0.0	0.0	0.0	0.0	0.0	0.0	0	0.0
0.0	0.0	0.0	0.0	0.0	0.0	0.0	0.0	0.0	0.0	0	0.0
0.0	0.0	0.0	0.0	0.0	0.0	0.0	0.0	0.0	0.0	0	0.0
0.0	0.0	0.0	0.0	0.0	0.0	0.0	0.0	0.0	0.0	0	0.0
0.0	0.0	0.0	0.0	0.0	0.0	0.0	0.0	0.0	0.0	0	0.0
0.0	0.0	0.0	0.0	0.0	0.0	0.0	0.0	0.0	0.0	0	0.0
0.0	0.0	0.0	0.0	0.0	0.0	0.0	0.0	0.0	0.0	0	0.0
0.0	0.0	0.0	0.0	0.0	0.0	0.0	0.0	0.0	0.0	0	0.0
0.0	0.0	0.0	0.0	0.0	0.0	0.0	0.0	0.0	0.0	0	0.0
0.0	0.0	0.0	0.0	0.0	0.0	0.0	0.0	0.0	0.0	0	0.0
0.0	0.0	0.0	0.0	0.0	0.0	0.0	0.0	0.0	0.0	0	0.0
0.0	0.0	0.0	0.0	0.0	0.0	0.0	0.0	0.0	0.0	0	0.0
0.0	0.0	0.0	0.0	0.0	0.0	0.0	0.0	0.0	0.0	0	0.0
0.0	0.0	0.0	0.0	0.0	0.0	0.0	0.0	0.0	0.0	0	0.0
0.0	0.0	0.0	0.0	0.0	0.0	0.0	0.0	0.0	0.0	0	0.0
0.0	0.0	0.0	0.0	0.0	0.0	0.0	0.0	0.0	0.0	0	0.0
0.0	0.0	0.0	0.0	0.0	0.0	0.0	0.0	0.0	0.0	0	0.0
0.0	0.0	0.0	0.0	0.0	0.0	0.0	0.0	0.0	0.0	0	0.0
0.0	0.0	0.0	0.0	0.0	0.0	0.0	0.0	0.0	0.0	0	0.0
0.0	0.0	0.0	0.0	0.0	0.0	0.0	0.0	0.0	0.0	0	0.0
0.0	0.0	0.0	0.0	0.0	0.0	0.0	0.0	0.0	0.0	0	0.0
0.0	0.0	0.0	0.0	0.0	0.0	0.0	0.0	0.0	0.0	0	0.0
0.0	0.0	0.0	0.0	0.0	0.0	0.0	0.0	0.0	0.0	0	0.0
0.0	0.0	0.0	0.0	0.0	0.0	0.0	0.0	0.0	0.0	0	0.0
0.0	0.0	0.0	0.0	0.0	0.0	0.0	0.0	0.0	0.0	0	0.0
0.0	0.0	0.0	0.0	0.0	0.0	0.0	0.0	0.0	0.0	0	0.0
0.0	0.0	0.0	0.0	0.0	0.0	0.0	0.0	0.0	0.0	0	0.0
0.0	0.0	0.0	0.0	0.0	0.0	0.0	0.0	0.0	0.0	0	0.0
0.0	0.0	0.0	0.0	0.0	0.0	0.0	0.0	0.0	0.0	0	0.0
0.0	0.0	0.0	0.0	0.0	0.0	0.0	0.0	0.0	0.0	0	0.0
0.0	0.0	0.0	0.0	0.0	0.0	0.0	0.0	0.0	0.0	0	0.0
0.0	0.0	0.0	0.0	0.0	0.0	0.0	0.0	0.0	0.0	0	0.0
0.0	0.0	0.0	0.0	0.0	0.0	0.0	0.0	0.0	0.0	0	0.0
0.0	0.0	0.0	0.0	0.0	0.0	0.0	0.0	0.0	0.0	0	0.0
0.0	0.0	0.0	0.0	0.0	0.0	0.0	0.0	0.0	0.0	0	0.0
0.0	0.0	0.0	0.0	0.0	0.0	0.0	0.0	0.0	0.0	0	0.0
0.0	0.0	0.0	0.0	0.0	0.0	0.0	0.0	0.0	0.0	0	0.0
0.0	0.0	0.0	0.0	0.0	0.0	0.0	0.0	0.0	0.0	0	0.0
0.0	0.0	0.0	0.0	0.0	0.0	0.0	0.0	0.0	0.0	0	0.0
0.0	0.0	0.0	0.0	0.0	0.0	0.0	0.0	0.0	0.0	0	0.0
0.0	0.0	0.0	0.0	0.0	0.0	0.0	0.0	0.0	0.0	0	0.0
0.0	0.0	0.0	0.0	0.0	0.0	0.0	0.0	0.0	0.0	0	0.0
0.0	0.0	0.0	0.0	0.0	0.0	0.0	0.0	0.0	0.0	0	0.0
0.0	0.0	0.0	0.0	0.0	0.0	0.0	0.0	0.0	0.0	0	0.0
0.0	0.0	0.0	0.0	0.0	0.0	0.0	0.0	0.0	0.0	0	0.0
0.0	0.0	0.0	0.0	0.0	0.0	0.0	0.0	0.0	0.0	0	0.0
0.0	0.0	0.0	0.0	0.0	0.0	0.0	0.0	0.0	0.0	0	0.0
0.0	0.0	0.0	0.0	0.0	0.0	0.0	0.0	0.0	0.0	0	0.0
0.0	0.0	0.0	0.0	0.0	0.0	0.0	0.0	0.0	0.0	0	0.0
0.0	0.0	0.0	0.0	0.0	0.0	0.0	0.0	0.0	0.0	0	0.0
0.0	0.0	0.0	0.0	0.0	0.0	0.0	0.0	0.0	0.0	0	0.0
0.0	0.0	0.0	0.0	0.0	0.0	0.0	0.0	0.0	0.0	0	0.0
0.0	0.0	0.0	0.0	0.0	0.0	0.0	0.0	0.0	0.0	0	0.0
0.0	0.0	0.0	0.0	0.0	0.0	0.0	0.0	0.0	0.0	0	0.0
0.0	0.0	0.0	0.0	0.0	0.0	0.0	0.0	0.0	0.0	0	0.0
0.0	0.0	0.0	0.0	0.0	0.0	0.0	0.0	0.0	0.0	0	0.0
0.0	0.0	0.0	0.0	0.0	0.0	0.0	0.0	0.0	0.0	0	0.0
0.0	0.0	0.0	0.0	0.0	0.0	0.0	0.0	0.0	0.0	0	0.0
0.0	0.0	0.0	0.0	0.0	0.0	0.0	0.0	0.0	0.0	0	0.0
0.0	0.0	0.0	0.0	0.0	0.0	0.0	0.0	0.0	0.0	0	0.0
0.0	0.0	0.0	0.0	0.0	0.0	0.0	0.0	0.0	0.0	0	0.0
0.0	0.0	0.0	0.0	0.0	0.0	0.0	0.0	0.0	0.0	0	0.0
0.0	0.0	0.0	0.0	0.0	0.0	0.0	0.0	0.0	0.0	0	0.0
0.0	0.0	0.0	0.0	0.0	0.0	0.0	0.0	0.0	0.0	0	0.0
0.0	0.0	0.0	0.0	0.0	0.0	0.0	0.0	0.0	0.0	0	0.0
0.0	0.0	0.0	0.0	0.0	0.0	0.0	0.0	0.0	0.0	0	0.0
0.0	0.0	0.0	0.0	0.0	0.0	0.0	0.0	0.0	0.0	0	0.0
0.0	0.0	0.0	0.0	0.0	0.0	0.0	0.0	0.0	0.0	0	0.0
0.0	0.0	0.0	0.0	0.0	0.0	0.0	0.0	0.0	0.0	0	0.0
0.0	0.0	0.0	0.0	0.0	0.0	0.0	0.0	0.0	0.0	0	0.0
0.0	0.0	0.0	0.0	0.0	0.0	0.0	0.0	0.0	0.0	0	0.0
0.0	0.0	0.0	0.0	0.0	0.0	0.0	0.0	0.0	0.0	0	0.0
0.0	0.0	0.0	0.0	0.0	0.0	0.0	0.0	0.0	0.0	0	0.0
0.0	0.0	0.0	0.0	0.0	0.0	0.0	0.0	0.0	0.0	0	0.0
0.0	0.0	0.0	0.0	0.0	0.0	0.0	0.0	0.0	0.0	0	0.0
0.0	0.0	0.0	0.0	0.0	0.0	0.0	0.0	0.0	0.0	0	0.0
0.0	0.0	0.0	0.0	0.0	0.0	0.0	0.0	0.0	0.0	0	0.0
0.0	0.0	0.0	0.0	0.0	0.0	0.0	0.0	0.0	0.0	0	0.0
0.0	0.0	0.0	0.0	0.0	0.0	0.0	0.0	0.0	0.0	0	0.0
0.0	0.0	0.0	0.0	0.0	0.0	0.0	0.0	0.0	0.0	0	0.0
0.0	0.0	0.0	0.0	0.0	0.0	0.0	0.0	0.0	0.0	0	0.0
0.0	0.0	0.0	0.0	0.0	0.0	0.0	0.0	0.0	0.0	0	0.0
0.0	0.0	0.0	0.0	0.0	0.0	0.0	0.0	0.0	0.0	0	0.0
0.0	0.0	0.0	0.0	0.0	0.0	0.0	0.0	0.0	0.0	0	0.0
0.0	0.0	0.0	0.0	0.0	0.0	0.0	0.0	0.0	0.0	0	0.0
0.0	0.0	0.0	0.0	0.0	0.0	0.0	0.0	0.0	0.0	0	0.0
0.0	0.0	0.0	0.0	0.0	0.0	0.0	0.0	0.0	0.0	0	0.0
0.0	0.0	0.0	0.0	0.0	0.0	0.0	0.0	0.0	0.0	0	0.0
0.0	0.0	0.0	0.0	0.0	0.0	0.0	0.0	0.0	0.0	0	0.0
0.0	0.0	0.0	0.0	0.0	0.0	0.0	0.0	0.0	0.0	0	0.0
0.0	0.0	0.0	0.0	0.0	0.0	0.0	0.0	0.0	0.0	0	0.0
0.0	0.0	0.0	0.0	0.0	0.0	0.0	0.0	0.0	0.0	0	0.0
0.0	0.0	0.0	0.0	0.0	0.0	0.0	0.0	0.0	0.0	0	0.0
0.0	0.0	0.0	0.0	0.0	0.0	0.0	0.0	0.0	0.0	0	0.0
0.0	0.0	0.0	0.0	0.0	0.0	0.0	0.0	0.0	0.0	0	0.0
0.0	0.0	0.0	0.0	0.0	0.0	0.0	0.0	0.0	0.0	0	0.0
0.0	0.0	0.0	0.0	0.0	0.0	0.0	0.0	0.0	0.0	0	0.0
0.0	0.0	0.0	0.0	0.0	0.0	0.0	0.0	0.0	0.0	0	0.0
0.0	0.0	0.0	0.0	0.0	0.0	0.0	0.0	0.0	0.0	0	0.0
0.0	0.0	0.0	0.0	0.0	0.0	0.0	0.0	0.0	0.0	0	0.0
0.0	0.0	0.0	0.0	0.0	0.0	0.0	0.0	0.0	0.0	0	0.0
0.0	0.0	0.0	0.0	0.0	0.0	0.0	0.0	0.0	0.0	0	0.0
0.0	0.0	0.0	0.0	0.0	0.0	0.0	0.0	0.0	0.0	0	0.0
0.0	0.0	0.0	0.0	0.0	0.0	0.0	0.0	0.0	0.0	0	0.0
0.0	0.0	0.0	0.0	0.0	0.0	0.0	0.0	0.0	0.0	0	0.0
0.0	0.0	0.0	0.0	0.0	0.0	0.0	0.0	0.0	0.0	0	0.0
0.0	0.0	0.0	0.0	0.0	0.0	0.0	0.0	0.0	0.0	0	0.0
0.0	0.0	0.0	0.0	0.0	0.0	0.0	0.0	0.0	0.0	0	0.0
0.0	0.0	0.0	0.0	0.0	0.0	0.0	0.0	0.0	0.0	0	0.0
0.0	0.0	0.0	0.0	0.0	0.0	0.0	0.0	0.0	0.0	0	0.0
0.0	0.0	0.0	0.0	0.0	0.0	0.0	0.0	0.0	0.0	0	0.0
0.0	0.0	0.0	0.0	0.0	0.0	0.0	0.0	0.0	0.0	0	0.0
0.0	0.0	0.0	0.0	0.0	0.0	0.0	0.0	0.0	0.0	0	0.0
0.0	0.0	0.0	0.0	0.0	0.0	0.0	0.0	0.0	0.0	0	0.0
0.0	0.0	0.0	0.0	0.0	0.0	0.0	0.0	0.0	0.0	0	0.0
0.0	0.0	0.0	0.0	0.0	0.0	0.0	0.0	0.0	0.0	0	0.0
0.0	0.0	0.0	0.0	0.0	0.0	0.0	0.0	0.0	0.0	0	0.0
0.0	0.0	0.0	0.0	0.0	0.0	0.0	0.0	0.0	0.0	0	0.0
0.0	0.0	0.0	0.0	0.0	0.0	0.0	0.0	0.0	0.0	0	0.0
0.0	0.0	0.0	0.0	0.0	0.0	0.0	0.0	0.0	0.0	0	0.0
0.0	0.0	0.0	0.0	0.0	0.0	0.0	0.0	0.0	0.0	0	0.0
0.0	0.0	0.0	0.0	0.0	0.0	0.0	0.0	0.0	0.0	0	0.0
0.0	0.0	0.0	0.0	0.0	0.0	0.0	0.0	0.0	0.0	0	0.0
0.0	0.0	0.0	0.0	0.0	0.0	0.0	0.0	0.0	0.0	0	0.0
0.0	0.0	0.0	0.0	0.0	0.0	0.0	0.0	0.0	0.0	0	0.0
0.0	0.0	0.0	0.0	0.0	0.0	0.0	0.0	0.0	0.0	0	0.0
0.0	0.0	0.0	0.0	0.0	0.0	0.0	0.0	0.0	0.0	0	0.0
0.0	0.0	0.0	0.0	0.0	0.0	0.0	0.0	0.0	0.0	0	0.0
0.0	0.0	0.0	0.0	0.0	0.0	0.0	0.0	0.0	0.0	0	0.0
0.0	0.0	0.0	0.0	0.0	0.0	0.0	0.0	0.0	0.0	0	0.0
0.0	0.0	0.0	0.0	0.0	0.0	0.0	0.0	0.0	0.0	0	0.0
0.0	0.0	0.0	0.0	0.0	0.0	0.0	0.0	0.0	0.0	0	0.0
0.0	0.0	0.0	0.0	0.0	0.0	0.0	0.0	0.0	0.0	0	0.0
0.0	0.0	0.0	0.0	0.0	0.0	0.0	0.0	0.0	0.0	0	0.0
0.0	0.0	0.0	0.0	0.0	0.0	0.0	0.0	0.0	0.0	0	0.0
0.0	0.0	0.0	0.0	0.0	0.0	0.0	0.0	0.0	0.0	0	0.0
0.0	0.0	0.0	0.0	0.0	0.0	0.0	0.0	0.0	0.0	0	0.0
0.0	0.0	0.0	0.0	0.0	0.0	0.0	0.0	0.0	0.0	0	0.0
0.0	0.0	0.0	0.0	0.0	0.0	0.0	0.0	0.0	0.0	0	0.0
0.0	0.0	0.0	0.0	0.0	0.0	0.0	0.0	0.0	0.0	0	0.0
0.0	0.0	0.0	0.0	0.0	0.0	0.0	0.0	0.0	0.0	0	0.0
0.0	0.0	0.0	0.0	0.0	0.0	0.0	0.0	0.0	0.0	0	0.0
0.0	0.0	0.0	0.0	0.0	0.0	0.0	0.0	0.0	0.0	0	0.0
0.0	0.0	0.0	0.0	0.0	0.0	0.0	0.0	0.0	0.0	0	0.0
0.0	0.0	0.0	0.0	0.0	0.0	0.0	0.0	0.0	0.0	0	0.0
0.0	0.0	0.0	0.0	0.0	0.0	0.0	0.0	0.0	0.0	0	0.0
0.0	0.0	0.0	0.0	0.0	0.0	0.0	0.0	0.0	0.0	0	0.0
0.0	0.0	0.0	0.0	0.0	0.0	0.0	0.0	0.0	0.0	0	0.0
0.0	0.0	0.0	0.0	0.0	0.0	0.0	0.0	0.0	0.0	0	0.0
0.0	0.0	0.0	0.0	0.0	0.0	0.0	0.0	0.0	0.0	0	0.0
0.0	0.0	0.0	0.0	0.0	0.0	0.0	0.0	0.0	0.0	0	0.0
0.0	0.0	0.0	0.0	0.0	0.0	0.0	0.0	0.0	0.0	0	0.0
0.0	0.0	0.0	0.0	0.0	0.0	0.0	0.0	0.0	0.0	0	0.0
0.0	0.0	0.0	0.0	0.0	0.0	0.0	0.0	0.0	0.0	0	0.0
0.0	0.0	0.0	0.0	0.0	0.0	0.0	0.0	0.0	0.0	0	0.0
0.0	0.0	0.0	0.0	0.0	0.0	0.0	0.0	0.0	0.0	0	0.0
0.0	0.0	0.0	0.0	0.0	0.0	0.0	0.0	0.0	0.0	0	0.0
0.0	0.0	0.0	0.0	0.0	0.0	0.0	0.0	0.0	0.0	0	0.0
0.0	0.0	0.0	0.0	0.0	0.0	0.0	0.0	0.0	0.0	0	0.0
0.0	0.0	0.0	0.0	0.0	0.0	0.0	0.0	0.0	0.0	0	0.0
0.0	0.0	0.0	0.0	0.0	0.0	0.0	0.0	0.0	0.0	0	0.0
0.0	0.0	0.0	0.0	0.0	0.0	0.0	0.0	0.0	0.0	0	0.0
0.0	0.0	0.0	0.0	0.0	0.0	0.0	0.0	0.0	0.0	0	0.0
0.0	0.0	0.0	0.0	0.0	0.0	0.0	0.0	0.0	0.0	0	0.0
0.0	0.0	0.0	0.0	0.0	0.0	0.0	0.0	0.0	0.0	0	0.0
0.0	0.0	0.0	0.0	0.0	0.0	0.0	0.0	0.0	0.0	0	0.0
0.0	0.0	0.0	0.0	0.0	0.0	0.0	0.0	0.0	0.0	0	0.0
0.0	0.0	0.0	0.0	0.0	0.0	0.0	0.0	0.0	0.0	0	0.0
0.0	0.0	0.0	0.0	0.0	0.0	0.0	0.0	0.0	0.0	0	0.0
0.0	0.0	0.0	0.0	0.0	0.0	0.0	0.0	0.0	0.0	0	0.0
0.0	0.0	0.0	0.0	0.0	0.0	0.0	0.0	0.0	0.0	0	0.0
0.0	0.0	0.0	0.0	0.0	0.0	0.0	0.0	0.0	0.0	0	0.0
0.0	0.0	0.0	0.0	0.0	0.0	0.0	0.0	0.0	0.0	0	0.0
0.0	0.0	0.0	0.0	0.0	0.0	0.0	0.0	0.0	0.0	0	0.0
0.0	0.0	0.0	0.0	0.0	0.0	0.0	0.0	0.0	0.0	0	0.0
0.0	0.0	0.0	0.0	0.0	0.0	0.0	0.0	0.0	0.0	0	0.0
0.0	0.0	0.0	0.0	0.0	0.0	0.0	0.0	0.0	0.0	0	0.0
0.0	0.0	0.0	0.0	0.0	0.0	0.0	0.0	0.0	0.0	0	0.0
0.0	0.0	0.0	0.0	0.0	0.0	0.0	0.0	0.0	0.0	0	0.0
0.0	0.0	0.0	0.0	0.0	0.0	0.0	0.0	0.0	0.0	0	0.0
0.0	0.0	0.0	0.0	0.0	0.0	0.0	0.0	0.0	0.0	0	0.0
0.0	0.0	0.0	0.0	0.0	0.0	0.0	0.0	0.0	0.0	0	0.0
0.0	0.0	0.0	0.0	0.0	0.0	0.0	0.0	0.0	0.0	0	0.0
0.0	0.0	0.0	0.0	0.0	0.0	0.0	0.0	0.0	0.0	0	0.0
0.0	0.0	0.0	0.0	0.0	0.0	0.0	0.0	0.0	0.0	0	0.0
0.0	0.0	0.0	0.0	0.0	0.0	0.0	0.0	0.0	0.0	0	0.0
0.0	0.0	0.0	0.0	0.0	0.0	0.0	0.0	0.0	0.0	0	0.0
0.0	0.0	0.0	0.0	0.0	0.0	0.0	0.0	0.0	0.0	0	0.0
0.0	0.0	0.0	0.0	0.0	0.0	0.0	0.0	0.0	0.0	0	0.0
0.0	0.0	0.0	0.0	0.0	0.0	0.0	0.0	0.0	0.0	0	0.0
0.0	0.0	0.0	0.0	0.0	0.0	0.0	0.0	0.0	0.0	0	0.0
0.0	0.0	0.0	0.0	0.0	0.0	0.0	0.0	0.0	0.0	0	0.0
0.0	0.0	0.0	0.0	0.0	0.0	0.0	0.0	0.0	0.0	0	0.0
0.0	0.0	0.0	0.0	0.0	0.0	0.0	0.0	0.0	0.0	0	0.0
0.0	0.0	0.0	0.0	0.0	0.0	0.0	0.0	0.0	0.0	0	0.0
0.0	0.0	0.0	0.0	0.0	0.0	0.0	0.0	0.0	0.0	0	0.0
0.0	0.0	0.0	0.0	0.0	0.0	0.0	0.0	0.0	0.0	0	0.0
0.0	0.0	0.0	0.0	0.0	0.0	0.0	0.0	0.0	0.0	0	0.0
0.0	0.0	0.0	0.0	0.0	0.0	0.0	0.0	0.0	0.0	0	0.0
0.0	0.0	0.0	0.0	0.0	0.0	0.0	0.0	0.0	0.0	0	0.0
0.0	0.0	0.0	0.0	0.0	0.0	0.0	0.0	0.0	0.0	0	0.0
0.0	0.0	0.0	0.0	0.0	0.0	0.0	0.0	0.0	0.0	0	0.0
0.0	0.0	0.0	0.0	0.0	0.0	0.0	0.0	0.0	0.0	0	0.0
0.0	0.0	0.0	0.0	0.0	0.0	0.0	0.0	0.0	0.0	0	0.0
0.0	0.0	0.0	0.0	0.0	0.0	0.0	0.0	0.0	0.0	0	0.0
0.0	0.0	0.0	0.0	0.0	0.0	0.0	0.0	0.0	0.0	0	0.0
0.0	0.0	0.0	0.0	0.0	0.0	0.0	0.0	0.0	0.0	0	0.0
0.0	0.0	0.0	0.0	0.0	0.0	0.0	0.0	0.0	0.0	0	0.0
0.0	0.0	0.0	0.0	0.0	0.0	0.0	0.0	0.0	0.0	0	0.0
0.0	0.0	0.0	0.0	0.0	0.0	0.0	0.0	0.0	0.0	0	0.0
0.0	0.0	0.0	0.0	0.0	0.0	0.0	0.0	0.0	0.0	0	0.0
0.0	0.0	0.0	0.0	0.0	0.0	0.0	0.0	0.0	0.0	0	0.0
0.0	0.0	0.0	0.0	0.0	0.0	0.0	0.0	0.0	0.0	0	0.0
0.0	0.0	0.0	0.0	0.0	0.0	0.0	0.0	0.0	0.0	0	0.0
0.0	0.0	0.0	0.0	0.0	0.0	0.0	0.0	0.0	0.0	0	0.0
0.0	0.0	0.0	0.0	0.0	0.0	0.0	0.0	0.0	0.0	0	0.0
0.0	0.0	0.0	0.0	0.0	0.0	0.0	0.0	0.0	0.0	0	0.0
0.0	0.0	0.0	0.0	0.0	0.0	0.0	0.0	0.0	0.0	0	0.0
0.0	0.0	0.0	0.0	0.0	0.0	0.0	0.0	0.0	0.0	0	0.0
0.0	0.0	0.0	0.0	0.0	0.0	0.0	0.0	0.0	0.0	0	0.0
0.0	0.0	0.0	0.0	0.0	0.0	0.0	0.0	0.0	0.0	0	0.0
0.0	0.0	0.0	0.0	0.0	0.0	0.0	0.0	0.0	0.0	0	0.0
0.0	0.0	0.0	0.0	0.0	0.0	0.0	0.0	0.0	0.0	0	0.0
0.0	0.0	0.0	0.0	0.0	0.0	0.0	0.0	0.0	0.0	0	0.0
0.0	0.0	0.0	0.0	0.0	0.0	0.0	0.0	0.0	0.0	0	0.0
0.0	0.0	0.0	0.0	0.0	0.0	0.0	0.0	0.0	0.0	0	0.0
0.0	0.0	0.0	0.0	0.0	0.0	0.0	0.0	0.0	0.0	0	0.0
0.0	0.0	0.0	0.0	0.0	0.0	0.0	0.0	0.0	0.0	0	0.0
0.0	0.0	0.0	0.0	0.0	0.0	0.0	0.0	0.0	0.0	0	0.0
0.0	0.0	0.0	0.0	0.0	0.0	0.0	0.0	0.0	0.0	0	0.0
0.0	0.0	0.0	0.0	0.0	0.0	0.0	0.0	0.0	0.0	0	0.0
0.0	0.0	0.0	0.0	0.0	0.0	0.0	0.0	0.0	0.0	0	0.0
0.0	0.0	0.0	0.0	0.0	0.0	0.0	0.0	0.0	0.0	0	0.0
0.0	0.0	0.0	0.0	0.0	0.0	0.0	0.0	0.0	0.0	0	0.0
0.0	0.0	0.0	0.0	0.0	0.0	0.0	0.0	0.0	0.0	0	0.0
0.0	0.0	0.0	0.0	0.0	0.0	0.0	0.0	0.0	0.0	0	0.0
0.0	0.0	0.0	0.0	0.0	0.0	0.0	0.0	0.0	0.0	0	0.0
0.0	0.0	0.0	0.0	0.0	0.0	0.0	0.0	0.0	0.0	0	0.0
0.0	0.0	0.0	0.0	0.0	0.0	0.0	0.0	0.0	0.0	0	0.0
0.0	0.0	0.0	0.0	0.0	0.0	0.0	0.0	0.0	0.0	0	0.0
0.0	0.0	0.0	0.0	0.0	0.0	0.0	0.0	0.0	0.0	0	0.0
0.0	0.0	0.0	0.0	0.0	0.0	0.0	0.0	0.0	0.0	0	0.0
0.0	0.0	0.0	0.0	0.0	0.0	0.0	0.0	0.0	0.0	0	0.0
0.0	0.0	0.0	0.0	0.0	0.0	0.0	0.0	0.0	0.0	0	0.0
0.0	0.0	0.0	0.0	0.0	0.0	0.0	0.0	0.0	0.0	0	0.0
0.0	0.0	0.0	0.0	0.0	0.0	0.0	0.0	0.0	0.0	0	0.0
0.0	0.0	0.0	0.0	0.0	0.0	0.0	0.0	0.0	0.0	0	0.0
0.0	0.0	0.0	0.0	0.0	0.0	0.0	0.0	0.0	0.0	0	0.0
0.0	0.0	0.0	0.0	0.0	0.0	0.0	0.0	0.0	0.0	0	0.0
0.0	0.0	0.0	0.0	0.0	0.0	0.0	0.0	0.0	0.0	0	0.0
0.0	0.0	0.0	0.0	0.0	0.0	0.0	0.0	0.0	0.0	0	0.0
0.0	0.0	0.0	0.0	0.0	0.0	0.0	0.0	0.0	0.0	0	0.0
0.0	0.0	0.0	0.0	0.0	0.0	0.0	0.0	0.0	0.0	0	0.0
0.0	0.0	0.0	0.0	0.0	0.0	0.0	0.0	0.0	0.0	0	0.0
0.0	0.0	0.0	0.0	0.0	0.0	0.0	0.0	0.0	0.0	0	0.0
0.0	0.0	0.0	0.0	0.0	0.0	0.0	0.0	0.0	0.0	0	0.0
0.0	0.0	0.0	0.0	0.0	0.0	0.0	0.0	0.0	0.0	0	0.0
0.0	0.0	0.0	0.0	0.0	0.0	0.0	0.0	0.0	0.0	0	0.0
0.0	0.0	0.0	0.0	0.0	0.0	0.0	0.0	0.0	0.0	0	0.0
0.0	0.0	0.0	0.0	0.0	0.0	0.0	0.0	0.0	0.0	0	0.0
0.0	0.0	0.0	0.0	0.0	0.0	0.0	0.0	0.0	0.0	0	0.0
0.0	0.0	0.0	0.0	0.0	0.0	0.0	0.0	0.0	0.0	0	0.0
0.0	0.0	0.0	0.0	0.0	0.0	0.0	0.0	0.0	0.0	0	0.0
0.0	0.0	0.0	0.0	0.0	0.0	0.0	0.0	0.0	0.0	0	0.0
0.0	0.0	0.0	0.0	0.0	0.0	0.0	0.0	0.0	0.0	0	0.0
0.0	0.0	0.0	0.0	0.0	0.0	0.0	0.0	0.0	0.0	0	0.0
0.0	0.0	0.0	0.0	0.0	0.0	0.0	0.0	0.0	0.0	0	0.0
0.0	0.0	0.0	0.0	0.0	0.0	0.0	0.0	0.0	0.0	0	0.0
0.0	0.0	0.0	0.0	0.0	0.0	0.0	0.0	0.0	0.0	0	0.0
0.0	0.0	0.0	4.8971875	0.0	0.0	0.0	2.517217391304348	56.34794498183748	0.0	0	0.0
0.0592	0.0	1.736713732556857	5.369792517875383	1.5861620929098168	3.0029158698100056	1.4914910345177408	2.087309478048675	90.78188	0.0089184390580026	2	0.46096
0.0725947368421052	0.0	2.6812660253378584	4.957753846153846	1.6694514926420236	2.141721273092374	1.5246018337282377	2.4861818720379145	135.22068	0.0023334903600943	1	0.4914
0.0714052631578947	0.0148000001907348	2.914339023062575	7.542437959558824	1.8467856561282243	4.082086122376473	2.3619691102729363	2.410496148295697	135.45852	0.0004770590561124	2	0.34536
0.01925	0.0	2.526859886629319	6.20118665164893	1.944108334084161	3.361169203766834	2.2267489506296223	2.618279395900755	53.0966	0.0003540121547384	1	0.37492
0.0444447368421052	0.0103383235588759	2.7872633190301865	6.98725160582866	3.3323745738430413	2.269514610177709	3.565056523705173	3.875660981552384	27.34028	0.0007431842831073	2	0.43936
0.0275052631578947	0.0095350274549615	7.866959333148865	6.674073250963481	3.625756150794756	3.0686425999446034	4.8314719672843935	3.896429853717496	47.0012	0.000257548247705	2	0.40784
0.0283328947368421	0.0049299997091293	3.184217868722944	7.135972165627057	2.343581466209075	3.825429810361747	2.005495731297877	2.473906820452275	78.10068	0.0003582578730013	0	0.44544
0.0140460526315789	0.0	2.128163784278596	4.670460160691035	2.3623515505752586	3.2754226020892694	1.850926062064203	2.37569446652886	65.15944	0.000517038946636	2	0.45912
0.0440210526315789	0.0	1.816252774251493	4.903534530321421	1.5576117252719277	3.193669879832807	1.862941262891899	2.110094688677848	52.35976	0.0001546425293583	3	0.38764
0.0144947368421052	0.0	1.7022256445956463	6.092318833764401	1.8786201542206813	3.973337847920688	1.7826602953020134	2.282093519257633	68.14036	0.0005044730296862	1	0.42136
0.0293957894736842	0.0	1.8737938398456373	6.108833125	1.5742098372265712	3.738923598426602	1.9686480229842291	2.1043712992312624	94.34244	0.0002596220139315	0	0.3828
0.0619121052631578	0.0	2.0364653977508542	5.843758865248227	1.7667309739806498	3.8888614876033056	1.82518083567356	2.3869201752135534	150.00128	0.0007350831868072	2	0.44396
0.0430986842105263	0.0	2.226603262066219	5.142252762430939	1.694870613244421	3.6904951205510903	2.0611405759908754	2.091841902643511	120.13684	0.0014053694291259	3	0.422
0.0244460526315789	0.0	1.85654157102564	5.498493647330595	1.633930632759472	3.478095543101147	1.841600757370841	2.1057440547204327	54.71896	0.0016601416386663	1	0.3986
0.0256947368421052	0.0074000000953674	2.099733474646964	6.1558612742312295	1.821433398576177	4.479712547528518	2.1553748060275963	2.399065198983912	63.04048	0.000697087310718	4	0.41424
0.0073578947368421	0.0	2.064849530176408	5.369704061731536	1.7163680700606263	3.040870429213682	2.007710162648761	2.1609171711400914	63.97964	0.0002589325873575	2	0.37276
0.0064	0.0	1.9597721678002429	3.688573823982535	1.4337708828025584	2.254857718580612	1.4935613978579867	1.6175838240970155	66.66052	0.0018620127413498	0	0.43268
0.0112	0.0	1.25931216371403	3.419036176836324	1.1761612262786825	1.3702861579414374	1.4014370447215896	1.3638140023283951	61.1592	0.0035301759736283	1	0.38084
0.0184	0.0	1.4439658329042628	5.043529426963273	1.2934092632083514	1.5064263633967083	1.4578655418142472	1.5913578174838	44.89964	0.0044711150360107	0	0.43072
0.0112	0.0	1.519498489073113	6.068792423790304	1.21998782567722	1.5285678475254616	1.6388420342413763	1.436235780567769	56.90116	0.0056270451320094	0	0.4562
0.048	0.0	1.5350749719244954	6.007201508595394	1.1921687051254446	1.726615198586178	1.7714189977846768	1.7990544249564868	73.02044	0.0052906287310842	3	0.45784
0.0056	0.0	1.4386231403733156	6.657459962639613	1.2265734514358932	1.6068605538351062	1.561556501120603	1.8358413387046792	81.32032	0.0038564949052386	0	0.4516
0.0118	0.0	1.5783586395105869	5.360128384210939	1.3340546587063111	1.5784198777055227	1.487765278825708	1.6681287134517897	86.97988	0.0045795671709144	0	0.45828
0.0066	0.0	1.2362681691523434	4.617300276352152	1.237676790913113	1.2606360931568688	1.6595844745068746	1.2932532727967618	65.2582	0.0020259740099223	2	0.3666
0.0	0.0321162800456202	1.523558201085741	4.300342504989282	1.0004780247258844	1.1958876811040895	1.4500960126821243	1.402071998918102	32.43912	0.0009172129111101	0	0.35064
0.0	0.0	1.404970339106875	4.082902764398518	1.150724389198457	1.3825338253382535	1.3442220503845996	1.3926115563053565	13.71968	0.0011740797034744	1	0.3768490153172866
0.0	0.0	0.0	0.0	0.0	0.0	0.0	0.0	8.359788783102648	1.796938106582007e-05	0	0.0
0.0	0.0	0.0	0.0	0.0	0.0	0.0	0.0	0.0	0.0	0	0.0
0.0	0.0	0.0	0.0	0.0	0.0	0.0	0.0	0.0	0.0	0	0.0
0.0	0.0	0.0	0.0	0.0	0.0	0.0	0.0	0.0	0.0	0	0.0
0.0	0.0	0.0	0.0	0.0	0.0	0.0	0.0	44.34576948700866	0.0	0	0.0
0.0	0.0	18.79263780381944	91.1503125	12.249842664930554	23.6490625	27.415	20.456875	439.866	0.0	0	0.3595348837209302
0.2139921052631579	0.0	11.53252532455772	51.18784539473683	9.156115930173806	16.0719032965594	18.554291720417496	13.452129865798147	840.98676	0.0033413431336599	1	0.4218
0.1357657894736842	0.0	2.762884781209905	7.083373493975904	2.1345591573600675	3.524163565016757	2.281651636691537	2.689922087015497	603.262	0.0024088562143725	1	0.38692
0.25925	0.0	3.1446368011734327	9.479279728839092	2.179607158706608	4.275300474625776	2.560459058401366	3.075399366674332	395.2792	0.000905796721319	1	0.37188
0.1782236842105263	0.0226739111122178	2.9234330132322013	7.42954196985447	1.8574281499275185	3.913682211770911	2.516930832703013	2.9794761315998	432.9006	0.0006982437862061	0	0.3882
0.1279710526315789	0.0	2.890300970449748	10.985607069058457	2.044830164119273	3.727123744865358	2.619050811904182	2.859591636409694	444.36008	0.0008830659401614	2	0.37308
0.1443868421052631	0.0	2.3643239890547525	7.591752236553733	2.0065680332140508	4.309540324170338	2.467015968360641	3.0801137949997885	472.84192	0.0011745493483346	2	0.41608
0.1499276315789473	0.0470368442156457	2.045308874742171	4.151151584643495	1.9131362015624689	2.8940376444551155	1.765947278930715	2.2958955063939226	499.26292	0.0023991629860769	0	0.448
0.3454171052631579	0.0470368442156457	2.6031647166466003	6.335835809837756	2.464512532321081	3.908760919824224	1.9487550290070903	4.211761404716818	471.71752	0.0104295564947584	0	0.54524
0.6257078947368422	0.0244562822925157	5.8499493451450775	8.703030748997996	4.675260232187564	7.561821862348179	3.800287598180362	4.6133594498426165	498.28048	0.0058992223021738	4	0.40336
1.716357894736842	3.71643654359056	29.824433845787148	8.774020403507057	34.61775143722657	3.845839036001191	10.2514745255725	9.72816828249262	526.10076	0.0124683592462189	3	0.45992
0.3787236842105263	0.8850514287501998	3.878871430388438	9.636765047933364	3.9881139800392185	2.971981654138756	11.850929863933835	4.712725146198831	576.86348	0.0021432778701186	0	0.37452
0.6405973684210526	0.9340821326382104	3.6780083137502153	15.928486232279171	2.764092993270276	3.4193521765563037	10.932517678501828	7.070596663324353	672.94708	0.003209669340507	2	0.41884
0.4620026315789474	0.034028162928331	4.4168004682600746	11.103616875	3.0268155637372	9.010037562440695	3.314381456879397	3.648283891398501	831.34212	0.0053812020668825	3	0.36484
0.4538152631578947	0.0317322028481895	3.4660401990113514	8.849445422535211	3.3027389929154016	9.278431083162218	2.714619994618527	3.694564419375056	856.55944	0.007795588053868	1	0.4218
0.4566831578947368	0.0	3.6644238197020913	10.57258	2.669438305010887	8.099570829094608	3.4610621578211083	3.247644656975704	772.977	0.0039885591457521	0	0.34424
0.5053463157894738	0.0148000001907348	3.78831991700854	8.248437435192866	2.27378600713976	7.016664170887469	2.66681051121436	3.1771114779494902	805.70732	0.0032530569172957	1	0.41548
0.9424460526315788	0.0287284457567826	4.614451723425799	13.043547268685158	4.146144805825607	4.115143488368068	9.417798712769194	5.527481348388075	1004.70612	0.0044553609046515	0	0.3786
0.6821223684210527	0.0	4.82494852612073	13.194924375	4.211519239483827	3.7313020414449256	14.565246354952237	5.946263924182129	962.2066	0.0039565911453436	0	0.35788
0.2119552631578947	0.0	2.662093693328232	4.914497225713989	2.1163906492268487	2.079443538305012	2.640417328666105	1.921628589341693	613.78872	0.0059919014916349	3	0.36508
0.1014552631578947	0.0	1.658446380938273	3.747259431795872	1.522334428335392	2.120554274177389	1.52163767152131	1.811900514311076	365.89324	0.0034056493173364	3	0.39432
0.0682065789473684	0.030363805258452	1.3179699169910346	2.862064631885709	1.355943297113356	1.707226237114281	1.4137019605398498	1.594532251886018	226.31736	0.0007934247176283	2	0.38256
0.192745	0.0037000000476837	1.495750036025368	3.251169062807092	1.5393369590471009	2.4640798513113515	1.602193231234638	2.0019476212206038	344.26844	0.0034263385461774	3	0.4248
0.2478563157894736	0.0	1.5003764798736798	2.509878567421322	1.4485770145781405	2.678394635123178	1.706013121509516	2.0055810336165107	568.89272	0.0070834635374125	3	0.42908
0.2818263157894737	0.0	1.6888212131529	2.8221935867119043	1.5990549797458058	3.1278399990494528	1.4715532663945374	2.027679857294632	793.50268	0.0149566262673279	0	0.4818
0.1601794736842105	0.0148000001907348	1.7073746224978374	3.1484263736040976	1.6626582273785977	3.116695146540999	1.6604090888879008	2.115423841026133	749.17052	0.0074731935497241	0	0.44512
0.2203884210526316	0.0165312774199292	1.9036832292097765	5.503656306396903	1.796797797207292	3.3796743630986352	1.7568064621248778	2.126409899540684	506.89564	0.0085746158093389	2	0.43828
0.3103084210526315	0.2022201828351301	8.427685194233653	7.131394312393888	5.629779805050166	3.372594791920175	3.665921283254417	4.179271842924073	479.1802	0.0110481508019391	1	0.42796
0.2186263157894737	0.3050714959598398	1.6103227188155524	3.221927842501366	1.9540994812604384	1.9091665390820975	6.112664169069828	3.827977890689371	486.43904	0.0074080531423232	1	0.45612
0.6413207894736842	0.0579545207388138	4.390646139440758	3.339938246871096	3.4352508500999264	2.118195231302221	2.424089016970861	4.239400490647041	475.26052	0.0112664389070167	3	0.45036
0.3889213157894736	0.1557981247448225	1.5724780713403592	3.155357350230996	2.2351784681918057	4.22065128456881	4.024457059005252	3.890692024607272	475.97964	0.0197638276239002	0	0.51464
0.4008626315789474	0.0	1.581470307775814	3.009074544284537	1.9672740888637776	4.240829875518672	2.6204713925872616	2.4834712199632487	444.23952	0.0169981161027796	2	0.51252
0.65029	0.0	5.697454723156528	3.5661814826704306	2.878637054341361	3.823120277078086	3.205301532202964	2.7548347543245777	454.3418	0.0142790622007846	2	0.50276
0.8007052631578947	0.0	3.548510725238663	2.9997859321135034	2.7832651649790963	4.576128831168831	1.5319071002350262	2.871776039586833	560.2008	0.0172010595412114	1	0.5062
0.3477947368421052	0.0	1.6329353968364029	2.374604314859309	1.5596108438195275	4.616726218735164	1.6479056367640654	2.1303054433494726	625.50548	0.0107891495679406	2	0.48368
0.2579421052631578	0.0	1.568469996364491	2.977760409178253	1.6599236196527014	5.006841643526903	1.418724441985996	2.01965584358135	628.6218	0.0100831875360537	1	0.48792
0.3223210526315789	0.0	1.5716232404534003	2.8283471235268105	1.7732492129116573	4.920096706353807	1.6032048075361376	2.179461310782241	620.61476	0.0094093473804172	1	0.49152
0.1754736842105263	0.0	1.5815449549802438	2.270495877739795	1.6654692194478329	3.64670885267206	1.556682586387899	1.818840207430012	539.857	0.00771597206419	0	0.48496
0.1552105263157895	0.0	1.569108297446733	2.9938777892134496	1.7843489951946068	4.933142850816578	1.7147913021018997	1.9272060446075483	474.89844	0.0060609846879278	0	0.45928
0.1212013157894736	0.0	1.61658875735276	2.791707029729413	1.5172575054663942	4.068866050983754	1.5827410336130106	1.7340529882932842	440.67808	0.0069323003646205	1	0.44868
0.3326302631578947	0.0	2.336297189174513	3.3591919399029653	1.790368696248008	4.712083587553386	1.6046247327557108	2.259633181518078	408.42012	0.0083097272861705	2	0.46436
0.2533815789473684	0.0	2.686929425288375	3.3570902944898044	1.91110034874096	5.672846748911795	1.8158005657549217	1.9599596734853169	451.38204	0.0068077173370648	0	0.44144
0.2482447368421052	0.0139671690008613	1.9396984820593868	3.295686643434091	1.706287870656632	4.843340684629399	1.5935257000031118	1.9230804896142435	515.96344	0.0065008380791544	1	0.42952
0.3679210526315789	0.0139671690008613	1.9033881883964945	3.807354349281229	1.877327394820932	4.759752442996743	1.919055915147447	2.140167417900837	536.44008	0.0068033224549714	1	0.41716
0.2256526315789473	0.0197529327037722	2.034999086900971	3.4249680840388903	1.603952706909142	5.030699072259245	1.5768633704249948	1.8544419446765656	557.7212	0.0061051500607588	0	0.43808
0.2598960526315789	0.0197529327037722	1.7524922867957229	3.8431891831799714	1.817288158966049	6.465749523204068	1.8399030409872192	2.128570317610501	584.26084	0.006243939260034	0	0.4278
0.433103947368421	0.0282871085672511	2.1438243008227063	3.717682966032075	1.839835357043404	6.854196877822217	1.916087105233155	2.144827465501762	544.37708	0.0048552433008832	1	0.43564
0.3484960526315789	0.0524773587396134	2.7685430355601475	3.7429086068685566	1.9641737548979248	5.736780621602419	1.877001183023904	2.159662450890695	562.06092	0.0059276675184859	0	0.4542
0.525146052631579	0.0324994394662496	2.274397496816804	4.45260104499418	2.1180946053105374	8.29361465978811	1.824183470648976	2.3957511222667374	573.04016	0.0096508667636618	2	0.47732
0.3434918421052631	0.0	1.850153203975034	3.276004243134578	2.299453189585559	4.846257050602019	2.7061408600392416	3.75922401585953	554.47904	0.010634869829311	1	0.515
0.2501028947368421	0.0	1.9819341133380468	3.401092548323421	2.5891611957486087	2.1524462425182884	9.159114425981873	3.511720900893152	516.63896	0.0052816281871059	0	0.44576
1.941393947368421	0.0773165693856263	26.20805467595634	4.019356300576554	52.50887121176181	2.435480231654424	5.5987585950566805	10.233047585012724	409.6542	0.0068791958912856	3	0.45976
0.3024955263157894	0.133480832048348	4.379336538236678	4.164627485447158	2.674350354643759	1.7215049835996297	5.793014286753826	2.8812827143151134	353.17924	0.0040437271644087	0	0.4404
0.417282894736842	0.2547099635538366	2.838592654795816	3.661226621449767	3.952023894362323	1.9838281488957528	5.846043506318464	2.9868979873407	413.78452	0.0038446094799567	0	0.42676
0.4109486842105263	0.0982122031042392	2.1943660585104183	3.878105975434347	2.5494893030565997	1.8478240167603088	6.590805470743235	2.9611511558802817	494.84536	0.0041564397586619	0	0.39892
0.2769105263157894	0.8094449933065752	2.2089224579066467	3.739553813270121	2.717677602087501	2.047325586865503	7.0368671752738665	4.403505464339359	577.39944	0.0118391591726331	0	0.45728
0.4379957894736841	0.0	1.9509757880773184	3.10252301468806	2.104654444744809	1.7785346448624355	3.564321148339593	3.1453428798727128	620.88168	0.0126185430321272	1	0.51152
1.3091463157894738	0.0608387661225295	7.454590294760933	3.3247932482094478	6.927712499852902	2.462029247091877	3.6579855930963863	6.010908519749351	696.36648	0.0291288095251952	2	0.57248
0.3812210526315789	0.0	1.7858536649757286	2.745734396044353	2.29746525444448	1.9923491279866683	4.000380906626402	3.782763823345343	803.14036	0.0200777935370978	1	0.5306
0.3077763157894737	0.0	1.8477845470929624	3.0789555568051887	2.0523498128332247	1.7729472244955966	4.313334895240645	4.181046078447605	830.76136	0.0236542396971758	0	0.53888
0.5994684210526317	0.0214447802391605	1.8476149223444935	3.563129310344828	2.2528074517424157	2.7331323895151383	4.028498110614909	4.529568549719194	856.66404	0.0172296661878333	0	0.50736
0.4089728947368421	0.0	2.1009269594496547	3.440962078890172	2.6949893737619437	2.465147681731962	7.292708333333334	4.236292232642938	902.26132	0.016484239122552	0	0.49692
0.6961781578947368	0.0	3.843906517166075	4.426129423230708	3.9894782619419793	2.366386428422443	7.283310801622283	4.538659119897959	866.6534	0.0102889347267501	0	0.473
0.7874884210526316	0.0428757423339185	5.908502091712901	4.290037335642011	5.654886551528144	3.0480324748781054	3.036166806837833	3.835450968523002	765.45668	0.0102636913672264	0	0.4592
0.4823868421052631	0.0	2.313464093950894	3.634522602484573	2.515098900309898	2.1583842091877714	2.9582109713432474	3.590685321932893	723.9814	0.0134726280253774	0	0.5034
0.6906394736842105	0.0	4.279559882460256	3.577422030641209	3.660152299046939	2.5784560173080275	3.8070012398990976	6.769592245872775	640.79336	0.012466960011931	2	0.48128
0.9176052631578948	0.021275621706301	6.216279069539639	3.606809892345408	8.674599954913429	3.500388498576412	2.727150664616061	4.030181384232284	524.47536	0.0203018907065601	2	0.47852
0.4049447368421052	0.0	2.8771780347655698	3.912569267251655	2.129629850345044	6.003727970737216	1.8008726047063233	2.301865443870955	470.96112	0.0113600295639388	2	0.47828
0.4973957894736842	0.0	2.451114669331501	4.317777516225577	2.2522707763915606	6.87918698495582	1.7950657198898847	2.522092915035184	481.44072	0.0097174687584358	0	0.4958
0.9340647368421052	0.2916319678140378	12.682616423173323	4.130216944635488	6.354330213755626	4.55145892786583	6.150622654082171	4.159534817756347	528.82188	0.0115096458275879	3	0.47544
0.2540684210526316	0.2187208544703569	1.6777457008126124	4.4602846666234335	2.058336476630287	2.580425782070124	3.181887455477784	2.9942282311974724	634.1046	0.0113017872611214	3	0.4798
0.2331894736842105	0.0412719146112411	1.6058070356805665	3.5448684665232326	1.8615122033827587	3.34767962529274	2.0457244627406035	2.029654677134684	639.0966	0.0108625988490265	0	0.48
0.4559447368421053	0.0457869097033473	4.02683931411431	5.803664281169611	2.4525260934836	8.721804738970055	1.9290666508356815	2.8332005640632345	396.92596	0.0104970262148275	1	0.47176
0.0516868421052631	0.0384699982413021	2.3420294254983585	6.951606802903794	2.7766734535644653	9.836571031344793	2.3038962716869693	3.31321589848197	125.89212	0.0037550518181941	0	0.45664
0.0	0.0	3.0357766011222878	9.176234119469788	2.74103324307281	8.23913730970067	3.0643534232883565	3.684381925820979	18.77908	0.0001137614604282	1	0.35528
0.012	0.014189557952578	2.687652809399692	8.725952482876712	2.4435745447221757	7.376328491276612	2.607685085503929	3.376703907935747	15.92016	9.16946545939016e-05	1	0.3842
0.0056	0.0125007559608862	2.1033026578882104	5.591110740938167	2.439343254087374	7.093793348401679	2.3749876993444743	3.4909484501135326	17.82028	0.0001124976127145	0	0.43868
0.0128	0.0	2.146153179988943	4.390353262353263	2.425886305673408	6.330207479508196	1.9071701806614736	3.331983140813756	36.5212	0.0010085366705558	0	0.53976
0.0312	0.0	2.825403330245392	6.790200098942873	3.0992196194583133	11.09855622047244	2.7682192157604306	4.197806901449369	69.28096	0.0023500348800683	1	0.47108
0.0463763157894736	0.0727946864942143	3.773730976527427	8.534923520561685	3.6728051587659114	15.110415831663326	3.5312408307987573	4.679018571668412	97.26188	0.0019178982438892	1	0.45848
0.1408236842105263	0.0143683813150646	4.223929859421351	7.288129232993384	3.5454952020494264	9.531365248226953	3.137713733505512	4.755628503861483	117.2396	0.0004415606902134	3	0.51016
0.0185131578947368	0.0	2.9537520967431807	6.753721272482837	3.245252743763961	9.111292351129364	2.6777689689269244	3.916122222222222	185.08592	0.0001831239121659	0	0.4368
0.7192657894736842	0.0718184413821745	11.67253239154104	26.319558546486565	6.571207602158722	6.743452133489549	5.398322861094646	6.782058147144059	376.8904	0.0204369965631887	1	0.44576
0.5281092105263158	0.0718184413821745	1.95721632556551	3.733548499299173	1.8232510136648208	7.302598166131589	1.7412278965710106	3.083213810163513	453.59696	0.0324132920252926	1	0.58564
0.1672802631578947	0.0	1.9640545180189264	3.544584280897114	2.0798785930932966	6.384427747751171	1.488810723215792	2.837396875762753	637.17576	0.0307913359441126	0	0.51808
0.6993278947368421	0.0213289724813925	2.9532398965793707	8.755812182741117	2.623500290140625	9.381808760141988	2.38586198605342	4.878920179002245	1169.26152	0.0297515597731926	1	0.56416
0.6483836842105264	0.0186724617654216	3.797977359011477	10.091131500392772	3.0240074920035283	15.58140875	2.9925378139639407	4.333694973412896	1331.09484	0.0098278721970933	1	0.45656
0.6362765789473684	0.0279455156794575	2.447655952321324	6.330651875059945	2.877904992228288	12.292702528156257	2.5267491490844454	7.952193126560652	1309.08848	0.0110580302827235	4	0.54332
0.8168407894736843	0.0	3.2102142434394696	7.308273555276382	4.1034277009088775	3.1088040877278207	15.79509548366932	11.206386443661971	1583.12552	0.01612216975731	3	0.51468
0.6782273684210526	0.0121477836458553	3.3409542325227566	7.480461625132556	3.714480730366326	3.0949084013167307	13.786698684210526	7.466632492177329	1470.0094	0.01219735562882	0	0.4756
1.0505142105263157	0.0	9.843379132402887	9.03115981331988	10.202398434554055	3.517557394808684	12.8720265055668	8.341910418957076	1483.89736	0.0070583541231996	0	0.4538
2.1059918421052632	0.0247524895015746	16.21675925247849	8.630454288229377	10.75904373521096	6.264408771584269	11.778062628600823	12.50903065085772	1860.2812	0.0330758145409822	5	0.54512
1.856368684210526	0.0244909773201778	12.397340947575556	9.20479664290299	6.712347461238372	9.601597942847665	7.846642974592903	6.788308298041292	1666.50904	0.0312804368721036	2	0.53816
3.217774210526316	0.2027445980502296	37.04067631026391	10.925921778791515	25.30670354038221	10.5407418699187	8.475995376337826	21.65871515458692	1583.48984	0.0314636332494721	2	0.57852
0.7704736842105263	0.0210191115424492	6.498313090761729	10.54203704163357	4.5895170197997	15.438231462925852	4.295988710762516	6.415941016188492	1788.4804	0.01594377934391	0	0.4932756964457253
1.0350905263157897	0.0	5.320816753250677	10.903805387713998	5.741954757735773	12.456924157303373	6.989825155835838	6.800583696529459	1735.17196	0.0090850764255839	1	0.4537307461492298
0.7853836842105263	0.0	5.316291669924643	10.48389577077077	3.670858077125757	8.796972179070753	4.85969250708789	4.75219588187483	1502.95288	0.005912651595631	2	0.44436
0.7956165789473684	0.0284523092783414	5.6652034116340975	13.827871604627768	4.471643479452162	7.320600357125621	5.150346930872007	4.236157571634514	1352.1168	0.0068072400732075	0	0.4266
1.4643934210526317	0.0274560524568083	14.94559592312438	11.348260814730738	6.834306045084828	11.198574581747224	3.9696905432459033	6.940285080032714	1223.37644	0.0109537934970242	1	0.44628
0.6622305263157895	0.0156306805328044	4.164876593040696	21.48493490077108	2.800158778126556	4.81735739542331	11.29827504367604	5.511075551954629	1229.5466	0.0047600024475157	0	0.4166
0.5422615789473685	0.0198093492447265	3.267817630950672	10.687681921906696	4.070779940942478	3.1104482074167	21.146308808808808	11.78905061281514	1494.60712	0.0096082693060881	0	0.47108
0.5738486842105263	0.0148000001907348	3.820415241966728	8.30381369828456	5.241965267608022	3.3376769856486725	24.55173173173173	10.029009722266206	1648.14596	0.0073940610229969	1	0.45044
1.819539210526316	0.0	8.169990183144396	11.41877420774648	22.46520242659106	4.536908673129479	31.5195565625	16.6524225	1781.1426	0.0107785326866191	0	0.46144
4.185905526315789	1.120235249533582	24.25320593848019	12.10984233383686	28.462619073057297	4.889593497780754	19.245979591836736	22.553363007860597	1822.07888	0.0104526628182565	1	0.46932
1.364153947368421	0.2834567092096503	23.01650092953401	9.192039078156313	13.5468862055071	3.5747185044975627	23.286214652152157	18.068579879794832	1806.70196	0.0142081119463724	5	0.46748
2.8857039473684214	1.0260201082581473	36.51897927995354	9.67711625865906	60.812466049720186	4.336152644131919	28.38675125	18.210888435587638	1737.37532	0.0133833069486477	2	0.47328
0.7475671052631578	0.696997718033712	4.971127215746302	8.110265123819817	5.172934061067785	3.3374368867337187	23.1725328125	16.681016343047148	1710.81716	0.0090335446928529	0	0.47176
0.8522236842105264	0.5530196433659968	2.829905479106287	7.014502198492464	3.727351068252604	7.254736279001545	10.086414698517968	10.651202735836884	1536.1726	0.0216480637152054	1	0.52832
0.7149184210526315	0.0237690339605492	3.179492400020867	10.07357006401448	3.2348234886397997	14.916262141621594	3.075770734201791	4.054572218407198	1408.78148	0.0076727614236929	0	0.46424
1.1082447368421051	0.0242559010865258	4.975163616193935	10.534455466261797	3.813165711464555	17.72630955273243	3.709541260331482	5.548697033098549	1563.24672	0.0107065980878998	0	0.4818
0.9948552631578946	0.0	3.959904983531966	9.275304969879516	3.9365883198298617	20.778520625	3.262563008130081	5.452789846433597	1596.318	0.0113743016760138	0	0.48592
1.298521052631579	0.0220847948273616	8.417169780114245	10.785372620240482	6.492596630322884	15.199426130384936	3.989099112801014	6.950101914962675	1610.04096	0.0129080020559184	1	0.49596
1.061121052631579	0.0227638464707594	7.056349815277842	16.1562140625	6.473788896711916	7.35843830874998	4.046092457889751	7.37412509087423	1634.29916	0.0138791671724529	0	0.47928
1.047638157894737	0.0159991882942818	6.460884208485394	12.295649736973948	4.111463467504304	17.193700089013223	3.761159096875821	5.899011255118706	1564.29988	0.0128899383248301	1	0.46736
1.4597039473684208	0.0148000001907348	7.994041199752393	8.243235238693467	5.529021737217684	10.951908571787149	3.1766439336532795	6.474267947235212	1643.63028	0.0145976537189062	1	0.51768
4.204703947368421	1.5666926034761426	22.356095385580858	9.27727100202429	33.51728524211232	5.363412293174767	9.20630537960288	26.57928462493907	2091.6964	0.0423277121412052	1	0.64404
1.826998684210526	0.3238138593709213	5.909031990997337	7.084163324110199	4.866900888850895	10.820573161534636	2.669412651757189	7.09436268939394	2279.815	0.0529111881976969	1	0.62912
2.637817105263158	0.1468960197216361	12.038303591883988	9.351791288601964	10.536705281932283	5.90821080659826	5.63224098807054	10.272716960633948	2014.1516	0.0267815554467369	0	0.56188
1.0171276315789477	0.0250463588509017	3.7612649625908903	9.6333825	4.289600583074001	3.862541112045788	6.377724294354839	8.757838318060243	1988.58452	0.0261291401046865	1	0.55672
1.6419065789473684	0.0148000001907348	7.116842904966751	9.646014602215509	7.373630642495027	3.780755765490414	7.872136643370271	7.483046902074959	2037.89852	0.0153365524347652	0	0.4876
2.705819736842105	0.169174071170824	30.81167461219573	11.488652108433737	28.825801261710907	4.222033096135997	12.33734902800254	21.189255863603567	1934.83816	0.0178391333176633	2	0.5084
1.0770123684210526	0.0192066948953713	4.449788967760946	7.354890483383686	3.5771044514450274	5.017555014190727	3.9162435949298815	9.289696186981242	1879.15496	0.036085898637903	1	0.55484
1.846208684210526	0.0148000001907348	3.957070113780625	8.086001256281406	6.110941821023541	3.945858710987234	8.688805814833502	12.633920368975904	1877.0614	0.0251836319875717	0	0.55532
0.8344365789473686	0.02405878004989	3.484523291503672	10.755140609201211	12.786320046112134	3.96833960742135	10.212005418346774	7.894382701431476	1788.57604	0.0127535426045866	0	0.50856
3.1886502631578946	0.2005469193132464	34.07685242822921	10.219776067839195	37.76610123731258	4.056427072589536	12.274643038617889	17.08676599890687	1853.38668	0.0194616374380448	3	0.51096
1.9936921052631575	0.6690066455824927	5.004318492362986	8.17175610920355	8.243138742880463	3.84868990722519	10.801691341267086	20.371923717364663	2167.0964	0.0511010028283736	0	0.61264
1.2561452631578949	0.0189715379323714	10.575447646922022	14.02391412456049	7.23795819535764	4.282838684480318	9.443307898127044	9.647612255845509	2277.95888	0.0253667369211421	0	0.543
3.3377981578947367	0.0580106192407855	27.532945867408237	10.731589303733603	26.893910374991588	5.723637660242805	15.138712160751568	24.797278125	2156.03064	0.0247364341614526	3	0.5706
1.2596355263157897	0.4456764655803241	8.824270120950791	9.752486012207529	8.511673823746452	3.748281164570804	18.233549084754262	10.116362767584098	1945.9516	0.0142023059176697	0	0.52896
2.7969047368421056	0.8764537714440328	27.33628885878953	9.040547440537743	30.07912970183252	4.274140391451454	15.807004097294485	18.391963835685484	2061.66996	0.0177639288940149	5	0.52276
0.8470826315789474	0.5684767095406076	15.851825234954456	11.661884384384384	14.288935300204354	4.224544270618684	33.0798159375	28.09372933366733	2275.206	0.0219970562887191	1	0.51776
3.4233468421052637	2.4965577657988547	22.560097958417465	7.956164513677812	26.984462628156244	4.1914935120296	20.09557797282275	31.30515483383686	2092.16812	0.0423773946621838	4	0.59872
1.0660352631578949	0.322538576588364	3.3432568456738667	5.916783219004065	3.0096074639511503	6.55076324744774	3.5748946048843906	6.387134046052632	1899.31856	0.0500449224650158	1	0.62648
0.807843947368421	0.0197739186955985	2.624205124120445	7.594431306306307	3.0050575707300142	11.103563963030146	2.2105608422757643	4.673085570907195	1980.648	0.0381594451545266	0	0.60116
1.8190623684210523	0.0422717318847151	10.431634793726126	7.338774811557789	9.966422243062633	13.001549128930868	2.8896145532266293	7.18339851673428	2095.93772	0.0400534195416113	2	0.595
0.9617205263157894	0.0175408460402889	4.673539763581501	11.56789117352056	3.638326387135166	13.640550877469112	2.6613817994660143	6.749089646464647	2122.739	0.0497898151504292	0	0.5898
0.98175	0.0208409856742536	3.198081499530767	7.154083228643216	3.366712294545819	8.855380434782608	2.994256326301482	6.4886632293762565	1876.02632	0.0440013233075422	1	0.60248
1.1553189473684211	0.0	4.7278948087053205	6.537996121121121	3.213518982948598	11.892409989858011	2.144388358955045	6.691501965010142	1520.6244	0.044410423669254	1	0.61532
1.433641052631579	0.0168168179013512	7.634945573981927	8.716213626012145	5.355611225052561	18.614198219658977	2.8446727269415044	6.473211422845691	1343.21252	0.039329791699157	1	0.56852
1.6320081578947367	0.0289571185814631	20.63991221693971	10.720048817599697	8.714737492721266	7.802243913995429	4.878873148635122	9.04270673076923	781.03316	0.0214232402435536	4	0.47712
0.0174644736842105	0.012225572476218	2.4309965886942195	7.805540949339527	2.977190676458092	8.152506099017954	2.7869517524691894	3.698103574033552	162.18288	0.0004055461945056	2	0.41696
0.0056	0.0232214241154377	2.31862250834277	3.7272933566122615	2.4986497154336664	4.898573136752496	2.167957308165306	3.485817966706412	29.48032	0.001624701310234	1	0.51972
0.1346736842105263	0.022922400944171	10.85592657935448	4.98652888586641	4.763244795555854	2.6082740417663635	10.881411952403113	11.26296068210288	41.2598	0.0083942921801787	2	0.55684
0.0660013157894736	0.0	15.244192315367172	6.87009253586974	13.085443846322509	3.341747330227737	12.176405187610174	12.360296888381388	31.17932	0.0009037272325859	0	0.54452
0.006525	0.0093197670093802	12.826084735423958	5.82695933171674	13.176892497504191	3.115055071276097	4.238965496692688	8.351857533754991	27.04072	0.0003236975278197	2	0.52592
0.0319894736842105	0.0	8.965791861988306	5.439867307014279	5.283428378702963	8.170489430878144	2.3324720806997683	5.560130473143386	62.64176	0.0014777865509539	5	0.54792
0.0152105263157894	0.0	1.9927147179889475	5.0820746285027765	2.361352048096232	8.563055985552115	1.9483265981211144	3.49059460458241	74.95928	0.0055661512368303	1	0.5282
0.0112	0.0	2.515499789923991	6.7803451944161	2.1824605080720576	7.293313873626373	2.325191216382926	2.5458195529711065	37.09788	0.0001807618696812	1	0.5175485102322129
0.0	0.0	0.0	0.0	0.0	0.0	0.0	0.0	11.529356394869986	0.0	0	0.0
0.0	0.0	0.0	0.0	0.0	0.0	0.0	0.0	0.0	0.0	0	0.0
0.0	0.0	0.0	0.0	0.0	0.0	0.0	0.0	0.0	0.0	0	0.0
0.0262223684210526	0.0187186565336221	2.2737380397951026	4.370331770019107	2.460868833392341	6.511876995982281	1.6753888280394305	3.3212121212121217	8.191693970469341	0.0003286724951863	1	0.5552700879953755
0.0209776315789473	0.0145817565115719	2.166196387398156	5.438285785548933	2.3601036800385	6.280555228565823	2.4014010232657066	2.992467632602518	31.94092	0.0003010239538017	1	0.43896
0.0416	0.0271476124404767	2.377152988937812	7.287060529177237	2.604534079270119	8.294029664166498	2.488178910179001	3.2166133243993715	28.29948	0.0002337000265992	2	0.4242
0.0	0.0102184361928114	2.7846653355251765	10.124061250973268	2.687560821003966	7.415370774263904	2.9547543940478174	3.355357072911019	75.848	0.0001202562846489	1	0.36128
0.2350578947368421	0.0102212682794219	3.349770484871197	14.62570120188175	2.960043118547945	11.503034904233871	3.082509428563997	4.51035505232584	452.08388	0.0053893435415548	0	0.51804
1.3888342105263158	0.1610587668454697	8.500253022022607	14.651141875	6.322413746129163	16.396163229376256	3.8869650481832143	7.405334507616532	1124.42096	0.0097222375142574	2	0.46084
1.5333873684210526	0.3883164853182606	13.15963337116946	8.694187946884576	9.2526142081899	5.681988181089744	8.626577090588748	7.87739420062696	1603.11588	0.0144597217775092	1	0.48536
1.543604736842105	0.0219536188448218	7.514947482761932	8.759601509388151	4.220548470586329	13.77305032051282	3.3311274808802134	7.214867482161061	1754.22268	0.0485375507168208	1	0.60152
1.0997497368421054	0.0204099984004579	4.318062086718356	10.840469341667347	4.332370043757688	10.432896865520728	7.040180334907686	9.508106542769855	1646.8288	0.0133946975224859	1	0.48404
1.576350263157895	0.0	7.923049359749981	8.33898342690608	9.889630033345348	4.688200902742293	7.290695716594827	9.041921223958331	1527.90004	0.0132127689959722	7	0.49132
2.2830907894736843	0.1566583929547664	37.71563862224858	9.04785602177567	28.73727829734592	4.659115917834072	14.061748457946155	15.855259466140188	1640.68336	0.0163008128050846	0	0.50152
1.404505	0.0983666724886338	6.488665797351849	10.5307054401126	10.806902236675992	3.897293181740585	22.116379383251637	13.2981028709273	1699.78308	0.0104091526406302	1	0.48724
1.64333	0.3208851362599472	6.422199287314982	12.172870215456635	12.274850808514042	4.319684364858409	28.3528484375	16.0554625	1885.5776	0.014047106596582	0	0.49336
1.1936215789473683	1.448800563871938	3.4015915065888453	7.875784441369109	5.340344086651515	6.405373016913598	17.447936076377303	17.556429312027323	2000.51432	0.0242495885860218	1	0.55496
1.157247894736842	0.0148000001907348	4.063542020687787	8.937738290740572	4.0127328845589485	17.72713668150032	4.076919717270714	7.272691329610483	1810.98632	0.0162020049348999	0	0.5344
0.7137868421052632	0.0184974998235702	4.416251618697012	11.05018618355065	4.16666365419385	15.758430611222444	6.042437848807712	7.941087512895021	1755.62436	0.012920102579839	0	0.49964
0.9014926315789474	0.1123724281496476	9.067245712432245	14.423793224764866	6.981955358303485	14.078896875	6.486528795811519	15.35190498737374	1540.9198	0.0086818128280779	4	0.47348
0.4653331578947368	0.0669742927430745	6.197109306245079	10.965924846103263	3.902959735766848	12.2404425777332	3.482259865520282	4.726816402760861	961.59956	0.0040647678588067	1	0.4658
1.4296197368421053	0.0500860389157434	12.71867769784476	6.910629361592144	5.467318678211719	6.182754169283372	8.87507624846689	10.764240954809242	894.93664	0.0077795978031438	2	0.55
0.5143955263157894	0.0225901530899164	3.3343980173908627	10.378772130938732	4.632934590766138	3.8343972287595527	15.272864160750506	10.000056470890218	1463.56268	0.008744051058678	1	0.50528
0.9919926315789472	0.0369899988174438	3.491760174691172	9.427176500516692	5.420733711245207	4.405142075138985	15.86540333911569	9.825388248569356	1729.10396	0.0085726200227527	0	0.48464
1.73608	0.0266586488431638	5.34246020983622	11.19210192174372	8.049346358107245	5.577419825041877	15.942774126491663	11.110697681783634	1889.62292	0.0102220541417949	1	0.4642
0.8149271052631578	0.0	3.8825865241337416	9.841682325632808	7.876941849166539	4.028889927634085	23.49225125	9.240733762230688	1892.61708	0.0089907550730249	0	0.46296
0.7570918421052633	0.0	4.336295465371968	9.22231029863683	4.96881593600042	4.103885056102354	13.575756978914349	6.294885803851321	1652.35576	0.0043403203428668	0	0.43392
3.638125263157894	0.2805025007015622	35.613435569923766	11.696348519076308	34.816471951922686	5.45024828646785	15.78256834916912	17.568470471954534	1706.94068	0.013387951252215	2	0.48132
1.6697778947368422	1.0909198171148935	7.652933141950255	8.734678888117031	10.216259713915877	4.355362193049076	18.14750047548825	9.219249718241828	1651.98912	0.0103145817523844	1	0.4784
2.8643910526315786	1.067257154229262	24.73939133918917	9.360173508829034	17.808844892731482	7.254746579056489	6.675325993751844	10.09974025974026	1372.2304	0.0101151237260944	1	0.47656
1.0074857894736842	1.2377566045837176	30.48179699201087	10.287019672926109	20.006088287893977	4.178892495197721	26.6064003006012	10.68412462159435	1305.84728	0.0046046930749276	0	0.45356
1.4325144736842104	5.968932666357597	4.628146839664084	9.102820273217676	7.629442701988603	5.3961308472358525	19.955612506764897	15.223611319489889	1677.04556	0.0223275537081676	3	0.53208
2.041003947368421	0.4449222270672991	24.035563896260022	12.208445945945943	29.75064186414262	7.25727880219612	10.286569406888065	16.386396850047845	2147.80464	0.0310525043913196	2	0.58032
4.531527631578947	0.8279870349279765	43.85306610675609	10.7868328722334	28.732241163166844	6.583253307810598	10.538758285426445	27.95553358497718	2145.29332	0.0276256986047239	5	0.55068
1.6877907894736843	0.0480492339298231	5.65131053191398	9.690735625	8.640325810024414	11.700531832298136	3.287182461942925	7.263340135731574	1936.1568	0.0239147467241567	5	0.53596
1.0613171052631578	0.0147432382101471	7.550425406288927	13.617532936377703	5.749627378452708	18.54561495983936	3.993739250311823	6.714326426800329	1749.6466	0.0166549989884039	1	0.51352
0.904396052631579	0.0	4.493532638695575	12.641779599142705	4.218946530075591	13.64167998746278	3.398676941071244	5.224409878475619	1423.1832	0.0094034491211526	0	0.47556
1.1503842105263158	0.0325742155810569	6.507453782624229	12.288637969527242	4.845110361975424	10.203123840664004	4.455303675555264	6.8760731478789054	779.45168	0.0053658676558732	1	0.45784
0.0285868421052631	0.0428943187398782	4.988828845544773	8.805619658459726	3.414233766507143	13.065777027027028	3.3971059622692272	4.567573379064705	178.6846	0.0006874286084512	3	0.48452
0.012	0.0102234457300071	3.098006820659558	10.654042525773194	3.1855770900363365	10.317231514084508	3.2644717716405527	3.759363299359333	36.73892	0.0001822273145906	1	0.39928
0.0056	0.0086937983632734	2.5494139067252526	7.512080924855492	2.603110081454836	9.384461003005852	2.5329400408275866	3.6869176946229576	65.98292	0.000459655441556	1	0.44572
0.1070671052631579	0.0	2.289286366923537	5.142035365681143	2.792069924733513	7.766739165047925	1.882681869539852	3.844801093158804	149.26292	0.0020437837348722	0	0.53776
0.0793328947368421	0.0148000001907348	3.33253348736431	7.214867189952903	3.4652717675114	11.67565815815816	2.908099080513164	4.412953703425179	202.02028	0.0026708669802721	1	0.47724
0.0832	0.0154721295392071	3.922712398093304	9.7322125	3.7475235268476297	16.0293515625	3.864071024360051	5.090265196850393	162.83856	0.0026816592565069	1	0.45852
0.0296	0.0036276469335836	4.423667890667047	6.876148381753314	3.4944059509137517	10.15955910120846	2.9159386770866336	4.522547730030011	100.63672	0.0004513187897336	2	0.518
0.0056	0.0045540688689822	3.1730599317766064	7.582495043896914	2.889188973220585	9.595420030272452	2.8067709666080582	3.8955478400213663	60.43872	0.0002829160971698	1	0.43496
0.0232	0.0	3.0375092646295783	9.400432447513428	2.5640791661160374	9.466657855995717	2.6917631612495443	3.097209814262784	48.9616	0.000307430702862	2	0.42336
0.0368634210526315	0.0	2.088344884294431	5.229298483981694	2.421264216977788	8.97914824120603	2.212857339385806	3.6995075861332953	77.72016	0.0064408137131811	1	0.532
0.010655	0.0260793724838568	8.662033571209863	6.0105894996671845	5.346149387382751	7.710131383822879	2.6116165997789413	6.068155104550415	81.31952	0.0023512197846919	4	0.54492
0.1952513157894736	0.0280576037153799	16.3261866224186	5.586997153856278	15.714199030548018	3.265026351008353	5.020589080060409	9.31776678255176	75.80392	0.003117047885126	2	0.528
0.1613881578947368	0.1459686544565551	12.86354539373769	7.112064512064512	12.750729563508228	3.606818103840729	12.674133479899496	14.37566517857143	526.6782	0.00621029033156	0	0.54984
0.9809473684210528	1.6216815998279352	7.355937981383983	6.491525250590564	6.819659469847654	3.14623709142749	7.4532823605832945	14.715554894179892	627.33692	0.0121937359970106	1	0.5416
0.0348947368421052	0.0682468430632021	6.625867531942626	5.37841726618705	5.445738098345425	2.358998393144081	12.889626929096316	12.174882610939113	177.62104	0.005996849927385	0	0.5622
0.0196947368421052	0.0093197670093802	20.565019591422445	7.471391402956972	14.30787905522956	3.333945596922654	12.207353235073697	13.991598442311176	50.03864	0.0010635452002626	1	0.54248
0.0398894736842105	0.0	8.969548338825744	5.385032917426906	13.958731968128598	3.3022490508731965	3.2114190873432755	5.77446273515718	153.5574	0.0005061669817928	4	0.50892
1.779301842105263	0.7139719790954366	23.46758973449712	9.29201649746193	14.708396636943377	8.938729231568017	6.618670666030404	12.08696233292831	845.8522	0.006352305611521	2	0.5418
2.5530123684210526	1.2892970322254071	12.672889265970074	12.499205357142856	19.826985412540044	6.376426730972516	25.83795707070707	18.005203013278855	1558.01688	0.0074178642064683	0	0.49032
1.7814410526315791	2.4069155783880665	8.566433704819183	11.5115184375	12.17803623964278	7.247306448408756	25.998236809045224	16.51073889307229	1963.91556	0.0061076095337727	0	0.47408
8.046146842105262	1.181407998996125	48.025838745149	14.523598196138211	61.48939760570242	7.057185701326955	21.5493647854954	51.22876251015403	2192.10588	0.0192866898696562	4	0.55352
5.443078157894736	0.325686934774323	54.41779977416987	11.934295680428134	38.76464033915936	6.313788010425717	16.724718296348403	24.25082667464397	2093.51184	0.0265326072047738	4	0.5294
1.1626118421052631	1.2367675995725758	8.276157224368905	9.126796558704454	7.249229117950569	4.017894977533271	21.41367968107321	16.686895854398383	2124.42276	0.0202745304836946	0	0.5534
2.2871357894736843	3.0266901950113176	8.959996076932615	14.189827024316871	6.154427205587189	19.464076605244955	7.199999344208542	14.60051638655132	2017.57644	0.0136183942736247	0	0.49152
2.7306236842105265	0.015025229623475	11.274440091678915	13.162456340167047	6.123016763554133	19.600701421651134	4.658550129735773	9.091718222073824	1920.8182	0.0164836793982982	2	0.51144
3.0202557894736843	0.0148000001907348	13.058941221841868	14.2610375	19.989612976809944	8.95714734329858	26.51424860824048	22.25127532721235	1992.31536	0.0100146542683068	0	0.47408
1.9396405263157892	0.0455284632169283	6.287502398913577	12.590301362016293	12.040005623489767	4.762942229577463	28.561520625	13.98117148368353	1780.11288	0.006067548157152	1	0.44852
1.0923244736842106	0.0169673983764031	8.239656800075839	15.592390718937876	10.90729400446228	4.90007379602883	30.0861390625	13.269015483951854	1640.33908	0.0046410857496892	0	0.42488
1.3395907894736845	0.0179011283382292	8.306090078428678	14.264534420573938	6.760924604894148	5.403413452219423	15.983629375	11.491487112112113	1668.48288	0.0050538298356883	0	0.41912
3.052256578947368	0.0406287725468829	24.90531555455629	15.971051719610063	24.146186814969013	5.888706260453219	22.22663593722104	17.910790498931757	1610.05204	0.0062434314160837	1	0.44456
1.0468486842105262	0.0370016943679935	22.427893003206147	11.256856628747412	15.780200098002249	8.603672321989615	4.985671496408133	5.639739649803461	1396.05148	0.0060156822776093	1	0.47452
1.2086263157894737	0.0457628879350485	4.625964450861876	10.249156011929983	4.0065772452214725	8.354812307494866	5.13225536102063	7.841006357498398	1519.43948	0.009890131172678	0	0.48008
2.5788894736842107	0.1159602421754973	15.492171815835787	10.350649712212212	21.33726023857787	5.329385621348911	20.7517396875	18.024711683417085	1954.32968	0.0265158708493849	1	0.55188
2.2738815789473685	0.0236012430435212	13.159913000899849	13.305234375	16.075150086028394	7.248505924781041	20.94154596897253	26.06791	2155.505	0.022491028215254	1	0.56284
2.2392315789473685	0.0296560522409968	21.730361117996665	13.128350625	12.40213468585628	8.1251369168357	15.691343877291242	20.58265554110219	2132.17756	0.0166550022404684	1	0.51308
1.419998684210526	0.0	7.645637089200538	16.537331199799198	5.821018959061161	17.0047625	5.578687621021846	7.484267058335195	2029.59504	0.0062176976181128	0	0.4288
1.7882144736842107	0.0	6.9904985336578775	14.562480625	6.332484192341307	15.071222389558232	5.7317872910441245	8.78283526116746	1920.4792	0.0100208418960781	8	0.45004
1.2097421052631578	0.0	5.136032284474672	11.9961605276907	5.200506502519058	15.504679226069246	4.436144484897519	6.054487581057515	2004.20744	0.0072046953086993	3	0.41776
1.0536342105263157	0.0	5.419352457482479	14.1632609375	5.671387951136454	23.0618480980981	4.748284155835748	7.5861727456940224	2340.48584	0.0093661237278755	3	0.43576
1.8799644736842107	0.0153629408575671	9.962732083442626	14.327927648092372	8.857923575627957	14.910304003021146	5.891277455924099	7.988949936459624	2140.5856	0.010226394302319	3	0.46284
1.027717105263158	0.0193849677103202	7.544222635001605	19.3113659375	5.1021371623858505	18.95005875	5.586422422638102	6.44505504689772	1840.74028	0.0056429339801914	0	0.39064
1.3685578947368422	0.0221949990590413	6.847727078633494	15.65198953764436	4.8089110155083725	13.74189692982456	5.0240426927566855	6.954241870543149	1879.17276	0.009001808591485	5	0.41812
0.5608773684210526	0.0196644855892143	6.014936092827381	10.600380350993806	4.718386988162792	13.163064705071664	3.688307615847021	6.165160229756125	1784.68	0.0069451235398474	4	0.42828
1.572747105263158	0.0	4.706687680655351	13.4214796875	5.507526968257856	19.935228125	4.7767919628066045	8.471544173407482	1590.77156	0.0150632290305109	4	0.46296
0.6217702631578947	0.0	2.766166357352064	6.693072182195532	3.5159657934398365	12.7477546875	3.0681987700759388	5.853329826764172	1140.56752	0.0114193490015759	3	0.49628
0.4000184210526316	0.0	2.4806510764019696	5.570912328215912	2.549441925827153	7.131211240964669	2.624967859856653	3.873173322323976	550.40444	0.0032222375781308	0	0.44888
0.0558905263157894	0.0	2.2560732140881457	3.906511239162831	2.124466008712353	1.8861662079483656	2.062333783986781	1.8009540668057635	311.88184	0.0013830850229982	2	0.42612
0.5384144736842106	0.3346128845577517	7.020820832331796	4.367988607167883	3.419496148664356	2.7506408290676387	6.193228361386181	4.039996302479091	682.68484	0.0045456029857958	4	0.44956
0.8700934210526314	0.1224153166264511	3.069175358129184	9.1911475	3.8160972454031072	10.170273430978352	4.104684868459872	5.600255731995523	1437.40972	0.0117425314010942	3	0.44956
1.0012444736842103	0.0320651221325009	4.725878606041656	11.9874175	4.434791640791724	15.4243778125	4.138732977903391	6.768964511889115	1906.69136	0.0128830088654686	6	0.4394
0.8080028947368422	0.0431669991670722	4.0723419788941095	12.509661563765182	4.365187879721586	15.034504817317316	4.198828110393041	5.692549706020414	2039.50172	0.0084831290046958	4	0.44768
0.9550328947368422	0.0074000000953674	4.198617190311123	11.3992234375	4.230557428757544	14.33759134134134	4.509963012374477	6.385298129043539	2075.15568	0.0110454494503666	4	0.45308
0.9039976315789472	0.0	4.234632778723212	11.07756919868554	3.888397486026464	14.348007817133198	4.093786726323639	5.546051268624355	1915.55192	0.0085450449433747	4	0.44268
1.1817886842105263	0.0	5.14028358988356	20.63050625	3.912098128821895	12.854308584061652	4.6154997287822725	6.345943397728902	1658.17332	0.0068588789776493	2	0.42336
0.9909955263157894	0.0148000001907348	4.8887280029805416	13.6500275	5.336619482766979	8.101560882251436	17.86804253426596	7.841616151958441	1449.29116	0.0046743382258888	0	0.41688
3.3483128947368423	0.0233036551888533	30.69324705526394	26.9284175	23.30902070178234	6.1335484600717445	23.19786625	15.447831960122915	1339.23616	0.0074374042008291	3	0.4224
2.4232955263157896	0.0216567392086506	33.13125526692503	14.26990748506242	22.46694227892104	7.324863867613351	36.17246932658053	35.47917316425328	1371.52584	0.0090981933948572	2	0.46348
3.506202368421053	0.0398542047498621	16.134550349772123	18.280064049608196	37.91023435114239	19.37479966115382	6.252979472099893	11.7567171848541	1647.78	0.0143623150807969	1	0.46924
1.2578386842105262	0.0377789355338887	6.373773429231994	16.25263276553106	6.036048603448551	23.7298265625	5.908040151909106	8.327644292029134	2124.6246	0.007406507597513	3	0.4422
1.0105044736842104	0.011848196637031	5.512328159099599	13.952731875	4.995188530547257	19.21826152304609	4.916547141215462	7.251834109042553	1705.39444	0.0065472926071812	2	0.4654
0.7434407894736843	0.0253218005977654	4.948296187335073	8.817325282631039	5.036676948939673	13.163048680904522	3.246791119731237	6.868555666508422	1532.92212	0.0052363475702965	2	0.56368
1.427296052631579	0.0	6.178941709007784	18.0275340625	6.968883102249048	20.8480646875	6.082485983690112	10.115754582372956	2501.41492	0.0114947925414758	6	0.4692
1.5815697368421051	0.0	5.761840149873873	16.2633240625	7.083767604703958	15.1318278125	6.34304479805726	11.0419934375	2731.668	0.0150073397206558	8	0.50208
1.779528947368421	0.0148000001907348	7.088371192847715	17.8824190625	6.673061249549296	19.960765625	6.19777619949495	10.049209093211752	2427.3322	0.0108488180987624	3	0.43504
1.5658263157894736	0.0148000001907348	5.699776971817647	17.2667115625	6.372611926183385	18.02451125	5.8977631281305545	9.982008479899498	2316.85828	0.013728425751118	7	0.47632
1.106825	0.0233013385862816	6.055939599276969	15.083644375	5.97588242864955	17.1492365625	5.566758660953881	9.456725708502024	2261.41844	0.0114618705807713	3	0.44608
1.2080302631578947	0.0	5.6058954166972965	14.739095945428549	5.12571548855227	18.130085625	5.662604288356766	8.765596790371113	2343.20384	0.0102901346389686	2	0.4524
1.1993052631578949	0.0261869894719756	5.705202470542572	15.852738590606403	6.0154497254529256	17.65279185594658	5.317918602788016	9.47655047249515	2337.46212	0.0120636636550461	5	0.45296
1.3518921052631578	0.0	6.591343538711552	16.373246787788666	6.264143398675075	17.977674076968157	5.956623847884461	9.194443673082992	2328.51776	0.0084131057033643	6	0.44204
1.3026223684210527	0.0	5.872295078311407	16.659528841212744	6.328789400491914	16.124222740040857	5.64247838663679	9.289040847983454	2429.03712	0.0125140995258443	3	0.44144
1.3660276315789477	0.0	4.486456862807798	13.8643746875	5.517833014060829	17.5280009375	4.74868824046155	9.11379129129129	2428.71228	0.0201910658501877	8	0.513
1.5486473684210529	0.0	4.891170930415267	13.0720375	6.694209012932448	19.55515375	3.971970484628088	10.9095375	2621.86988	0.0229838568930766	8	0.55612
1.7456131578947367	0.0	5.038605492059976	14.682752752752751	6.107169114590478	15.969430367867869	5.802405193030406	10.634790404040404	2618.963	0.0174880665155719	0	0.4996
1.1234157894736845	0.0	5.562036291965963	18.58683699748744	4.432769185275256	9.27670583677686	5.8199529381005295	6.427980567226891	2285.30696	0.0040399320612935	0	0.38696
0.8535657894736842	0.0244562822925157	6.058601392425027	22.171312499021926	4.520518633472646	10.15557201594426	5.711175545631801	7.038562627681308	2144.9414	0.0047954933222251	2	0.39696
1.0076434210526315	0.0	5.769883803061233	15.775445609951715	5.392952570719373	19.917930204196505	4.876314641513782	6.99802005212914	2124.28304	0.0066123482852472	0	0.44896
1.1538855263157894	0.0	6.629360223467704	17.29733671171171	5.021021300899969	13.147876320422531	5.056142566454572	7.760439395177769	2416.62208	0.0073482061834195	0	0.43776
2.2167460526315788	0.0243156992633257	8.527388484106286	15.800041374882356	6.5673566382005575	24.25456053698075	4.345730086834664	10.802885437625754	3060.13936	0.0290195861791161	1	0.5664
1.965212894736842	0.0418831207752919	5.501190325602279	14.552488325576949	7.615812205754142	28.17177625	4.26416559862646	12.07158375	3225.23656	0.027086712641716	0	0.57916
2.1053265789473685	0.035766901994236	6.263042069194239	15.473292817126852	7.260825446702189	25.084682295169134	4.537683368536023	12.08815852064202	2767.90064	0.0273820962328069	1	0.55836
3.5650113157894734	0.0302741423897121	10.00709246392572	16.89178454780231	7.903035269975071	29.532969543543825	5.750467896749982	10.94458933107536	2517.57028	0.0218488478280516	3	0.51396
2.949521842105264	0.9461596392893964	19.968515894410547	21.3457559375	15.335209319728394	21.570470663265308	9.189954689222796	18.45932511295181	2583.28992	0.0222587754335122	2	0.55024
2.089809210526316	0.2762120764300428	20.50081128218681	16.8792825	12.833933421389329	7.684439216683621	27.301101875	18.462748993963785	2734.4096	0.0121341547071232	0	0.49156
2.901029210526316	0.0306747973947925	14.012389383672012	20.91693737462387	18.15988824980228	8.647882121057986	19.9789	21.751158125	3111.1934	0.0131332531055282	0	0.50052
2.429643947368421	0.076373257054582	11.20080488277394	20.1812365625	14.292486178258704	7.860086228759828	21.02061935240964	18.5562690625	3308.60208	0.0184836917140904	0	0.52976
1.8138855263157891	0.4450620483011572	4.897876453023456	13.29187751004016	9.965957617190046	6.010216065403582	26.747350788288287	21.47673875	2990.72328	0.0300089444191315	2	0.55996
0.7166286842105264	0.1693997557283222	3.274110221151273	6.608851450831239	5.227452359603201	4.722755853578103	10.833282299235282	9.902308258131647	1627.69992	0.0225699191765574	0	0.54008
0.260743947368421	0.1985215405617989	4.264382547559791	4.620139937567374	2.926367828582636	6.060767368158673	2.506165481667901	3.6698263642850337	329.89096	0.0042903333232507	2	0.50168
0.1243355263157894	0.0460000013440384	1.4046314842906646	2.4517062277609893	1.639045510220326	3.109895956009315	1.6995884529318557	1.4594073702015622	183.38308	0.0025264289030432	0	0.41412
0.1395144736842105	0.0	1.379730063167333	2.414338063840753	1.5214743060212308	3.3966612772145943	1.379686629808406	1.770152087750451	272.10388	0.0140559634668686	0	0.4702
0.2788771052631579	0.0	2.5228962721185018	2.335884131777495	1.860554283649179	2.385293797082866	1.279085400878282	2.027377076080305	315.83968	0.0426509624014181	3	0.60752
0.2101084210526316	0.0175129577252991	2.4174416712500397	3.5087479142380604	2.105781707147109	3.104509957515828	1.8158312562064556	1.9606809398360496	262.13604	0.0159329366226757	1	0.4684
0.1153631578947368	0.0178584822292985	2.146611917009386	4.401405658439194	2.13130842608012	2.384382827884994	2.1668299379719147	2.607265556893188	185.41868	0.0157995197561207	1	0.51188
0.1467486842105263	0.0163096000408304	1.931588448405293	3.2934136673297854	1.6989545918380264	4.213245320855615	1.9810905759026831	2.268922038835064	237.96576	0.0074352251350879	0	0.43696
0.1600434210526315	0.0	1.66338351807454	4.585225476058939	1.8067030379254752	3.252562121564281	1.7706598747536528	1.9184336531793416	365.52384	0.0090508214032299	1	0.48884
0.4134144736842105	0.0	2.957280480718443	2.101360878367338	4.005536632929969	1.9862366283405064	1.311583879687371	2.773812515588965	425.38068	0.0213325562485877	1	0.55348
0.4875302631578947	0.0314913030391951	2.662288628437596	2.742032425724623	4.1961032055059855	2.058969142123648	1.6927648075389188	2.144202556376716	429.3196	0.0115042466671326	0	0.49168
0.2870157894736842	0.0	1.5080277584140056	1.9859552883522895	1.5383343734898682	2.775060851869433	1.2760317804389074	1.7330468382669413	440.81884	0.0151391132697638	3	0.53936
0.1577315789473684	0.0	1.515992566979186	2.40809279653166	1.5718470040588028	2.233462720362284	1.402431449125654	1.7015892278555456	400.17796	0.0100413763918946	0	0.51344
0.178825	0.0	1.7867985573695642	2.4710475578368136	1.6787113412058294	2.4351519397495403	1.6453214344736409	1.974876329216771	305.99824	0.0082149686596323	1	0.45444
0.2196592105263158	0.0	1.6162745578015345	1.6559255686807126	1.7601672028957942	1.668199125775642	2.066747619220484	2.364395585593293	259.37796	0.0073091514425242	3	0.51028
0.1385592105263158	0.0139931672607872	1.5665324080600993	1.8357915725535303	2.6039191351523976	1.221436157755948	2.460697660431828	2.349785302002077	326.02428	0.0091760567563596	0	0.49728
0.2282618421052631	0.0	1.7402883411000123	2.277058037748896	2.121142219924174	1.7160814704692204	4.966117658759759	3.2164916068624736	418.98284	0.0118665063123317	1	0.50048
0.365425	0.0	4.494900541471678	2.198245043467384	4.1794173237649845	1.7711781258560153	3.405446500838296	2.606992621148692	392.9382	0.0102944791322771	3	0.4826
0.510675	0.0164129570980389	5.735520493964491	2.297590860708685	4.353534634366698	1.7586621656712544	2.8138765776719064	2.959312996259009	412.60328	0.0118841865053948	3	0.50532
0.7815368421052632	0.0459120804129058	8.611718648885493	2.317899630707784	10.100095517219431	1.7850550189736345	3.117296679193358	6.113536933484535	493.80184	0.0208982679942074	4	0.56864
0.2675421052631579	0.417814722508167	5.640702234286115	2.193605135510865	5.821870724416291	1.4065743189925497	4.077141401713974	3.391540116219086	463.65924	0.012908569329714	1	0.50936
0.1089486842105263	0.1905667629835616	2.278317377804519	2.0899158432075384	1.442104063191787	1.4586565650107564	3.957406474910529	2.5460526469614013	479.67752	0.0062887316047268	0	0.50452
0.9955355263157896	0.2207081928284596	5.27590558042099	2.015177405137352	3.4933894200584548	1.996720843040892	2.5889248430493272	3.224971609611586	432.2594	0.0186277047143964	3	0.57196
0.4231657894736842	0.0701455389789463	2.530140333253137	2.3816999918811588	2.82070501266622	2.420547000308352	1.6815293939699507	2.239314576335029	419.08192	0.00938325052633	2	0.50056
1.0586026315789474	0.760646251197869	8.40980095224111	3.970872438620038	9.848641601362525	1.959321085369082	3.429317515866896	5.693733917682575	514.42068	0.0164050442891261	3	0.518
0.430128947368421	0.0323983255875033	2.5654962620993595	3.989016220771013	3.141938633744103	1.683683199231416	4.681034482758621	3.013479799469183	384.07344	0.0084202231527601	1	0.46436
0.0984921052631579	0.0	1.7799349769503403	1.747767262379546	1.6578020885131772	1.533910854745674	1.431372549019608	1.7030055359838951	208.49244	0.0046373706439137	2	0.48168
0.0691263157894736	0.1087357137060183	6.85378977853276	2.442918642198113	6.06711098081966	1.6180872032017042	5.02092050209205	4.4577111304196055	135.58068	0.0183747574724519	7	0.55
0.2729910526315789	0.0148000001907348	1.6573211313604772	2.509381771049619	2.1508570731084813	1.6254425942612492	1.6022133038394692	1.9050403727801244	182.3442	0.0085632778534819	4	0.49308
0.7307510526315789	0.1097200459232111	5.151580297690114	2.28877183968783	6.859833130712098	1.7220005465974308	1.960899160023939	3.528373147102854	322.02292	0.0087680837169464	4	0.50076
0.5189947368421053	0.0840493044505484	7.295491023030452	2.6077743192843723	6.966851059628335	1.9816472021935607	2.6931920535157765	4.68593425916737	344.64088	0.0101703578557337	2	0.48508
0.5423568421052632	0.1579307659651882	7.954196432514153	3.6037851168775465	5.212472088566205	1.7951929165292138	3.3692845756958985	2.5933231051763266	343.34124	0.0114510742462382	2	0.442
0.1463073684210526	0.3699561515482193	1.636518818502018	2.3644776359571247	1.9631555939192968	1.771820261267284	5.383750970748123	2.5953188051885347	435.98428	0.0065470998147305	0	0.45884
0.1631068421052631	0.3958239232716298	1.6251928990764684	2.405601446487385	1.95520597803315	1.654935973058942	6.217628205128205	2.95227587653005	508.14324	0.008590163949728	0	0.48836
0.4225531578947368	0.320661399144206	2.194847878863885	2.2637717901270387	4.9337453366685935	1.612289694819351	6.710419606854839	4.095364644370323	551.07904	0.0096547478251597	1	0.48788
0.2431152631578947	0.156755887565838	1.3508704729125132	2.4584602373515376	2.049981976617492	1.380321558630899	4.908938190334525	3.217554446124609	532.77844	0.0086823218877175	0	0.50676
0.2318868421052631	0.0416040800715569	1.4199829048195522	2.155904003621265	2.2752830718184174	1.5362854505473855	4.110709712837156	2.6183279368791244	515.60072	0.0148281141418218	0	0.5436
0.239378947368421	0.2418291228888488	1.5085327993710462	1.8848723751011267	2.0947569618689506	1.3188829703865852	3.85866428280058	3.953161503428257	480.89596	0.0167329387996477	0	0.59596
0.1830947368421052	0.6632903483680138	1.4925344291044027	2.35991849701012	1.5808265230748535	2.4973211385439	1.4478992469206595	2.601248483052016	337.03432	0.0140190147007388	1	0.54996
0.2086631578947368	0.0	1.8778053016489795	2.770315463011201	1.5625170828881028	1.8936654873496976	1.3728480736707132	1.6465348403840636	285.85988	0.006259002033209	0	0.49192
0.233278947368421	0.0	2.032752726758602	2.6820762788245727	2.3939166127792038	3.713869930164495	1.6301769816958924	2.5000419902584983	252.11824	0.0073180352333275	3	0.54296
0.5897434210526316	0.0529510560373166	6.558155205601577	4.447925327105908	5.308584360960882	5.006012215158226	2.8683616535632765	4.462974577239991	165.79656	0.0049817466832872	4	0.49692
0.2600776315789473	0.0873800369690923	3.3876618394605424	2.7117438509971885	3.690135795661655	1.864710963884585	3.2891175556798307	2.079149380248688	183.183	0.0035651782894309	0	0.4092
0.1152552631578947	0.3910541195937456	1.4776254928954566	2.803951249309171	1.669103481768459	1.5138472817654274	5.186722028952979	1.7826646348644413	296.1656	0.004999535015015	0	0.41484
0.0689	0.2988656330122872	1.4494783697415243	2.9265891255080443	1.4626657470322768	1.5183614238702778	4.808661690902071	1.8864338488689096	380.14028	0.0038436711740844	0	0.4034
0.2174092105263158	0.0602188231887933	1.3066818062266374	2.5164106410826297	1.595172973182634	1.6732275881511274	4.36627129440588	1.84603232488887	331.05788	0.003057354034422	0	0.40548
0.2424513157894736	0.026006604941832	1.6900257043470963	2.53092188296268	1.935384917072972	1.979036435624374	3.977723152253027	2.053411304037837	305.3208	0.005996997965618	0	0.41664
0.3231978947368421	0.1718984895148867	1.94831096834939	1.9369566670870928	1.6974395671263307	2.769487958071628	2.797664105171594	2.5536342055963805	391.68328	0.0183646718740813	1	0.57396
0.3268521052631579	0.032920127736091	1.8042534835331796	2.523237691820865	2.211404149351721	2.0880264037733247	1.6417076613765669	2.3305359854767578	420.18028	0.0132494376021974	0	0.51956
0.3427381578947369	0.0154969118028411	2.3110298358642445	2.3481944292323496	2.195350011756608	1.850281048903812	1.7655710476968018	1.78212167749587	347.83576	0.0052608036940413	1	0.444
0.1787486842105263	0.0295899987220764	1.6856741278240706	2.299512626364601	1.6651354238259857	2.5196933416303677	1.4892604452770009	1.5510289878372416	293.13796	0.0079688282418075	1	0.45964
0.5444368421052632	0.0295899987220764	1.8604308074575209	2.3646222405187904	1.964913477346718	2.502378999179656	1.404608052046982	1.9352748399336024	286.5224	0.0089754006437694	1	0.4844
0.581557894736842	0.0	2.8396503750618627	2.0187257760130244	2.9088516913186013	2.365039029023236	3.4690048440624155	3.328999981511952	337.90172	0.0128625463519376	2	0.51288
0.5574578947368422	1.5476973044839402	11.581884252606244	2.548434981230167	10.142538313760433	1.710557690941796	5.935891166250425	4.704550185075908	391.56056	0.009286148201122	0	0.47344
0.3219052631578947	0.1688261117213322	3.576441131206185	2.0473198814348064	2.580076977680346	1.972533309739499	1.731979549583002	3.0368489513185253	326.87624	0.0154769202356829	3	0.55372
0.1745447368421052	0.0752714995491329	2.3047081689965387	3.6075017063041934	4.476128811343414	4.5243691603308935	1.825723050356509	3.4025898995097257	254.05636	0.0065010977698073	0	0.52772
0.2854236842105263	0.0469196787994234	3.536224279904327	5.063524476448437	4.477519544234072	5.8868697368421055	2.3666470471464534	4.48597513755859	194.0788	0.0036543880533207	2	0.53264
0.0699723684210526	0.0	2.2914757052613512	2.9885761505551187	2.097124995376558	3.49774469433006	1.806802221683264	2.210616107306582	216.22388	0.0024811463523261	1	0.4606
0.2104486842105263	0.0	1.721969321053297	3.155039464882944	1.8622940613609689	1.628738513208838	1.8897547495945528	1.94967466472866	311.06436	0.0078654602098026	3	0.4334
0.6386921052631579	0.0	3.050425399928798	4.510048863394943	9.689820027609883	1.7153158367011918	1.890543359015422	2.969978437888435	315.97676	0.0066742466994418	1	0.43548
0.6391236842105263	0.0148000001907348	3.511991905291357	3.230492553269989	6.315672194098739	1.7284972912774672	2.169928106521461	3.346097928533115	305.32008	0.0045730752610809	0	0.40268
0.2759842105263158	0.0	1.7895026672554606	2.762192870573684	1.89501012321986	2.737801588060844	1.9782602229137471	1.6154999888689572	291.23928	0.0060148885142277	1	0.44976
0.1447894736842105	0.0	2.039978017911912	2.1040459210165867	1.7214030018112587	2.792095484121105	1.2255755163407511	1.5435060063133628	289.08144	0.0055936474075738	0	0.45612
0.1753197368421052	0.0181572393405656	1.8121954184757332	2.642829681075745	1.4120332112415124	3.358469123565551	1.3633807332785115	2.1714911241027552	376.04488	0.0118383432603232	1	0.50748
0.1960986842105263	0.0175129577252991	1.3593875001126725	2.2199193162492823	1.5025743628409056	3.0685136967425457	1.390928424972096	1.6153701279578505	463.8424	0.0064985380069999	0	0.46736
0.1190052631578947	0.0157200007052333	1.468500042049583	2.7097413716694208	1.561604534564664	3.025837746138206	1.4344694887300715	1.8868079790793952	454.45684	0.0076035460999432	0	0.48792
0.2767342105263158	0.0	1.5462020060228885	2.48017034751986	1.690872523386124	3.018697185594828	1.4234419668381932	1.5231503002806888	367.5762	0.0068221368166629	1	0.468
0.1122381578947368	0.0148000001907348	1.3768640342312084	2.3621441550673072	1.364661107165538	2.5389124220724097	1.3575601116388492	1.5276016471434852	359.46396	0.0046805603183893	0	0.45584
0.2476528947368421	0.0	2.134293925910844	2.13091320500214	1.3362401935326826	2.708759441162542	1.4335074710341815	1.7800891064871485	393.53828	0.0100573676148056	2	0.49428
0.1463497368421052	0.0	1.6634467054383015	2.199957743286455	1.3937601484681048	2.842355498769999	1.3693220197151512	1.9130832608601325	377.41844	0.0088238755609358	0	0.49076
0.1364960526315789	0.0	1.2607560684130932	1.810670381890928	1.4308656456097408	3.3585569936287736	1.2973670111729123	1.7323485395315472	374.70372	0.0057493051759285	0	0.48832
0.073728947368421	0.0481200838476661	1.3078361859984735	2.0280791914301224	1.5616258245062606	2.9014053771781154	1.4226049187510714	1.874794086478907	379.15832	0.005819130619624	0	0.47704
0.1206026315789473	0.0156607930622403	1.3479032784976366	2.541109440531772	1.4748514861907271	3.01311639735296	1.3133894708016705	1.4824737261166243	352.73716	0.0082953977474745	0	0.48836
0.1166155263157894	0.0	1.4741896633770073	2.0377635746923444	1.716676046425269	3.933858463512944	1.3477022577628726	1.8487143360338147	332.91928	0.0083720204424682	0	0.49376
0.1515834210526316	0.0	1.6699048657268778	2.3289928906813464	2.1208583248546997	3.202236554789532	1.4423037720348115	2.1394071490845685	337.62388	0.0073576176937713	0	0.49484
0.1379742105263157	0.023865294712846	2.2148761052391155	2.3934783474767234	1.3680844060549375	3.558393023145288	1.2483943539033635	1.795999141832879	408.80128	0.0080392982096882	1	0.49416
0.1317610526315789	0.0158564295087541	1.483572640130863	2.2537350735561072	1.5753728588763063	2.723780851715432	1.3546911823614816	1.6876836813877585	491.08016	0.0064057927966117	0	0.48208
0.1016986842105263	0.014653465535381	1.3027167582164048	2.177457843076609	1.5722023191147978	3.3269854581826577	1.339690755014294	1.4773989794998597	405.89972	0.0077074669087984	1	0.49544
0.1118460526315789	0.0233332820095686	1.3080915933131811	1.8786853418549487	1.505763437891488	3.0509373686452883	1.3920734085783528	1.5219475754147949	392.8594	0.0090080004252055	1	0.48872
0.0965723684210526	0.0349394761661387	1.3308108547341948	2.187720267695056	1.276990190763879	2.738582610373565	1.6309528552872934	1.6727304036234585	411.85764	0.0074082829309912	2	0.48308
0.169402894736842	0.0707000302780203	1.4014659233894728	1.9597761100064637	1.5365368003253057	2.1015736812700747	1.9017065353243463	1.5930213746183104	254.87416	0.0120575655554147	0	0.46856
0.07213	0.0074000000953674	1.3773720426048095	2.614897082682097	1.5832821142060565	2.9167946117782453	1.4108746245998482	1.5346897562723794	167.83864	0.0052957818090915	0	0.44208
0.1295578947368421	0.0	1.4938006729335198	2.2115607233133643	1.398819394091321	3.0421166504703057	1.2930747088169312	1.5046722996117836	164.27952	0.006880725230259	1	0.41756
0.1423923684210526	0.0184974998235702	1.392166142041999	2.0185623762376235	1.3668811186304095	2.4714700511873287	1.510968796806777	1.5119473601754665	166.2008	0.0072629295372787	2	0.468
0.1400497368421052	0.0	1.4029426375665026	3.053696257346118	1.232990638680186	2.1287583093446387	2.75930434244424	2.2790182754884585	264.686	0.0076636325624059	1	0.47092
0.1870671052631579	0.0	1.286265273157941	1.8058027301888693	1.782980212231045	1.525592781586761	3.4895779647422223	2.619408940929828	355.96088	0.0181633481164539	0	0.5588
0.3299223684210526	0.0	4.202402719924209	2.2085036964875733	2.2771237066222256	1.8533151369786212	2.8426599473700254	2.672782962906158	288.1948	0.0137266763885582	1	0.53108
0.2697973684210526	0.0176966898742255	4.864072487033718	2.4796744370690864	4.938385923743427	1.941751455213902	1.591618996220766	2.2350301088169857	184.83848	0.0149323392311615	0	0.4838
0.3180394736842105	0.1556216644228193	8.85710450910106	2.162804439867261	4.212503759108961	1.6031395393508838	2.935086712263785	2.47064160708569	191.98068	0.0101215344238982	4	0.46828
0.2278710526315789	0.1318466454923773	1.6767496722996105	2.7527764849969385	1.816978623328934	1.8807723782814585	3.730394714714715	2.819410718002081	248.32256	0.011388803467207	1	0.47436
0.198928947368421	0.0431689360687068	1.433733503944712	2.2876178785471875	1.5796440953836608	1.991434346658156	2.568842031064657	2.4128129925513258	255.87912	0.0066577437510735	0	0.44068
0.1023894736842105	0.0464865268495152	1.438213534383661	2.723597461223461	1.6549954975676897	2.393638100629821	1.830981054750692	1.9152447256460212	247.66196	0.0054522357187902	0	0.43728
0.2656736842105263	0.0159132255590659	1.9979686282695663	3.1321786172492767	1.6005256567525727	3.171972681524083	1.6505902302192228	1.863163452281127	317.54172	0.0057583731222152	1	0.42328
0.2665394736842105	0.0244895339936249	5.622822485646905	2.539685435557728	2.581301936378814	1.928576750896084	1.983420369226648	2.659886461379666	303.71576	0.0094468502992391	2	0.44028
0.1395394736842105	0.0153895498768295	1.5723570350914458	2.8027286227318173	1.465873549715217	2.090036736295364	1.7104325775839144	1.6228980570771103	222.922	0.0034214787198164	1	0.3874
0.1791710526315789	0.0182051664728032	1.8291564090390915	2.375325788380204	1.4364330082562298	1.9137437921257785	1.771567716801776	1.7066009418513426	277.46068	0.0046883277810321	0	0.42916
0.1295052631578947	0.0227381839547106	1.5700682137245814	3.147431401906996	1.802190925370348	1.6528297248305963	2.359662561835972	1.8782228092548732	294.53788	0.0047582415822849	1	0.37732
0.1341355263157894	0.0683775564834029	1.707945973541009	2.5368501530493783	1.6331192690865002	1.595110457159908	2.1740915601294364	1.7563087374076147	243.00088	0.0043617161529379	0	0.3966
0.1060092105263158	0.0708776727488181	1.4618898699700158	2.4390786209222224	1.4232444590909072	1.3865505244886505	2.310476444768616	1.8508354711608748	246.63872	0.0063803769249425	0	0.4172
0.1976305263157894	0.1197595231736635	1.6872480301383883	2.3458087924938917	2.500372935126572	1.5755650055812689	2.202527804642166	2.333417802385008	254.36312	0.0068875545979247	1	0.42004
0.6902142105263157	0.098487900412389	6.548146396853086	2.813048992815396	12.781368853698266	2.11137412741337	3.2796829636011204	5.008792115969507	333.32256	0.0108491780081917	1	0.49116
0.4514910526315789	0.1587296670166882	1.8822438305451403	3.5431892681696526	2.2564432062058644	1.833106895452792	5.017744706335988	4.5950504312002085	391.76	0.0121096915241199	0	0.50184
0.1668747368421052	0.0416598464063324	1.364173344179747	2.3590304350120403	1.6911802238898808	1.341865812694029	4.057360084477296	2.830608726867599	415.1616	0.0068888970107891	0	0.47448
0.0875644736842105	0.0900254826460038	1.475170430773365	2.95524098481042	1.6529354345916698	1.353465024363219	4.033043506201401	3.305637970758031	422.0602	0.0069292933499462	0	0.47048
0.194853947368421	0.0563718396499774	1.559739556854164	2.3828063603283223	2.678727067906392	1.6569085527037068	4.351637568559461	3.803682544029301	412.43952	0.0077535267176698	0	0.48116
0.1536171052631579	0.048955646789076	1.5691178065814348	2.595751969546137	1.929947725455428	1.617563216266425	3.752593516840197	2.572676711344689	412.00104	0.0054647571381926	0	0.42176
0.0746855263157894	0.085546848723776	1.307564509009964	2.322614775972007	1.9299927731544628	1.6705051662933696	3.8737679831704663	2.6244817529754862	430.44096	0.0068698961595051	2	0.44896
0.1631073684210526	0.0530326384906911	1.507343851253537	2.515106580166821	1.4803901229525624	1.5407611144992404	3.959487427109867	2.7239073767604456	423.19752	0.006057493991694	0	0.42732
0.1517005263157894	0.0622267610022613	1.2967601441423549	2.1548775125814976	1.5082870309769667	1.5881353931700153	3.91984348509546	2.3387958643538527	371.03944	0.0068205614785762	0	0.46536
0.1582736842105263	0.049580587331042	1.393024856866698	2.344057128203405	1.543653129705313	1.6062301796047194	3.051284238804887	2.450146159792004	402.141	0.0053281888933392	1	0.44544
0.1422605263157894	0.0293005155982595	1.429809338780388	2.405043494645605	1.4501265230037732	1.815462275610744	2.491258472904637	2.381438693776956	388.57756	0.0053641731574254	1	0.45244
0.0998328947368421	0.1050694143691402	1.4309080502233376	2.0106295913253938	1.4126942319155362	1.3644841070891405	2.660232031895406	2.175712063063997	326.67808	0.0049926435991595	1	0.43876
0.1127013157894736	0.0958114872165422	1.48316909411559	2.383201007343554	1.62009252917761	2.6838104697551297	1.7392332237003585	1.896877505922175	326.00192	0.0052318803894169	0	0.44416
0.0905492105263157	0.0309492779335149	1.3921442664915582	2.4267186140636228	1.5219523356446072	2.3262031217637253	1.560395231899856	1.5230137236355188	362.06164	0.0056047037765909	0	0.43292
0.1324955263157894	0.0212528187667874	1.2897645849250174	2.156587651598677	1.4206503641616326	2.2279735830609524	1.4601102570482014	1.5917783508652867	394.64024	0.004567016952178	0	0.42288
0.1142392105263157	0.0192803591004412	1.3474599353588004	2.305373733006044	1.2999847890456913	2.440904460181389	1.4733641544160474	1.4354198464527734	391.49908	0.0040487581124375	0	0.41496
0.1118318421052631	0.0	1.2703680041630605	2.082343867659065	1.4996687037922567	2.618702421097268	1.396061030485684	1.702062663409198	395.44328	0.0043632599278933	0	0.41784
0.1093315789473684	0.0	1.3735285834741389	1.9423150752794176	1.4475721189452058	2.639498533045089	1.3861635753017347	1.5951697809925658	437.62052	0.0078616962647788	3	0.4582
0.0379552631578947	0.0	1.3903016181865124	2.126881144260372	1.3315245011061176	1.9187527017951584	1.365571015291362	1.461810154525386	436.03728	0.0050779579237278	0	0.42448
0.029	0.0	1.249369746255542	2.1239012969861983	1.6241662065391316	2.1567031609387834	1.3094629156010231	1.5299794439034944	432.20248	0.0059193683688956	0	0.43164
0.1571131578947368	0.0	1.3810784668177345	2.097228601000008	1.4745371825136298	2.622265803688744	1.221644570349386	1.6828642949252826	477.68152	0.0062554808095974	1	0.45164
0.1362552631578947	0.0	1.3292853467478016	2.145485709570373	1.3414660734826769	2.4646374335162515	1.4727184972769491	1.7033807326847106	469.45788	0.005678821630548	0	0.43604
0.1202315789473684	0.0104291607069489	1.184512713665963	2.10194624652456	1.58539652646997	2.8244319695470854	1.4926454204966244	1.553983726191345	428.90132	0.0052401746783537	0	0.44728
0.1908578947368421	0.0104291607069489	1.7112636753422297	2.555352052173234	1.9490590430126544	3.519359570654938	1.3951454119865958	1.6629213483146068	494.56008	0.0072450761905137	0	0.46652
0.0936736842105263	0.0	1.4660191978559056	2.520730498899292	1.5206027282337264	3.2006689958613257	1.280045365257033	1.6704318161732212	434.05444	0.00583640413968	0	0.45012
0.4296986842105263	0.0	2.3433991092684665	2.9194579217979757	1.5723139230357694	3.3124267818875555	1.604818237149339	1.970977360732744	306.37812	0.0059178157485057	0	0.45252
0.2834960526315789	0.0	2.078906491321338	2.94089608433735	3.230679666307979	3.539973456655854	1.6449695504845856	1.87175838614116	343.4234	0.0053365706706222	1	0.43628
0.6448407894736842	0.0	3.2385918450407063	4.102081926335806	4.599577234887084	3.147631196427989	1.874360277081767	2.2036358035255863	365.86004	0.0096902718576613	2	0.44568
0.266703947368421	0.0331078290359237	1.927455352484335	2.4398764548295118	1.8986429207248936	2.464565281870616	2.258396700764938	3.1009367967349437	359.21828	0.0099311965174184	0	0.50628
0.2005960526315789	0.0040483270879128	6.597342286116943	2.5043050798801687	7.125690943203834	1.6032350710643304	6.309823399558499	2.889829992576095	362.8622	0.0076900766003482	0	0.45072
1.1747960526315788	0.2461025401134918	12.813645622434429	3.563332362327285	18.57627292589405	1.64492837012682	8.903613659531091	5.552099039813866	364.19872	0.0080040402197487	2	0.45576
0.5696894736842105	0.2526803643333389	7.902108399977241	2.4096894169178142	6.41016373546217	1.9390064983561048	5.751113138686131	4.33520504080157	354.79864	0.0094251288050588	3	0.44824
0.2959394736842105	0.0290099966759775	1.6041783352641776	2.3031133499094487	2.195609450130608	1.6488438644091896	6.687394872447356	4.235458935501431	390.90476	0.0090711002548477	1	0.48744
0.4062434210526316	1.364797289126387	2.6169830677591936	2.5677991683236554	3.41891298877954	1.720562395387763	5.9960257390417935	4.834028429708046	467.46204	0.0085868272693718	1	0.48616
0.6469171052631578	0.0493233283360799	9.57753100365787	2.7133544171259256	8.984258093896448	2.011364317039256	4.91610866729013	3.4220310339445748	508.48176	0.0089302746398308	1	0.49
0.5131131578947369	0.0370067751013587	2.620701714604643	3.0445732493424504	10.277794592162476	2.1726419739725658	1.921227491399224	2.8074327178160208	560.44168	0.0103042572018328	2	0.48392
1.0120873684210523	0.0404950467459852	6.948115275284497	3.0565283408033728	15.56759765180049	2.0568731348383715	2.2894442242166613	3.766417688952999	587.64232	0.0103793930421156	2	0.47584
0.8650718421052632	0.0513428065451012	7.784614175229188	2.847372849258823	9.856372436288211	1.9862288459620956	2.2663281113194285	3.5756679523083403	627.51904	0.0153992212080955	2	0.49708
0.1822171052631579	0.022060095119016	2.5239918585180505	2.81503115410828	1.6080780073077945	1.5514986908090358	3.0364374988218	2.246844394238915	567.63512	0.0076616937731469	0	0.45808
0.2746	0.0668713886370529	1.57377433580796	2.2932929605345604	1.6841543888503414	1.8986708923442608	2.1795008275159278	1.9647253696603624	546.64456	0.0061742476683153	0	0.4534
0.1072184210526315	0.0417111272489349	1.506888226517892	2.535269712932337	1.8323091698714904	2.0350580228283954	1.816590227194634	1.9862990796365017	596.35944	0.0068380541885775	0	0.45212
0.2041960526315789	0.0227640164713181	1.6140794293049665	3.036359639481204	1.5192353284340634	2.4896502222532857	1.945428457760084	1.9224743641199828	503.07336	0.008196087775581	0	0.48784
0.1857065789473684	0.0254562393335835	1.430983433412654	2.4826715829113635	1.4616811116937438	2.755318329787777	1.8448916161813564	2.331684068523009	456.20152	0.0083712501970108	0	0.4872
0.2077552631578947	0.0213059422463854	1.4218849852696342	2.4649702473044424	1.709603113742764	3.065050594631028	1.3309515069324604	1.6612820387726075	529.465	0.0068522081743268	0	0.45732
0.1093263157894736	0.0166904513997242	1.199095684748633	2.320232935782735	1.462585413066655	2.662105783866058	1.2905061630943626	1.6681523926793125	537.6546	0.0067129158394476	0	0.47072
0.0699710526315789	0.0190334350860451	1.596851409539239	2.682244350932326	1.4195938859057895	2.0301895907392216	1.4607939422281118	1.50294160083685	409.438	0.0037785500404501	1	0.38724
0.1645073684210526	0.0194705264610156	1.5631455594347192	2.000859454440957	1.4830522276714722	3.252146947652749	1.475088666603354	1.6727898576386426	431.32432	0.0057984715690595	2	0.458
0.1633307894736842	0.0148000001907348	1.3044498968178428	1.9081199288765356	1.3072367471887365	2.646774564843187	1.2085934824804707	1.7509273110944847	500.05748	0.0057805594495114	0	0.46548
0.0902460526315789	0.0152968226785191	1.26521901751543	2.10296722658503	1.5685732832143835	2.106563631934559	1.4454736271574704	1.667392170417238	478.56128	0.0062650033709056	0	0.4392
0.0878868421052631	0.0175598415538857	1.3923861558575932	2.2498109297761086	1.7718121876409092	1.956914141641529	1.5416695075707911	1.6426183136115724	494.04048	0.0059572468200325	0	0.44128
0.1451973684210526	0.0197092642045435	1.4332934119564775	2.088473354248144	1.599443929730234	2.392730860075317	1.4462446486167648	1.7745144047149026	488.82044	0.0070392072958805	0	0.45568
0.0597157894736842	0.0	1.291421470878198	2.295421951730438	1.41137602809818	2.3412683500218097	1.3563881567973315	1.664944500108053	523.6428	0.0058584907281048	0	0.44548
0.1013184210526315	0.0	1.2578893935248852	2.0128518843109062	1.2882414962220925	2.178531708822359	1.3149449349880893	1.4453272172761131	571.28056	0.0053001373626554	1	0.45052
0.1729752631578947	0.0152574224570362	1.3462423649368211	2.415916674925888	1.3963082028745477	2.392732752407784	1.3136157253599114	1.5682901797277446	620.36424	0.0061168406591345	1	0.44896
0.0788957894736842	0.0	1.2465456882497457	2.251733507801073	1.565577281373585	2.1085491715176605	1.4308507670850767	1.7119857803057237	646.255	0.0072543287792275	0	0.47748
0.0946928947368421	0.0	1.6449190376489793	2.42751460183304	1.541426322602298	2.1016958280807585	1.263335289508231	1.4621329524704862	495.19184	0.0061237287708941	0	0.44368
0.3244676315789473	0.0	1.74580519231098	2.458330424281473	1.7720727859601606	2.433960883222237	1.5295543122646256	1.82225306354188	392.10196	0.0065038631512838	1	0.4606
0.1437052631578947	0.0	1.4063867549125553	1.9006612799286176	1.5843215980813878	2.5100458979111133	1.2885116420800091	1.7047151395195403	424.64192	0.0062933585001615	0	0.44164
0.1103447368421052	0.0	1.410617362427803	2.0237691001697797	1.6791255180297686	2.218851166187595	1.2472134514850488	1.58917150913096	445.0586	0.0064630409023165	1	0.4616
0.1344	0.0	1.2700556111204535	2.0924722531766484	1.566154847825786	2.4046297224817037	1.5199002042286731	1.6842821023730048	411.57852	0.0061300541755557	1	0.45052
0.1681763157894736	0.0	1.206010230164179	2.116576598131489	1.4832072846844568	2.2217875474646247	1.1792058769714933	1.760431142649736	396.52104	0.0067873843599242	0	0.46112
0.0758236842105263	0.0	1.2018330699549025	2.5587808010374804	1.398884778500044	2.2745035521865264	1.2144587609439077	1.5193407689120966	413.04048	0.0061355098883544	1	0.4692
0.1266473684210526	0.0161739346759566	1.5151619988374363	2.098651398700813	1.4289774822038208	2.7737108951143936	1.3404065063448676	2.036557511706224	400.31744	0.0074364648618242	0	0.4552
0.0943394736842105	0.0276685699631172	1.8798491804613973	2.5264060077063144	2.1912527020599395	2.746614187658458	1.297481276838533	3.257312180977258	357.57676	0.0084422407976143	2	0.47164
0.0904710526315789	0.0	1.6723014671406895	2.441221687131902	1.5843235090048184	2.0764173066931666	1.340753384732136	1.3967856806951673	267.93732	0.0040651192671761	1	0.4136
0.1062473684210526	0.0558394755957261	1.3040359504772558	2.1817727769469197	1.2233808101538532	1.888165922603936	1.2436759833723985	1.5110362881406143	237.68288	0.0037315497295295	0	0.40688
0.0677473684210526	0.0	1.289126311364748	2.167158306095097	1.4839841656169963	2.951887319631033	1.31744651249798	1.7803916303138134	357.08592	0.006241263081519	0	0.46852
0.0833473684210526	0.0	1.39982905674296	2.175974580191777	1.5804243673231555	2.5141521177442807	1.392650300833582	1.6740273761242257	477.623	0.0082390742591374	0	0.48908
0.1327736842105263	0.0	1.2337910574890416	1.8502293715819629	1.346467527721958	2.6966002545097774	1.313059876373209	1.5456703380487784	502.0202	0.0076662214284083	0	0.50288
0.1321855263157894	0.0	1.478097643747588	2.0500778994829885	1.323310401178346	2.871630671388926	1.3722860093995577	1.7677946146410612	445.79584	0.0074802726579764	1	0.49744
0.1086407894736842	0.0	1.4512706084721427	2.0647318697786985	1.4443455490313049	2.9082519404062466	1.3349704208058937	1.6594971818444515	370.95672	0.008836009188645	0	0.49344
0.1405013157894737	0.0	1.255741498748442	2.0196876558481254	1.536571371124516	2.112262132212457	1.3693576328736747	1.641482424490519	361.562	0.007163612866349	0	0.4892
0.1226828947368421	0.0	1.2685600941899948	2.4486449355527538	1.578665608494899	3.1788710066790054	1.2760875457060803	1.747864591228588	436.64376	0.0069472582971173	0	0.49212
0.1614249999999999	0.0	1.332920289459112	2.272531062913812	1.3561588233369315	4.002196389624452	1.5000859946443708	1.830372980082676	498.92264	0.0090700129692344	1	0.50024
0.266675	0.0	1.5752791359806224	2.747340949822508	1.6214871316623938	3.6733721078173	1.3271114641584318	2.344317966679288	480.07648	0.0090194556152469	0	0.4878
0.2062407894736842	0.0	1.5081776115628378	2.5181779518920564	1.505269309202987	3.78339335064065	1.3720505552121744	1.932807468232488	510.6626	0.0103558112031221	0	0.51244
0.2373181578947368	0.0	1.54056558136956	2.497833299000808	1.693030667840032	3.4678421178704184	1.3616968976848671	1.9890763660227968	542.58092	0.010221521562443	0	0.50584
0.5059173684210526	0.0	3.5588505562634887	3.2380405631473947	10.884234469050934	2.2732554344278344	1.598803821814121	2.864029925502372	433.25388	0.0120212341087705	0	0.49756
0.1874078947368421	0.0	1.5153782594130158	3.460108824555284	2.4700779169099825	2.728465736728967	1.360634170349131	2.203999601887056	400.34132	0.0076942726560901	0	0.4924
0.6375671052631579	0.0	3.591697038185423	3.651225321932113	10.485280866267942	2.4617546489510653	1.903732246173542	2.9464047299548035	456.70108	0.0102107127424548	3	0.49072
0.2236118421052631	0.0	2.96042822934215	2.7314169970346285	4.095069110458397	3.426189371436005	1.3620304502076737	1.9724835668247276	458.08064	0.0084012805094087	0	0.48148
0.1282163157894736	0.0	1.413956898263406	1.947351201593824	1.5719715827251883	3.206722881234815	1.4617933427451997	1.929449418116089	465.26132	0.0100494616967439	0	0.5196
0.1690257894736842	0.0	1.5344162065217617	2.153405589977839	1.6037460460038069	3.662839628166226	1.4179467935184638	1.7693651877133103	496.2792	0.0150585336177489	1	0.52936
0.1208107894736842	0.0	1.3904013672382387	2.484854579714894	1.7189183373344874	2.8891523031972737	1.5984643828167482	1.8857557731041263	472.5204	0.0093858178288971	0	0.49696
0.3393760526315789	0.0	1.6788825488069798	2.6480415966778645	2.199996249307695	2.092217015925172	3.5102153648344583	2.8775785849161397	473.29988	0.0087061117003419	0	0.47836
0.1062973684210526	0.0	1.6641279668797	2.6565073535605386	1.8503047329422369	1.4550137106282637	5.909644769781665	2.1330088112658325	447.05588	0.0049856908893585	0	0.3882
0.13576	0.0	1.6563551083443688	2.743715932131622	2.014326160147555	1.573060856343981	6.425009479537684	2.659613974063292	327.99696	0.0046694486830865	0	0.40596
0.4831663157894736	0.2273430533939007	8.312883251405244	2.814496849129583	6.73384276799672	1.4226178179511335	5.534384587625431	2.869779256247561	273.0574	0.0074231621216675	3	0.38888
0.1517657894736842	0.036757739806466	1.607909750265868	2.189686861504602	1.4675198441790804	1.6122588707130652	2.6523893718933915	1.662828611399068	229.21892	0.0027688315312652	0	0.3832
0.1337668421052631	0.022249946566684	1.601333965350586	2.8799205945545463	1.500316067994172	1.47838394840294	2.312685078595369	1.7185915414871966	269.94412	0.0050128416507734	0	0.39472
0.2037305263157894	0.0388371039983871	1.5258666864204002	1.9889981788639397	2.040150494264252	1.3210848871497602	2.3196347836533646	2.4808268799302686	394.38716	0.013542835158916	0	0.52656
0.2838094736842105	0.0313713895979702	1.4173136283649364	2.102931671689331	1.943007876844344	1.6033932630060974	1.7841753305128871	2.2797346936784915	454.6182	0.0141560856882964	0	0.52708
0.5165273684210526	0.0078738256204648	2.683747236523456	2.2783895769869207	2.5311559880625074	1.6225397052951964	1.7139157250658872	2.005560907132657	368.07424	0.0057150973225165	0	0.43516
0.0962342105263157	0.0232523813134148	1.6070785840552757	2.60615702990196	1.498733068063081	2.0270407401758934	1.7080801861773771	1.5235050259965337	309.22084	0.0045792877265285	1	0.39224
0.0425657894736842	0.009003282311451	1.4403307279341528	2.310412962002764	1.6444732651912828	1.662343788712155	2.188171183731307	1.8259792841221971	374.06108	0.0041708113302027	0	0.41048
0.1537210526315789	0.0	1.852368446318126	2.3816523878728577	1.7963555563228453	2.221739510783621	1.7854152732328863	1.7908788554655448	350.4792	0.0044202571502503	0	0.41692
0.1395973684210526	0.0	1.5899004011454363	2.720327915211318	1.4527286907479884	2.097899129059446	1.6455012239778268	1.6663330298227272	307.33884	0.0039538257758231	0	0.39808
0.1120092105263157	0.0210767382488737	1.5126437798798995	2.1769557128982853	1.7345670888971965	1.5723106465486534	1.6585626502805235	1.464490568269174	319.6606	0.0029351458129988	0	0.39648
0.0654828947368421	0.0267479787854587	1.4320302281659998	2.243114805535346	1.3558496139953378	1.9586373111669773	1.551516740687327	1.604844153295799	332.92072	0.0027326641643748	0	0.38016
0.0609368421052631	0.012333333492279	1.2741264966682415	2.239755515679586	1.5440975603433742	1.8726518874830076	1.5137815400830488	1.7533283762943377	335.1398	0.0033857604543075	0	0.39632
0.4182526315789473	0.0	2.9227678771728782	3.174562763244256	4.135683062196697	1.607064223727242	2.0988465593729484	1.8671581888613704	304.73844	0.004251154779371	1	0.3774
0.0968	0.0	1.7537468122329114	2.5265925160128164	1.558161463382031	1.6772836457910796	1.7793529341745031	1.4733997206669835	275.10004	0.0038657479502874	0	0.37424
0.1436052631578947	0.0	1.8670120888270196	2.3467699479400013	1.769610595670312	1.4382755563850136	1.9523672271150252	1.304195333671394	313.10212	0.0038900563256179	1	0.36748
0.1842842105263158	0.0188507638919125	1.6500435554646002	3.3579969354292576	1.8771955214488487	1.5598863334831985	1.9349517783291348	1.8551742663353703	327.91848	0.0025755801962228	0	0.36952
0.0713105263157894	0.0	1.4910449291635903	2.5550978023690774	1.4879942811162694	1.6561286590270088	1.5862927441932893	1.483522729490758	288.29828	0.0026529815942399	0	0.38032
0.2087513157894736	0.004838031577313	1.9220048562796237	2.823629273987001	1.736409265215388	1.525234710008425	1.725154025862602	1.4080185823048148	267.541	0.0033392777952902	0	0.3824
0.0712486842105263	0.0685146170318442	1.6656609422024855	2.6767145917793203	1.4914049512595984	1.336707859614434	1.7483286660197788	1.769500450957031	308.06076	0.003373044713157	0	0.39336
0.1238184210526315	0.0	1.4682467004846056	2.7410500309616816	1.3362748929817492	1.7224263924473762	1.8587514625495472	1.716476824073812	341.78044	0.0047136934534942	0	0.37524
0.2503026315789473	0.0508625984191894	3.107686949625712	2.6310425039256904	2.9895067482503994	1.75928488517727	1.8815205069749088	2.034456868603475	312.2796	0.0078334652165016	0	0.38668
0.2004944736842105	0.0508625984191894	1.6184448477870237	2.3855150112448382	1.6120013555838553	1.4203305917866975	1.663579333585914	1.600477910370135	299.05972	0.003479884774606	0	0.38288
0.0868160526315789	0.010713126838013	1.392665666181423	2.6784372858122	1.5264060020774577	1.538303740459536	1.5787026504533417	1.8061414238360656	324.40128	0.0029614224915469	0	0.3608
0.0979881578947368	0.0148000001907348	1.4405355937253488	2.2268952790869783	1.4166540722508283	1.7176891512579155	1.6367470736441114	1.7314501797589552	304.41724	0.0030098567514822	0	0.39272
0.0502344736842105	0.1077747048274353	1.8604537193969692	2.649475859259044	1.791645477913261	1.4487341816524697	1.9438386565070875	1.6011328056813776	285.96168	0.0029587106809107	0	0.40432
0.3487457894736842	0.1603343874909157	2.2600282586970675	3.282926253687316	6.15084365799884	1.6536107147788466	2.297059164890146	2.188488356394576	324.00112	0.0034903417038391	0	0.3784
0.2011157894736842	0.0	1.9287010878331816	2.6106617625071022	1.6014678952787489	1.488575185825972	2.0063386494740416	1.5996649492168578	293.17724	0.0029758212580926	0	0.37176
0.1903473684210526	0.0021099999547004	2.045331279003933	2.217744483138214	1.9415904986013253	1.505037417878309	1.8863756425913831	1.8621897050875424	263.39888	0.0033032104690285	0	0.37988
0.1814063157894737	0.0	1.490579395509372	2.293398980473386	1.9116973134842563	1.364978514490021	1.9076671085324632	1.572703623294068	221.617	0.0034823967353561	1	0.39688
0.2337465789473684	0.0122054100731212	3.484099099163785	3.197886446356034	2.670813836650147	1.5276982544896611	1.9284359623596992	1.7534624282952491	171.021	0.0030898863595373	1	0.40956
0.1684071052631579	0.0	3.7174626801091786	3.6754276887373134	2.471154252697759	2.5031071317760736	3.1212561555174445	2.700475602637346	228.98388	0.0034466184591195	0	0.46384
0.1017544736842105	0.0	1.4180436565391012	2.2463185463505715	1.5583569576800491	1.3341769789898712	4.7039322993585495	1.7077459869848155	293.0404	0.0036059288184607	0	0.42424
0.8530513157894737	0.0805546175961906	7.95025868316134	2.2965417508353942	5.85347074552657	1.6052081510188767	3.994426928783383	2.420395639062654	253.8566	0.0078086551693958	2	0.45976
0.5392278947368421	0.1104972893441686	5.239313100341732	2.709592840106645	4.260895424223432	1.4992627543706265	2.6048191305669883	2.4321668269892527	212.04032	0.0077922953234525	1	0.46828
0.700896842105263	0.8167506679316288	11.271540887560974	2.546912134033877	14.137928906576471	1.285968033405267	6.320103814602475	7.020155588484336	252.16256	0.0082628086842508	2	0.43704
0.3356976315789473	0.0365313242723264	2.122373223819148	2.5685525941175187	3.3650686260533367	1.6670998048983767	2.22230270495057	2.386183736290934	293.29988	0.0056536239131057	1	0.45384
0.2291513157894737	0.0242252280804584	1.4490758692822172	2.301450337339708	1.6730350331420996	1.9856133775586555	1.7185465214848952	1.4880395858632134	288.92008	0.0055413444640531	1	0.46924
0.2299171052631579	0.0251722738326001	2.0325411828261184	2.8018453273297124	2.329205647490714	1.972399205179155	1.469768337576276	1.8915520604081135	329.78412	0.0073930449732436	0	0.45012
0.3648381578947369	0.0282175019626925	3.8421232546391297	2.5318477871140703	2.746420062777974	1.69659885300332	2.475535297243945	2.615939433028824	421.56352	0.0100205248939815	1	0.47208
0.2998160526315789	0.024306221871307	1.950160659826087	2.461910878061897	1.9996136270458769	1.5883195585428442	2.3357551268895422	2.0303980387179266	469.21948	0.0068585372049492	0	0.45204
0.1698260526315789	0.0233776761457253	1.8567039568208483	2.757743147115808	2.0335728068094023	1.5849554154781027	2.136726650024984	2.094521388100286	480.50108	0.0064607294669922	0	0.42716
0.1669078947368421	0.0229670414540479	1.7999892136449636	2.5348984168572506	1.7773592997922725	1.7090495971559403	2.528262155404762	2.076641413636636	506.76184	0.0057240854459825	0	0.4366
0.2495026315789473	0.0316642818393295	1.3818164134497597	2.486708469982159	1.6282329174732153	1.429320982616502	2.991361097003555	1.7045256726337228	528.38028	0.006651793712395	1	0.44564
0.2591842105263158	0.0176171429303227	2.372776572344669	2.583574969070749	3.8423557090645306	1.57647513133744	2.629123539157301	2.039785166781202	552.05868	0.007719004881417	0	0.4528
0.4225052631578947	0.0633649842445328	2.6845719066669727	2.212338849033342	3.5769077763241603	1.5105362104247426	3.3698645360752657	2.9246190011614406	501.63984	0.0095033017981052	1	0.49408
0.5119105263157895	0.0485806083659539	3.623009327391564	2.3899949716497826	2.696445325254007	2.193968862603456	1.8054816957197943	2.160665465951374	472.65964	0.0143253129694041	2	0.47716
0.2084263157894737	0.0437850366889051	2.9353148145775085	2.716593769628911	4.632855377710539	1.5748251340170272	2.6570158645156967	2.21946395630629	466.77724	0.0058906276065111	0	0.41768
0.2303894736842105	0.0374264598668098	2.185730694154877	2.885732410228922	4.041877879674737	1.9031667366835268	2.3024807314643203	2.1010864851492355	410.37876	0.0049207538701856	1	0.43012
0.4749710526315789	0.2765297365142	2.427746970936686	2.52071960929858	7.405831460582191	1.677880110278506	2.813703396312635	3.465231208508816	425.82364	0.0088447650110721	1	0.49344
0.6052118421052631	0.0148000001907348	3.824597700033876	2.8450256790945097	4.965213706584668	2.0017645579011547	1.6490592334494776	2.137728776470024	502.44208	0.006345391317343	0	0.47912
0.645853947368421	0.0148000001907348	4.113764272385394	2.842841279124579	7.361038592154183	1.8253002331369612	2.1217333109319	3.3189536110277045	615.9046	0.0106329584664982	2	0.48308
0.3592434210526315	0.0357964967842291	5.884913945725748	1.958992281655656	4.132276993154332	1.9547206204741896	2.095761140012124	3.4479813847348084	677.2808	0.0140105039956639	0	0.55788
0.2582486842105263	0.0384837928154791	1.480304828523315	2.767941451254419	1.531855335782016	1.664028179443816	1.684809336332141	2.1438705023935154	643.956	0.008700426965461	0	0.48712
0.6858421052631579	1.5362628654307475	12.882213432111758	2.745161649307174	20.20316056355006	1.9184647781986373	7.844219082305402	7.136234651520049	550.06076	0.0139300839360671	3	0.50352
0.19787	1.6085463602035757	1.8447106301325	2.648275128487049	2.433722510287657	1.5625747912420278	6.967193604277138	4.881971020181205	606.52544	0.0077006638757621	0	0.46384
0.5677855263157895	0.2097319437911367	5.491417101049445	2.398745169538633	5.25478583254744	1.819958272644963	2.274028542513712	3.2831468942478206	831.76408	0.025570586022419	3	0.57572
0.1658392105263158	0.0	1.4082311063254458	1.9668958477846887	1.7483638247931623	1.5278655451279577	5.121201312892894	2.7866401978215314	737.79136	0.0134251567517308	1	0.54828
0.2080423684210526	0.0148000001907348	1.9959307078071928	2.3645309542934267	3.178264434705686	1.8611712392725333	4.786175791285693	2.5701904167317	556.23568	0.0079380570527911	0	0.48628
0.4295918421052631	0.0	5.315460231229502	2.745368442715326	4.642183845616836	2.070986547254009	3.5402495529919893	2.593368466646229	485.67784	0.0111342801818602	0	0.47864
0.1609171052631579	0.001147286836491	2.145163612508427	2.806020531502082	1.957217192872882	3.0828488312653928	1.8956417977213955	1.8182889809812008	389.19696	0.0077442635506391	2	0.44424
0.1779881578947368	0.0	1.5754135296937153	2.3735049171648366	1.434873068373291	3.223007804337358	1.5467025753240191	1.9055790994717967	445.24552	0.0061003684077893	1	0.4488
0.3779192105263158	0.0	3.4151186186731	2.0044263555058697	2.229671759114596	2.3083677473939006	2.310938454823221	2.175198278294397	532.33924	0.012076758113819	2	0.51708
0.5796281578947368	0.6941727995100749	3.7834031910957657	2.1442481460774903	3.886738179145538	1.796928774126029	2.679148483768284	2.686540652159114	494.17972	0.0103813130867481	0	0.49384
0.3050210526315789	0.0	1.54926027073643	2.1337179156145067	2.528587483376456	1.502216007939036	5.546478210428275	3.0601450666869474	460.32032	0.0076223533507305	0	0.47068
0.3381684210526316	0.0177634062125668	4.393047644098424	2.208211101540868	4.460305824869248	1.4256195854604323	4.951050775366973	2.689078959741712	517.781	0.0085643202135843	2	0.47244
0.4703457894736842	0.0	5.801790217573847	2.2131436569270013	3.8146346020906376	1.674143085512452	3.50713854868158	2.7184250685871056	502.69844	0.0061991741248088	0	0.4946
0.9699068421052632	0.0663711716456966	8.659561809867906	2.7508534111233867	5.9644584207162	1.6518966603776846	1.7683899840781605	2.3748041169080043	428.47864	0.0141356067254964	2	0.5078
0.3275915789473684	0.0521027710856471	3.3998642918842625	2.9945788701802587	3.63060786109306	1.394922165947964	3.224132126914453	2.4961628860683645	492.46252	0.0059955367892629	1	0.4402
0.1588926315789473	0.0803787228611947	1.7877587721049353	2.4341309741366706	2.141726526467321	1.6614764465841634	3.958704909862688	2.1114985732805263	585.08312	0.0055235422781285	0	0.4322
0.1887681578947368	0.2202545041970399	1.4681327392388492	2.223963353583103	1.6818396232808317	1.4551796717516965	5.137276249370282	2.3818794578038727	680.70548	0.0066709523989523	0	0.45452
0.2826160526315789	0.1468733452276198	1.4811010371894913	1.931576901247156	1.5640533564030756	1.4364153338128574	3.029961025399248	2.8295371240804146	713.29852	0.01205056693887	0	0.51728
0.3258497368421053	0.0148000001907348	1.656337436625003	1.7801908995841915	1.6278186090515243	3.2018947035947654	1.2511117501419804	2.2668576548227786	625.09668	0.0215587580418236	3	0.6032
0.2978081578947368	0.0	1.6811345853080433	2.1882345429899392	2.519540988472239	1.8881421141377916	2.032258056419209	2.6764858320234506	557.95792	0.0136505449704562	0	0.55712
0.7453592105263157	3.150884257277397	11.94763450526166	2.2301262177856698	11.146120907061832	1.840010335711872	3.286432017495622	3.3450076688355805	549.41916	0.0117617378734841	3	0.48456
0.6493565789473684	0.0959783811826963	2.6154468740860746	2.164014214404068	4.6827447345554525	1.781922638580454	3.985820702370189	3.5303719548454997	558.40112	0.0117026659187499	0	0.5142
0.6162328947368422	0.0	1.8977348690115017	2.078326397181295	2.918077514435772	1.5933664463691966	5.048024995571017	3.522920183696468	530.69924	0.0094751595358988	0	0.47592
0.6313697368421053	0.0	4.8253654507642025	2.954192514453724	3.23827418072275	1.8623595636404269	3.189054722534588	2.88493079549404	503.95752	0.0088794897050191	1	0.466
0.2109855263157895	0.0	1.898765194619304	2.0363273201822194	1.6414638261671004	1.7196549536912218	1.5272408279457097	1.786748695233115	446.49724	0.0057971645880622	0	0.44408
0.4863065789473684	0.0294184887146099	4.631604364735149	2.442935251535268	3.435429053840154	1.5223832003906883	2.213319009423722	2.563338234317896	440.34092	0.0057204096375493	2	0.41484
0.397007894736842	0.0170885222613398	2.8974756621644757	2.90489102457148	3.080860882134877	1.5161506500469106	2.0534382828398154	2.092156269946971	392.81796	0.0035573911779417	0	0.384
0.3303763157894737	0.0287284457567826	2.8300005703358733	3.1089867443119923	2.69952536310499	2.038119775646825	2.2477676543969	2.485145420325821	378.77996	0.0054045867878549	1	0.39236
0.2450921052631579	0.0528812769254221	2.2791367515406287	2.2932760083016377	3.106529970124723	1.662372034956305	2.8221891484683583	1.9262702474223687	440.14412	0.0036236960946637	0	0.3858
0.2167657894736842	0.1058276094244046	1.8298298563792743	2.201870677614946	2.669709642964143	1.569684876593144	3.76647821124018	2.1263145380434785	482.42292	0.0053884434371485	0	0.4068
0.1384092105263157	0.2598866699896558	1.8133890300331827	2.2126792583550685	2.3457366773714465	1.3925744989851216	5.21239258526515	2.981203366058906	582.78164	0.0071643019763336	0	0.46348
0.1607565789473684	0.1980945708610395	1.972220391851475	2.291161889489308	1.6858513360962455	3.2594341007751493	1.7741228293712912	2.411792050006603	526.17348	0.0077997978017961	1	0.46536
0.0699710526315789	0.0036030594072385	1.378569352477211	3.331406090349572	1.3184943452730726	2.7447228239485915	1.5999475959648892	1.300648005878816	371.23368	0.0041113357196309	2	0.41856
0.1797947368421052	0.0	1.5411033582963587	3.4931824399950258	1.3374582922743077	2.14026889026386	1.3518526469120309	1.4815480896970086	305.42068	0.0042868365987784	1	0.39032
0.1128157894736842	0.0	1.6564926552092951	2.4211408244704864	1.601164271041595	2.9834526941109094	1.4874289833325978	1.454288531553398	306.90172	0.0038027777703719	0	0.379
0.1185894736842105	0.0	1.614284088549295	2.7283709126574847	1.7130374052658814	2.4426884009261336	1.5386307898259703	1.5527756379014888	318.79824	0.0033554715824039	1	0.36828
0.0684631578947368	0.0	1.6228820405750806	2.677165752394899	1.464671421526906	2.9832163595990004	1.5562267903964226	1.4613822156713534	307.2808	0.0042850873640442	0	0.3788
0.3946210526315789	0.0	2.1775440666489296	2.915790360815656	3.1836971560181504	2.821823633286734	1.6823228516604145	2.0219590874094866	325.34116	0.0060997245938812	0	0.4288
0.5549868421052632	0.0	2.518101410450248	2.637067601694492	4.131655081344996	2.7242168175631694	1.4082495750359685	4.79817945436038	345.04096	0.0127470315426062	1	0.51552
0.2762578947368421	0.0148000001907348	2.297316186823486	2.120304968653403	1.6836205859109734	2.778292075109724	1.5515928814956923	2.032037983448185	409.86372	0.0172806286632313	3	0.56152
0.3584305263157895	0.0	1.860681379014293	2.119576596712238	2.064955591038774	2.3280478859634	1.6589805401365731	2.3107325895669493	489.14132	0.0160845537435657	1	0.55696
0.7008984210526318	0.0288213330488808	4.754323250758352	1.9761119295115184	3.063006073765873	1.6813422527925737	2.570063751548742	3.1335334793445435	492.03944	0.0213186429521266	2	0.56384
0.5683097368421053	0.0148000001907348	4.327547335760272	2.3462593176694884	3.843011411580228	1.6542468675019997	3.176477997926856	2.8678808819007573	454.69892	0.0160965619291978	1	0.50652
0.2545902631578947	0.0303384478592411	3.3106082542183217	2.3607992109587546	3.140779338320276	1.5917386795713793	7.187825017753018	3.8288910152769993	454.8392	0.0087283587223642	0	0.4868
0.3575944736842105	0.033311637857986	7.206853055175896	2.298912830105208	4.650411772382881	2.098696714634809	2.2775799554826617	3.778894339466709	433.97956	0.0147143580925464	3	0.53752
0.5294055263157895	0.0	2.815337183308835	3.0134840251015413	3.1347642920296472	1.9439902975527903	2.320671683579399	3.4317680974114	437.90012	0.0190796755026017	1	0.55336
1.3922	0.2859206644680827	14.00723829665242	2.877780119423955	21.507344253303007	1.6547611971862513	4.773973059437616	4.826695177479812	419.68	0.0095293193731588	7	0.5012
0.71871	0.2239201112804446	3.0694604604750424	2.72278402784986	4.471267043237261	1.7608161258169948	1.8872108764807825	2.886512070697783	387.93996	0.0107310252891217	3	0.50768
0.2229002631578947	0.017075384580172	1.5689193287112029	2.3595668407362	1.588218761163122	3.182964714216142	1.5386552074012274	1.890861149785836	416.37804	0.0081520864904628	1	0.48348
0.2449792105263158	0.0	1.6506364125573991	2.627317659005453	2.1125910117227265	3.1402306502664583	1.5059377148341455	2.064696645461915	353.17708	0.0103770487168957	3	0.4982
0.3550276315789473	0.0	2.1146227087595486	2.8655353957475307	3.3708592409832865	1.8294230510217184	1.3814388486709297	2.261496978989567	291.69996	0.0091318736161203	0	0.48812
0.225703947368421	0.0	3.04547374136718	1.948932784615347	2.0247091745368144	2.066748877725406	1.916825774828524	2.1847151373896607	293.10036	0.0102288574136355	2	0.50936
0.2809292105263158	0.0	1.973167825845813	2.1899623829011023	1.5676900364937811	2.4948793093747232	2.085723112430396	3.2101817239760155	399.20336	0.0132377446360097	1	0.54192
0.6885455263157895	0.0329666526825316	9.880184001998575	2.2294280865400324	9.703234676404662	1.7836228828270784	5.110324988421186	3.500217114621546	390.79984	0.0143961165834875	1	0.50384
0.5987560526315789	0.0458457967764984	3.796486230603644	2.072657070291828	5.209567582194588	1.625774504445776	1.9183260633729604	2.5521228170300194	263.23456	0.008593719197722	2	0.50564
0.4004523684210527	0.0397322494720941	2.8808746608367075	2.3060324500158305	2.4334080379758984	1.6696566231499277	1.4671724385681104	2.1596719268214497	255.45964	0.015046796594788	2	0.53344
0.6264118421052631	0.0227679300143963	5.322644418020029	2.310249607423076	3.040122065083127	1.921749307052664	1.690930310639906	2.2908738523247965	282.98132	0.0128171887134453	1	0.47544
0.1999892105263158	0.0303014527118716	2.7784817158009933	2.4470801239604034	1.6317000834023307	2.208104223854758	1.5710927868065008	2.321169193793518	280.09948	0.0074443491717296	1	0.47872
0.2066026315789473	0.0148000001907348	2.138299270088329	2.355502268611528	2.37506519739538	1.889963606088458	1.812042857142857	1.8878478336834927	247.92072	0.0049296795897799	0	0.45828
0.3674263157894737	0.0320434798348887	2.1018220047681284	2.3016833381081674	3.0234149941449777	1.6815915790607208	1.6824044770358937	1.799343997807061	297.92328	0.0060933138791077	1	0.46644
0.1789565789473684	0.0245892844372115	1.2948292664530103	2.4024847014138	1.3831304226725447	3.0898814926878466	1.38268366646745	1.6427500141409557	354.4194	0.0073516762425969	0	0.48216
0.2012723684210526	0.0181944253014736	1.4963727323788438	2.4424382891524874	1.393159602093252	3.350551013153217	1.3087960112557633	1.627143121764926	357.90124	0.0066201095077921	0	0.46824
0.2827657894736842	0.0202702741100363	1.3471270459689817	2.313166764939802	1.5736417590874308	4.329881280894047	1.391698113207547	1.706924259171013	397.43944	0.0104462886143782	0	0.49332
0.0857973684210526	0.001409523827689	1.4826848690328462	2.344467257542671	1.5031773961815522	2.921263598407424	1.536810445006494	1.366074487088642	346.95744	0.0050085352319478	0	0.4122
0.2111473684210526	0.0476149974725185	1.6808135232686108	2.159009237117976	1.97411847693878	1.9845207360615211	1.4423297086851306	1.706723714446739	360.3042	0.0138190940201282	0	0.55052
0.4231315789473684	0.4936677858406485	7.993733510610966	2.252724658074392	8.344568248298746	1.4711665197498214	4.648359490260351	4.420989570988385	370.57812	0.0131079946184158	1	0.51112
0.2716710526315789	0.5587137782776647	1.489124344674206	2.6357817406781776	1.503508419914482	1.4526401734801828	2.748399600155042	3.3700005811138016	372.28136	0.0091587637973532	1	0.4616
0.186078947368421	0.0233013385862816	1.280282603768637	2.39645313921747	1.8137305882393924	1.5294239248726982	7.290773845984703	2.694815802273423	395.58044	0.0072144691073894	0	0.47276
0.6580855263157894	2.692785600094316	9.546849349570133	5.622357908901028	7.214115128908618	1.4393507793357876	7.073662053831341	4.407955413404621	345.7168	0.0107660758364551	4	0.41636
0.2098802631578947	0.1384382261793352	1.8087831434874917	3.177731809181493	1.7048198042894889	2.193696094195036	1.7047755319858582	1.7802118814536676	321.95784	0.0045853115757247	0	0.42948
0.1379657894736842	0.0	1.7509381641680055	2.724204752657128	1.215035170462202	2.097815316094266	1.3727886780315215	1.262521800437864	239.71744	0.0031402143638712	0	0.456
0.2558710526315789	0.0	2.027543103780207	2.8165038427551403	2.935010697248704	2.124176786326088	1.4540369725700697	1.8379404403542488	265.46316	0.0066841536828612	0	0.4702
0.5984207894736843	0.0522610477841386	8.229748050418246	2.465423074911292	7.749114921970169	1.935011835592856	2.2965943858576594	2.505273360537583	354.34684	0.0060879804083354	2	0.48536
0.7798171052631578	0.2323960684408206	8.564928282639825	2.204062657366092	8.056466303353034	1.5853869132601082	3.632295095495264	5.536232530771845	444.842	0.0263792705228048	1	0.58156
0.4530928947368421	0.1395183219473759	3.615444353598281	2.3192271770731305	2.9581175499518557	1.8846787864117915	2.010947023884194	2.825178582717525	459.79416	0.017928189938419	3	0.52668
0.2710586842105263	0.1202432329584614	1.8736211254935835	2.8177841254313325	2.147400261485908	2.1842465688668984	1.4977979038847815	1.8490529983395487	314.55496	0.0113515663549128	1	0.5134
0.3737552631578947	0.0414554075668895	5.640208741772935	2.3094132715498445	2.7780547914109524	1.5869765057667664	2.495787990292022	2.012454219112101	289.40368	0.0072832453146226	3	0.44216
0.1506184210526315	0.163228875428122	1.765213680547027	2.2165092321810267	2.046531430479772	1.5353723252496434	2.996033017813222	2.0263388097051465	345.18132	0.0056521741336408	1	0.45648
0.3835802631578947	0.2040368212268875	5.769819039954663	2.4928215074196487	3.502430523598819	1.653247706422018	3.473869097888676	2.349963308837353	303.756	0.0111158774248642	3	0.466
0.2845565789473684	0.0319348241327241	2.1886014763995854	2.3541888464713687	2.821992371755271	1.816355413029996	3.6162248940641466	2.2214461036327102	280.86172	0.0087250544542424	0	0.46312
0.0785842105263158	0.1342500905147822	1.4105140051108238	2.060077579721399	1.930695647129656	1.8309766300732235	3.82427443273182	2.432075923921448	306.24	0.007989291207615	0	0.49452
0.5979926315789473	0.060241342545506	5.045318513561	2.542288266646278	3.8815078742603055	1.8545555688149191	1.830072629544899	3.620116615698267	283.18028	0.0122719763642549	3	0.46828
0.1584973684210526	0.0247681254067341	1.3866947493432509	2.5032664825027675	1.4717919600996905	2.058320299217953	1.9779589839405665	1.7119978627721624	360.40512	0.0053663499720657	0	0.4566
0.3052731578947368	0.028100099018186	3.066381428600637	2.1761030631385965	2.216602012148398	1.7349148826647782	3.631321654309647	2.477315770736917	396.89588	0.0165893533462636	2	0.52416
0.1634697368421052	0.0	1.4480639576026584	1.9472841527862368	1.422963382990852	1.732637202291227	1.5248097995410266	1.3386488048298473	253.114	0.0039584423048443	0	0.46576
0.3987239473684211	0.9984801651595476	8.024073466582985	2.462762978488005	6.832449614523436	1.8658211769375808	2.3237997321196717	3.423346805591605	212.6214	0.0072257326180707	2	0.44792
0.1082563157894736	0.8955807826657434	1.5487656975305146	1.871382154911238	5.654425015683255	1.4101201563127717	4.821361447480751	2.22031040093454	257.4824	0.0040922722585586	0	0.44148
0.1578421052631579	0.13988008448089	1.4250106765010837	2.3026228170088774	1.8152474925001152	1.2513962366249851	5.850488595168586	3.72812442270644	292.96056	0.0061821866277561	1	0.44308
0.0970881578947368	0.0283158306197639	1.5799725786261076	2.0836729874181668	1.6848129901246391	1.5459011181463025	4.902670531400966	2.0772118669935704	263.57844	0.0046163350458355	2	0.4278
0.8147881578947369	0.04095505971214	13.26644990014311	2.7605882898796748	11.682137642743484	1.5059759036144575	4.114298004540566	3.337505562720674	232.81924	0.0116695128160013	2	0.46976
0.1213576315789473	0.0894208544257967	1.679197220193537	2.3164939059324072	2.0039611543944016	1.5759617682198324	3.1086465026180017	1.5914965020954033	252.98028	0.003100708773925	1	0.43188
0.1177002631578947	0.0710885136350637	1.8145025480455568	2.21857210757276	2.2114976533977995	1.3007954486735631	3.059181877133935	1.8722484507308768	255.76064	0.0037712037090168	1	0.44644
0.1607105263157894	0.0868740318794628	1.886756193742254	2.148334222687595	3.2125243671956363	1.5867741522985443	3.586207942720636	2.090613688020877	271.03992	0.0054848730680872	1	0.43892
0.4656210526315789	0.0742553874027845	3.604982096858057	3.319644137784488	7.513926454029462	1.8969415309464843	4.250836141691006	2.5169715473108667	340.36656	0.0064142606299414	0	0.48232
0.4643105263157894	0.1241530534199538	4.618811090765955	2.4045961304128847	8.14712719488683	1.809367266140396	4.795572049239682	7.111938295002193	463.02228	0.0166318087746465	0	0.56848
0.5306368421052632	0.0234861903720431	5.750932227339987	2.212216029348114	6.738943309996736	1.8779857738505836	3.423244081120481	3.24248116641685	425.91464	0.0110150239315453	0	0.4914
0.5782960526315789	0.0	9.421833398000418	2.526058507149416	6.17230237179272	1.836691459908854	2.148731222024246	2.9531806355743924	332.16	0.0081943398911812	1	0.4776
0.1436144736842105	0.0	1.5471958292936767	2.0366120019346923	1.85809171486828	1.4946610690935989	3.75861268689676	2.438859431998118	331.10004	0.0040055852528004	0	0.45264
0.1416447368421052	0.0	1.5710913814055163	2.327168489886648	1.7687214918702852	1.8249982864836671	5.457576002230793	2.5168165652414447	312.4174	0.0041361781700919	0	0.449
0.9629842105263158	0.0794694391543653	8.1937374105952	2.353469108001515	13.221121763798536	1.8113117870722435	4.101426798932311	5.1186171182670215	265.47992	0.0082347177902565	2	0.45764
0.3398026315789473	0.0753767261000682	6.811863490941168	2.1831046547054678	4.716484600170449	1.3302218070037972	3.6418140970673982	2.580757001462753	258.76024	0.0052377033615988	1	0.4526
0.2005105263157894	0.0747916084762228	1.59665495208755	2.1612341927368384	1.9708583207651105	1.4595300398526203	3.5422666283142417	1.806401331359348	337.96368	0.0038939136878707	0	0.43604
0.0813960526315789	0.1088233303333988	1.6085920253539563	2.1610832144456364	1.6799544196931933	1.5963424771404822	4.614218014218681	1.884699176906442	429.08376	0.0047317595028701	1	0.44704
0.1883486842105263	0.0594750425654352	1.5782320497727074	2.1856437371410093	1.821210337582527	1.7284927653109374	4.144162724880423	2.1106765300042145	456.93964	0.0064464784394993	1	0.44536
0.3907631578947368	0.0587707161365701	2.2065306249562053	2.411376864066728	2.4822393578108453	1.5772253530044955	3.822184237368824	2.3222971859365944	448.99816	0.0065863641661054	0	0.45676
0.7536342105263157	0.0519559401503217	5.086922470759888	2.845161711553008	13.335428871334669	1.7971563981042653	3.5402581195254887	3.591096477433672	425.8404	0.0079895237140971	1	0.46796
0.3644855263157894	0.0379856653414235	2.325513678139437	2.383487535807887	2.5839886691033374	1.7904085257548843	2.323507667439437	2.216149697628521	447.62164	0.0088590987205855	0	0.50004
0.9127776315789472	0.3895361938734024	9.787699531081966	2.889822171064957	14.893593088277727	1.858274175737498	5.6375046332046335	6.119815991237678	471.05924	0.0110617297427882	3	0.48796
0.5313081578947368	4.56832255137632	3.880230691966324	2.4526463755700445	2.379436828087512	1.8663208940327496	3.4312013948431086	2.450380335662228	415.87752	0.0087931244836397	2	0.4876
0.0903118421052631	0.0	1.4663107171620375	2.164957320595666	2.024500130445536	3.213860284101965	1.3768017318846502	1.5498231484739446	370.83808	0.0047181944517177	1	0.4492
0.0984163157894737	0.0283162194575989	1.462201562121754	2.551869595061918	1.2632692647618555	2.3456205064082525	1.5643989914907028	1.7275157819510063	378.68432	0.0037953940440276	0	0.41164
0.2270926315789473	0.0418409234760353	1.666529016253364	2.155816338592486	1.835293558463216	2.9067372177661563	1.532592661049485	1.872289156626506	456.08168	0.0065079922589484	2	0.45628
0.128775	0.0	1.5162279869548487	2.1817898832684826	1.660462574883724	2.8934832143399665	1.5324247760678875	1.5461715086180643	475.43824	0.00485380744033	0	0.4382
0.1709328947368421	0.0	1.4451501214230025	2.298884970360921	1.4164824778943963	2.4998249513458326	1.413515473683575	1.6040159663415567	444.5208	0.0048049687238475	0	0.42
0.0969052631578947	0.0	1.3414940685541286	2.0565203016971343	1.3561212452672706	2.211205801399386	1.4588569025763096	1.721251666792462	408.95544	0.0069156382798973	2	0.4536
0.1580473684210526	0.0208409856742536	2.0122742179796664	2.4420674614466824	1.4910636516754925	2.600219216057143	1.525304967522549	1.867536793678516	319.69828	0.0061183888836117	2	0.43832
0.1713552631578947	0.0	1.563261851604343	2.36840106283036	1.5168963286534674	3.332529285214924	1.2548526989067963	1.6514794693772838	324.50244	0.0070377715992927	2	0.46964
0.08545	0.0	1.2630697362750327	1.9723891223657424	1.5466230502848723	2.8681524533363136	1.3790779344347377	1.5462549832876231	387.78028	0.0085118854384913	3	0.46832
0.124475	0.0	1.3618394101947051	2.1002686422968275	1.5257869301748963	2.868279022798773	1.3478141484211286	1.7002034260901124	372.04	0.0069198184281938	0	0.44444
0.098753947368421	0.0	1.277309271963721	2.269924280039722	1.2905002060184605	2.514920884649611	1.544041257645592	1.7625243729999256	369.30028	0.00533838675094	1	0.4296
0.163315	0.0284011716348424	1.5670226686161577	2.1870019805628487	1.0979108168074811	3.372434507063383	1.4900458123066058	1.5256186309147974	378.67768	0.0055322024671996	2	0.43784
0.0952981578947368	0.0	1.209292227442727	2.1792766622091144	1.4621094957541771	2.5249489531060734	1.1627460287672895	1.5680148230560425	319.12064	0.0035031911347017	1	0.4088
0.1448394736842105	0.0207735763061788	1.1947404251153873	2.2057605107795992	1.4205216951379211	3.016294923716337	1.3074577534971212	1.6075319499574303	482.02836	0.0080501843280476	0	0.49116
0.08885	0.0216237786916203	1.5158977731191954	2.045579035007731	1.7211784208831682	4.0150027954570575	1.2673586089891935	1.7858013624327571	550.77956	0.0099057459868052	2	0.47668
0.1115355263157894	0.0	2.031031696881142	2.3703965924135155	1.438394537329176	3.1300421955361264	1.6539660041370623	1.844140926465171	378.55312	0.0072087796042596	3	0.44208
0.2082907894736842	0.0	1.5194072366249554	2.105282363519781	1.7393899095555196	1.4651700359545	5.170731201894612	2.8116083482038947	338.01868	0.0056797316766486	3	0.43084
0.3976421052631579	0.0187909534999302	6.33303032904892	2.8288589763220537	5.098549175910501	2.6684455010278394	3.3912886666760365	2.714720094532717	331.27912	0.0060655446144061	1	0.43084
0.0962263157894736	0.0	1.381642431582578	2.151448962252701	1.429842328257961	3.4690087660775863	1.4331850777089703	1.5658616134730703	305.43824	0.0036779625786052	0	0.42508
0.6202581578947368	0.428834211080517	8.606988887115486	2.7259267875470408	7.826008782572087	3.4342928801269843	2.3781606039807826	2.7137860701999243	249.73876	0.009245873889625	2	0.43956
0.2802039473684211	0.7335014248134316	6.033289287807977	2.9874572405929305	3.727431654948793	1.8547136631169412	7.459500697909843	3.2351872364753804	204.33868	0.0044661343345747	0	0.39356
0.1336326315789473	0.0	2.0888752670024027	2.619364854177368	1.6588795924693975	2.383991789828708	1.7009511865458584	1.5304998550650502	291.12592	0.0071678620483945	0	0.45524
0.2280394736842105	0.0203738061749589	2.109294248378907	2.608036128677137	2.3979000145837404	1.9966561592373333	1.626668555775952	2.2248043826974797	409.28432	0.0117739851527354	0	0.49392
0.2062118421052631	0.0212887488258944	3.0035155907319537	2.9348752700117267	5.940096755597694	2.0379983415560297	1.768932644205124	2.399210528196272	399.73732	0.0078351804237505	0	0.46692
0.1607118421052631	0.0148000001907348	1.7885664874485372	4.00980736263787	2.4775655074135665	1.6692283711042808	1.68843538679072	1.5259807923077302	380.57996	0.0064319228721716	1	0.45088
0.1185631578947368	0.0172745893901424	2.7551734840983526	2.686384724369883	2.07510628549949	3.333387135877448	1.6282672112565222	2.389288044432195	366.75888	0.0070876515060312	0	0.48412
0.2049973684210526	0.0179372729677142	2.014955502204855	2.4671807771446725	2.008404731631154	2.2890989379718585	1.489844368414753	2.108479798833134	414.66292	0.0080073616680327	1	0.46056
0.1570710526315789	0.0152574224570362	1.749300182816583	2.549581198666341	1.6418208195240886	3.882112310328382	1.377976593497085	1.8128088549511367	488.94156	0.0074121089912688	0	0.46688
0.0636947368421052	0.0	1.4728842818194017	2.4758245276977267	1.5033710266969935	2.826841886827516	1.3837393653841858	1.6852726790125976	416.13644	0.0050590267856506	0	0.42792
0.1456776315789473	0.0148000001907348	1.3750989920799972	2.86116621253406	1.499604686286569	2.7900720245450774	1.571709360257484	1.529459871638889	387.58212	0.0063392621396043	0	0.45216
0.0520802631578947	0.0	1.3823184262621315	2.304902032371912	1.5075396456113048	3.3008485049356238	1.4203088106838404	1.678954370300509	434.27912	0.0067021228430376	0	0.4726
0.0782736842105263	0.0	1.3093242156973384	2.3644080089189203	1.449878172203366	3.330290850381936	1.4973146664100463	1.6553607091496996	403.739	0.0070437356220273	0	0.47308
0.1328	0.0	1.614989995675432	2.7743640264881826	1.488965599782031	3.6063348368766106	1.304158776912827	1.7166490985925422	389.07992	0.008499219205134	2	0.47204
0.1478302631578947	0.0147999998927116	1.4754975007812052	2.282306024779338	1.4760094258106686	3.4638373395364868	1.4076963967920124	1.6029329209281689	389.38068	0.0077436083654445	1	0.45884
0.2132697368421052	0.064567739313299	1.6303039746463328	2.757638062814694	1.457288892842168	3.3797804595350107	1.442980384502781	1.8144924784676504	380.11904	0.0087622208809151	0	0.47868
0.3818121052631578	0.0698726978537243	2.652805729436111	2.6597924697390747	5.0178890031278645	2.0188070497778576	1.7299218433797157	2.2099651232947304	342.35488	0.0077538234266112	1	0.45448
0.96113	0.0233231108602543	3.1270394822481844	3.060326299511533	5.494998690764106	1.6024299181587462	1.9012559491218464	3.519704997573993	271.6606	0.0087932933747417	0	0.4484
0.1925236842105263	0.0	1.8910695325252187	2.7901658718927917	1.7038541183688731	2.2673981384454174	1.5632059491807664	1.8358354913380333	281.20208	0.0060692150698689	0	0.4494
0.0809184210526315	0.0147329956766158	1.497551197001623	3.198427087439548	1.6184830572320412	2.8751620147577803	1.3852296592610145	1.418198196447312	359.08312	0.0038211040230358	0	0.41968
0.1491394736842105	0.0	1.4164789901214547	2.551788669783157	1.339051933591926	3.402037948989497	1.339501017737715	1.735057869569527	405.7006	0.0053389559149742	0	0.45524
0.1453763157894737	0.0	1.3816823580248858	2.210740647381169	1.4863632578188624	2.810249986494869	1.3798203909138933	1.5732642946522024	381.11768	0.0071484134250879	0	0.47196
0.118053947368421	0.0	1.3800144099410547	1.851174166346092	1.5065155695846255	2.4100209953800573	1.374550760522934	1.5050370911002942	369.65988	0.0050887216575531	1	0.42496
0.161603947368421	0.0	1.5044493897102968	1.929625483450117	1.5433486141588448	2.8165378393964824	1.2832702405298904	1.4200178909484282	361.0198	0.0060021595717002	0	0.46544
0.0631434210526315	0.0	1.4438677512580167	2.0650617024521147	1.2655240619716563	2.3749434771928595	1.2714687032119691	1.5111781355032723	322.87848	0.0074261685136837	1	0.43592
0.1059986842105263	0.0	1.2934052925085602	2.0958934112345573	1.3763297884139336	1.8681422701284487	1.414416393321785	1.3444976688967762	287.21828	0.0034680916709409	0	0.4262
0.0775315789473684	0.0	1.4609309911846982	2.22789007109362	1.3509154721398406	1.9750025821118125	1.3166666666666669	1.6490211920185651	281.80104	0.0047171393072429	2	0.4404
0.0524315789473684	0.0	1.4569001331403229	1.75389949717159	1.1561468240121144	1.514986926105361	1.2198412020831555	1.327251705226741	297.8396	0.0026685532979754	1	0.3962
0.0804368421052631	0.0	1.2417870581635	1.82577108587735	1.1214292371054322	1.452055168250123	1.3636363636363635	1.2651673412558204	258.51896	0.0027535629235821	1	0.40348
0.0832	0.0	1.3486447561171613	2.191285826843793	1.1390668599359448	1.763027391728715	1.3247210804462712	1.3458270474944736	242.5996	0.0030953493439099	0	0.37156
0.0940144736842105	0.0	1.477245958212079	2.181996659494961	1.1808467987315734	2.1210709054123384	1.1467273269996812	1.3456485823576485	249.17972	0.0045709036893879	0	0.43116
0.0827855263157894	0.0	1.4865602310657258	2.05119663377992	1.1943181328106816	1.4338182865153015	1.1638445753309348	1.3178701584172214	278.70284	0.003838772560095	0	0.38328
0.1264210526315789	0.0	1.3731378470015998	1.9291669957464093	1.242368368616758	1.9931014173461716	1.3022025871059506	1.391634315708896	323.1216	0.0057112472918454	0	0.44696
0.1173842105263157	0.0	1.1900428443707276	1.774894110409124	1.33299233535866	2.1531452342377757	1.2154605934451654	1.5228747864932335	357.64104	0.0059778098168793	0	0.475
0.1473197368421052	0.0	1.2365305649661134	1.7154369259889872	1.4228740800672153	1.998877652845548	1.2323232323232325	1.4771862525557395	408.581	0.0056743047209171	1	0.47524
0.0530907894736842	0.0	1.3796017544778845	2.1216842037134525	1.280933101758824	1.7274000808684022	1.234726688102894	1.364553367518421	371.77676	0.0041191868603404	0	0.45404
0.1303334210526315	0.0837547194282963	1.32958107804516	2.2760522694984973	1.328973045321726	1.1991865184503925	1.1827956989247312	1.323042998897464	311.73972	0.0032134957655212	0	0.39032
0.0409560526315789	0.0	1.293400429320353	2.586697124863499	1.4454102254122616	1.463974526428058	1.2187057114116464	1.400576671035387	306.73972	0.0050238861087665	0	0.442
0.0727302631578947	0.0	1.1483098800369946	2.5398214924661078	1.1707243872824518	1.5907593123209167	1.2555929771559275	1.3555705538777432	320.66036	0.0049933131470224	0	0.4496
0.0614434210526315	0.0	1.2607187507103403	2.634936432973374	1.3880905192182709	1.6216268591638003	1.224013456025155	1.1990399824854272	360.383	0.0044231155226861	1	0.46044
0.0611118421052631	0.0	1.2908704883227178	2.7276112537975896	1.1939436443516118	1.6333541859608984	1.2049824912456228	1.29753323158823	355.03832	0.0036349819650194	0	0.42676
0.0256776315789473	0.0	1.3748429569325094	2.299585335383433	1.2894685519113516	1.5385716727346528	1.1325129003799883	1.2816472491608475	330.8586	0.0041186806468402	0	0.43796
0.1446236842105263	0.0	1.2092377987749257	2.377850212293163	1.5120510877382671	1.436569068596515	1.3095685613671224	1.2815642458100558	327.68112	0.0054888439676165	0	0.44872
0.0675315789473684	0.0	1.2122116425595937	2.521258339209199	1.5757264747109088	1.5835375473619069	1.3255813953488371	1.557328261356008	349.90156	0.0045841693669732	0	0.44572
0.0552842105263157	0.0	1.3333830586244504	2.531265762298536	1.2465179121418588	1.54887519360595	1.2043843996941117	1.3459907344566082	356.8978	0.0046448874483564	0	0.43432
0.1393763157894736	0.0225901530899164	1.1722573915038992	2.611013186785484	1.0543297772373004	1.4184709192286051	1.322411805893966	1.498861170662293	320.33916	0.0041840614503446	0	0.42124
0.0501552631578947	0.0	1.1383400578942506	3.19939480903968	1.2433632535452133	1.4175094102269266	1.3103255175662734	1.2342522562090152	301.26084	0.0046800843328237	0	0.44548
0.0606447368421052	0.0	1.1530038317749889	2.7835441292561103	1.2547274468320408	1.3069653424105772	1.2267990342568675	1.1619252668476656	312.45956	0.0040627565365854	0	0.43412
0.0714986842105263	0.0	1.331513257768592	3.0650800115363435	1.1695223002168065	1.320694936764255	1.240799630929322	1.3857096978249233	339.92128	0.0034322635822962	0	0.4288
0.085353947368421	0.0	1.2809583639555728	3.334314607564368	1.1735119256018387	1.6624685138539042	1.191363974800819	1.1965301252910825	393.62348	0.004591894182107	1	0.44248
0.0780815789473684	0.0	1.2374586967663148	3.1651914998157475	1.2270437489970487	1.4527213219445996	1.3975235370732495	1.3870828635494128	440.92024	0.004970325424899	2	0.45628
0.1223842105263157	0.0	1.2891758441379118	2.85570106077721	1.3945075491963947	1.2985793517111046	1.3476236233276664	1.404765528568077	427.01908	0.0053938628207059	0	0.44612
0.0642073684210526	0.0	1.2591862049034823	2.9374794445839534	1.315239308424599	1.357318712653631	1.2468833244539157	1.2866183574879226	379.85708	0.0039831409536915	0	0.45232
0.05679	0.0	1.251437712785594	2.707230460320312	1.4833923036400456	1.291682355659827	1.251736266873037	1.1615602233378937	307.25756	0.0034757775648902	0	0.4248
0.0997894736842105	0.0	1.2794190127308436	2.777513140261215	1.1635966435197127	1.7641096880772704	1.2511148886017998	1.4392771894260776	316.20232	0.0047081808566521	0	0.44368
0.0560973684210526	0.0115625010803341	1.1975994163381567	2.2028154434890843	1.4383126936913904	1.6306327795427318	1.1869215465790155	1.3717860188941178	370.98196	0.00417631499457	0	0.445
0.0229131578947368	0.0147999989986419	1.54166870225209	1.9715224576269328	1.2677213924930748	1.7636180930891536	1.2464438476153463	1.403946658052903	397.76008	0.0055632287590118	0	0.46712
0.0728	0.0	1.2981181817954142	2.1695914587124223	1.116184685412627	1.5820670935146874	1.2881686833651331	1.345764222880928	366.49884	0.0051863733751984	0	0.45736
0.2872	0.0	1.449156061468577	2.0593597485412034	1.2885563954117203	1.9909162630024797	1.2876553493563567	1.5228714052612626	375.30124	0.0097181406741282	2	0.47252
0.0626657894736842	0.0	1.3836839667044447	2.5481772692670703	1.217601326648829	1.1981981611984878	1.405632639208031	1.2576981869813089	378.27728	0.0037783337458266	0	0.43
0.0888776315789473	0.0	1.2951015979245577	3.118551668033578	1.0295534229335292	1.4698162729658792	1.3459214299364448	1.3160720652866305	290.75712	0.0037903825637698	0	0.40212
0.0837828947368421	0.0	1.264172397747171	2.977501169509254	1.2017078232410523	1.3642096766056202	1.2203273675295478	1.2103545341242938	275.62172	0.0040758624507048	0	0.42148
0.0491723684210526	0.0	1.3456717118382022	2.8228566164745805	1.1736789349659384	1.4197964322445649	1.3905914660507297	1.1860175006349176	306.08248	0.0029065167858846	1	0.4204
0.0309960526315789	0.0	1.3063986599900006	3.00688815133119	1.0715598585552253	1.255083459498906	1.2544312420000217	1.3858551288917729	369.34188	0.0032565172549994	0	0.3894
0.0285052631578947	0.0	1.1774152308984094	3.07476672687756	1.3298994255982797	1.3118188136608748	1.2947942635697185	1.2187799013540994	380.61796	0.0047387036920733	0	0.43712
0.0598736842105263	0.0	1.277947778485521	3.085865787656166	1.0795746557124448	1.2151249025648638	1.2647212634661644	1.2593360919844978	324.05644	0.0041650466307121	0	0.42788
0.0985447368421052	0.0	1.398269140268503	3.330751076572356	1.2253434404464132	1.304993449750227	1.252725123670271	1.2550477617531373	286.3414	0.0040336196863651	0	0.407
0.0872684210526315	0.0	1.2055176815431785	3.365435635630674	1.2506849513428082	1.5545792262419804	1.287404285524156	1.3182462398436487	304.78148	0.0036261018775315	0	0.40568
0.0631131578947368	0.0	1.19141338079489	3.1325904964423	1.0956730689420475	1.2946253236554657	1.4154323017395494	1.3445180594144048	364.48032	0.0036381288618901	0	0.4174
0.0824947368421052	0.0	1.2111908083633955	3.1126078511570268	1.1237243113409223	1.3646970540334382	1.275280214071361	1.34713216957606	327.0772	0.0035907276593148	0	0.411
0.0632434210526315	0.0290489022324724	1.278978496539045	3.152204315424254	1.35948040592456	1.444743935309973	1.146885579295892	1.3259611681279593	247.29844	0.0031227285790706	1	0.41156
0.0566618421052631	0.0	1.2729403269985011	2.8273924952477887	1.299646925051268	1.2370406352171883	1.2531926036337266	1.241005520339033	246.20184	0.0026569347433219	0	0.37852
0.046875	0.0	1.283317926141843	3.395234068691753	1.2356047223043087	1.284638418405688	1.38077474892396	1.3078782826177573	304.42124	0.0033175631817211	0	0.38804
0.025925	0.0	1.3913961028437911	3.417409242291187	1.3103967293019714	1.6318135070277682	1.3639344262295083	1.419135543432648	332.08	0.0038127144500437	0	0.41768
0.1186381578947368	0.0	1.3550841721870968	2.956320185418109	1.3987990679770033	1.481831290067086	1.554858934169279	1.4506678155967256	300.90092	0.0042619445588658	0	0.41236
0.1341644736842105	0.0148000001907348	1.3172815762999188	3.2204797265680627	1.4294472499338051	1.3994819259659057	1.396223545811684	1.438741198448053	309.35888	0.0037733059365959	0	0.4002
0.0752092105263158	0.0191396867283868	1.2705282457063949	3.41301860400056	1.5757520534443108	1.3327987462131172	1.1379659239773003	1.1371642964379876	305.92056	0.0031615798854477	0	0.39072
0.0663881578947368	0.0148000001907348	1.3175315914628338	3.1393320668855367	1.2271066398390342	1.241676219349606	1.2408649954749928	1.2313164484034658	312.73924	0.0028358099294234	0	0.42
0.0759368421052631	0.0	1.264856867549483	3.0486141651529244	1.377039351805196	1.1721991124513669	1.321491012880187	1.5016347060672748	321.49924	0.0030570872069369	0	0.37848
0.1007710526315789	0.0	1.243093229530098	3.5188877467105266	1.3886940380720598	1.3460721021384798	1.2432191711272609	1.5346767422334175	301.42044	0.0035914382180308	0	0.42668
0.0960921052631579	0.0411011113060845	1.3547630688629404	3.093142101044051	1.1407775677139316	1.284128426916875	1.2916451151970336	1.3238586974983573	302.28184	0.0034378924720427	0	0.39712
0.048	0.0164738214524645	1.4158872998290837	3.834466876673111	1.0607772920172245	1.3743142084560396	1.4639672236398953	1.3286018331905542	345.54108	0.0041265810416551	0	0.40372
0.0414592105263157	0.0163706198202825	1.3187279976146593	3.418529108753188	1.2132271251640068	1.6156781986300244	1.1181941891087048	1.3227759504193484	327.41548	0.0030171518383744	0	0.4246
0.0607565789473684	0.0148000001907348	1.278179082504856	2.613122963675586	1.1205610673693924	1.278983071563894	1.3354494265819394	1.2269571476820915	253.93964	0.0023127120818592	0	0.37852
0.0713407894736842	0.0	1.393454672796164	2.885096008017872	1.106462948036517	1.1980628863208815	1.23569209250833	1.2520682298053238	241.58028	0.0028999208394175	0	0.37104
0.1064328947368421	0.0148000001907348	1.200811430317356	2.760024293047913	1.2741366575532092	1.4359854005547126	1.239004214603566	1.4249182520667358	268.0808	0.0039768718614648	1	0.41748
0.0702631578947368	0.0	1.4840299642889572	2.4100891341108985	1.3383766314685095	1.7685483218035103	1.493898313010456	1.4658766475028355	320.60312	0.0035366043567657	0	0.43436
0.0137868421052631	0.0154969118028411	1.2025886929953964	2.5425037317353976	1.4040757956992835	1.6508473874805998	1.2727378007178665	1.4486439160282558	352.87984	0.0036645878643849	0	0.42204
0.0583605263157894	0.0154969118028411	1.2252768124773232	2.8101228646130254	1.212015296291957	1.4323499599893306	1.39560498677573	1.4179075187047714	281.07584	0.0028223997263084	0	0.39636
0.0488	0.0	1.7691397040791517	2.451761697181052	1.643850565574145	1.586813186813187	1.3449391480986466	1.7131010892069494	247.80056	0.004078656707853	1	0.42628
0.0556247368421052	0.0	1.36071193294291	2.7874105988669164	1.3005232920215288	1.2909282446190269	1.33155833855915	1.4035713689665912	326.94372	0.0035705899697717	1	0.39416
0.0847252631578947	0.0	1.2965776344170623	2.719599760584058	1.178670122414131	1.4068965273006724	1.167584552650516	1.3583805649937215	366.50076	0.0034587940947974	0	0.41164
0.05805	0.0236739997863769	1.2515501221550525	2.829860103713337	1.1599784013756895	1.4145850120870265	1.3807592248473588	1.494105778090615	344.55832	0.0048538672568692	0	0.42064
0.059578947368421	0.0	1.18115758772848	2.30841521729931	1.2179497318464654	1.8410041841004183	1.2147169330306236	1.4602183482839033	294.17812	0.0034737602417784	0	0.42836
0.0855723684210526	0.0	1.195387486591236	2.093832510244825	1.2359331919779046	1.5469940504716702	1.3686550485541544	1.253979941642115	291.98124	0.0033031768506239	0	0.41536
0.0922118421052631	0.0	1.4916585131914115	2.010926365248812	1.2705479982140824	1.6540040859136018	1.4110091310788118	1.3105779477785973	332.22156	0.0036483294817805	0	0.4232
0.0986368421052631	0.0	1.282743882345174	2.184979451745472	1.3580659190375262	1.8316710929127988	1.2746642178293877	1.3295239082841208	374.56208	0.0051406211127954	0	0.42372
0.0824315789473684	0.0	1.3813562778214885	2.1266159126011166	1.5205443740508495	1.7557527230758136	1.3721296785492147	1.6903772789867808	412.34004	0.0043797038554794	0	0.43364
0.0856894736842105	0.0	1.2164190025053223	2.0820975473397594	1.4392177184340726	1.7623474073244485	1.401610823704465	1.485598605409661	406.64024	0.0047514349023208	0	0.42748
0.1223657894736842	0.0	1.350593812987864	1.911657243202804	1.3475705808042364	2.037045464888727	1.3501674053586166	1.555252906137782	429.7822	0.004468219002643	0	0.44116
0.0833618421052631	0.0	1.528454851983124	2.106079496023109	1.3799530834932965	2.2010557823129253	1.3568732435674953	1.3976147378897483	440.37884	0.0052229477246368	0	0.44736
0.0888460526315789	0.0	1.2699091670817255	2.353562861200285	1.322335955470721	1.8551907077873775	1.2591785572694163	1.585651126738319	456.94004	0.0048476243313445	0	0.42908
0.1647565789473684	0.0086491222967181	1.2335704349414531	2.1484640478127446	1.336693631763951	2.0606191162585863	1.352274052478134	1.9811003072693456	445.94044	0.0069103421454219	0	0.47684
0.152075	0.0	1.6474209273284568	2.65792247066542	1.5220373954628317	1.700232411774316	1.8992891347669616	1.975461446236964	401.29876	0.0059812922117114	0	0.45984
0.2410328947368421	0.0202702741100363	1.7088465803118296	2.367036153612633	3.555401548389911	1.709474064194736	2.610432568525448	2.033813471444211	431.50028	0.0073409626523361	2	0.45704
0.2647355263157894	0.0236740010579427	1.6333702524830067	2.089684947977893	1.9026758456201924	1.5749505266887849	2.2155851450433746	1.949295036846311	439.54052	0.0061651620419761	0	0.45256
0.2043152631578947	0.0	1.6564517791592444	2.469128087508522	1.871104121665592	1.7334956563918056	2.277911194652993	1.8950047634621128	431.59968	0.0065536578405955	1	0.46068
0.30537	0.0247853490150943	2.1048350545129804	2.361900263786683	2.939469472338599	1.6634364449511114	3.2345696795102628	2.497710855631295	412.09908	0.0097268388405968	0	0.48936
0.2219594736842105	0.0156022166096886	1.4235641392945304	2.3619908953644195	1.9739454598852	1.905843629698185	3.22052550076874	2.845485857426156	396.67952	0.0068035484571141	1	0.46416
0.187628947368421	0.0148000001907348	1.6197725638591012	4.169814257241774	2.1959320757823497	1.4308906038016602	4.792467495448539	2.288103609985832	383.01892	0.0054270437728131	1	0.41996
0.4594565789473684	0.0	5.241978597597362	3.5024911701600923	5.000903436584371	2.0263959550520707	7.004229322397843	5.281274595687331	352.07864	0.0063208541960751	0	0.46356
0.2551355263157894	0.0148000001907348	4.497774662996776	2.648794978715065	3.1830546252185035	2.545106054819928	1.9500603854164844	3.8749454090761226	346.50092	0.0055555516379545	2	0.43508
0.2843157894736842	0.1626166689797312	6.766886269188984	2.5727822782061027	4.300534762507739	1.3304363062905202	6.391873027365183	3.551663929167475	357.66028	0.0084683992317494	1	0.42932
0.6566763157894737	0.2574290211356125	6.718578800103116	2.7299216761620797	5.851675996012599	1.6272136595903786	4.931088832824326	3.116181939313185	366.41956	0.0076799263226635	2	0.42524
0.24315	0.3754872711652932	2.343655364586395	2.0546625196508064	3.0168156397981014	1.8800880781280127	2.8246086256132386	2.271889677187041	411.26404	0.0108155354311886	0	0.5236
0.2796578947368421	0.1051856732658148	2.589821293248338	2.533130250136578	1.7986440064363125	1.8380398148606183	3.4622965161693484	3.362497298590416	424.43792	0.0145459991179143	1	0.56216
0.7420934210526317	0.0	3.235580810189134	2.325479424758221	6.24912620389304	2.135125226980416	1.4502089283030213	2.540377080646723	322.93468	0.0098409124018865	1	0.49328
0.7266934210526316	0.7705338736931218	5.361561264106791	2.1048486599883263	7.592481527851435	1.481725731895223	3.2350945425958875	4.211486992737699	294.54172	0.0122699349170222	1	0.50956
0.2233763157894736	0.8204817121282508	4.230873125181359	2.0365429475340555	5.3164567690987	1.7312438331890216	6.744591679506934	5.737960848016709	388.14668	0.0094735619140372	0	0.51976
0.250428947368421	0.0809407569151329	1.5992947840521208	2.8677722204763088	2.307472071335871	1.5175730075873504	3.705152568301653	3.1607368242780813	475.70156	0.0126524735298577	0	0.53132
0.2283552631578947	0.041041242581717	1.989131119421135	2.7860765316790963	1.66691387491373	2.661837181219376	1.5385060395024268	2.5729130657706234	515.35792	0.0091798344490457	0	0.5092
0.1797763157894737	0.0216638711096954	1.8562066430167168	3.0973762990493614	2.0685560427245604	3.783805472628873	1.769089795659794	2.100293446364525	487.54092	0.0079517507506994	1	0.49852
0.1938723684210526	0.0162565906842549	1.5765720241183494	2.373856815396871	1.739886595713407	3.5011411334769504	1.562913907284768	2.1777286728429823	483.24032	0.0077958103252684	1	0.4814
0.222373947368421	0.0148000001907348	2.733627309894501	2.4760736724008976	1.7952522019976238	3.435100056510882	1.308267159987561	1.9981309817670665	506.28112	0.0143643545939291	1	0.53276
0.2356694736842105	0.0	1.5486337335565377	2.3784564198195284	1.4636899616188137	4.372443459132467	1.3193561470062702	2.05217949346005	513.80176	0.0112721939581983	0	0.50448
0.1716210526315789	0.0	1.526813182177167	2.686749030661701	1.5835810692102268	2.88396318375498	1.7689348010540258	2.0777545583215384	567.31872	0.009612778642458	0	0.51408
0.2369157894736842	0.0	2.1876691889916504	2.365259304522553	2.2078799989154865	3.190122116279761	1.3039522319965728	2.3380798644199747	568.11776	0.0095535229518133	0	0.5052
0.4842631578947368	0.0706367624444253	3.5201948564548498	2.5817026366470626	2.362691431823742	2.8256470697428786	1.5313701102926234	2.210302539745568	412.15472	0.0088129682275477	3	0.48592
0.1965157894736842	0.0391440689240565	1.6558423383483547	3.073191391587902	1.918668072716548	2.1327608695652174	1.563827458964245	1.827110460863204	285.87496	0.0043256336916369	0	0.40836
0.0754842105263157	0.0	1.4999332184449938	3.262562462712484	1.5157983443600838	3.212956566606975	1.501392598935278	1.5095781428472868	225.58124	0.0047975837827955	2	0.43272
0.2993657894736842	0.0	2.0452475148368405	3.006973538277042	1.9014522853937976	2.158324928110053	1.6744097738086166	1.7158096849483724	255.02316	0.0058880105840809	1	0.459
0.2986210526315789	0.0176171433357965	2.938297149490395	2.3318309141811864	3.9455241255458215	2.595292279910257	2.7694872896393283	2.774404527270953	362.02076	0.0072272953395808	0	0.43652
0.1218302631578947	0.0	1.4077460637170676	2.3217191874114933	1.5730839360720306	1.4382279181526736	2.7946179378150955	1.7436162531331203	346.67872	0.0035921544802714	0	0.3604
0.1073513157894736	0.0	1.810379205064452	2.1730505454869133	1.431763597004327	1.3247930958176584	2.3639152955785896	1.6845076819016331	295.55944	0.0045539109887095	0	0.39076
0.1784531578947368	0.0	1.5817634265771798	2.823356535401602	1.559781411517292	1.302450420000994	2.4165486699819594	1.59567933040346	311.34004	0.003544487985092	0	0.39164
0.5126015789473685	0.0151018366521718	2.479818867070517	2.656714798019088	2.163299975841276	1.5067329562609448	1.9812904277751684	1.8740126913780637	308.81988	0.0050364342407794	0	0.3778
0.1438636842105263	0.0	1.5933845235833937	2.667000241721054	1.6064880934061754	1.6585782346612936	1.9066397696128212	1.7461885144274	297.44208	0.0040702588185843	0	0.39164
0.0760710526315789	0.0	1.872633678084595	2.626956377128666	1.6043071636817672	1.6339671795391175	2.0498769745164505	2.0133684158618115	354.9616	0.0034268393323526	1	0.416
0.3304223684210526	0.0	2.4127726245040773	2.783779304425352	2.22083363459739	1.3668275539936388	2.296032005247846	1.9562324557642288	387.19816	0.0045944684209192	0	0.3962
0.1651560526315789	0.0	1.81923516416953	2.1809569033288065	1.5941095105562064	1.6180090789571602	2.1887395534861507	1.9231892836342452	344.5386	0.0031633842246146	0	0.38484
0.1662557894736842	0.0	1.6038423422556551	2.637399787717044	1.713271913750012	1.5783621979901643	2.6735315983677803	1.7535575747697825	322.7596	0.0043543628460168	0	0.38892
0.2222857894736842	0.0148000001907348	2.646156308573401	2.8661099878014134	2.443198046739018	1.3936410112260853	2.9464681531566104	2.123292769676942	293.37916	0.0047960780461746	0	0.402
0.6725655263157895	0.0169831479182008	4.908632144988212	2.706141374002432	4.002741810919131	1.5985739418975529	2.7833312293989763	2.499505763397371	243.15784	0.011772323037719	1	0.42572
0.5451934210526316	0.0169831479182008	3.7274655664287937	2.646843412176477	3.523157642995328	1.8168015996602047	1.7604980512537511	2.1855602307725674	232.80024	0.0056686984996234	0	0.46264
0.3063631578947368	0.0	4.648509998682702	2.606681947990324	9.26226659731593	1.850628855112582	1.6231433209708712	2.337715726197401	241.95984	0.0073584250945904	0	0.4562
0.1162315789473684	0.0	1.6512940823857292	2.46907876412147	2.189565280107661	1.7107472262435834	1.4177863200747582	1.9005882826116105	254.2416	0.0058341890853292	0	0.46084
0.3819881578947369	0.0	1.7478739299448856	2.653702218638172	2.5522486676154936	2.80944914324508	1.5208496301950356	2.0344661836665026	336.98588	0.0084179289315377	0	0.48876
0.2659302631578947	0.0	1.6361393881252104	3.063081680087815	1.7471342568366108	3.742382989568732	1.571725443638881	1.854926052858192	407.59888	0.0094815467089414	0	0.47976
0.263225	0.0	2.412932816744524	3.2148614060736898	2.222780506494639	2.037762670683822	1.5865744583984225	1.968881188177096	391.1592	0.0055593901777968	7	0.43588
0.7545828947368421	0.0269009091637351	5.682394255696004	2.851123161533188	4.518034102265685	2.224152245142689	2.879269652494188	2.8813309343926887	388.482	0.0133419491880781	1	0.4856
0.3457631578947369	0.0	2.137499019949831	3.179052941673949	2.5846506078623466	2.043232574075564	1.9848819716538484	2.542327244190609	378.238	0.0062864511232165	0	0.45972
0.6007184210526316	0.0566429289427774	7.482559569586098	4.630794695481336	8.117110651473666	1.5621172164590644	2.9663964595390198	3.0002194952361263	320.63632	0.013023711563524	2	0.4712
0.6241921052631578	0.1292512753393553	5.581185021425611	2.6591392859308507	6.4801912906288415	1.9008204292248287	3.031704654141188	2.839906232875322	346.20528	0.0095910878265254	0	0.48236
0.2182421052631578	0.030642018380843	1.4906733795121956	2.2487870810138757	1.7475379164762823	1.6420390747810465	4.731723242441105	3.842797116055508	464.12488	0.0156726699976009	0	0.54864
0.3232236842105263	0.0	2.722699201005021	2.2299457179387328	7.267092408074137	1.700450309487472	5.176565734926907	4.364793891348022	580.70164	0.0117761921251521	1	0.53068
0.6517947368421052	0.0155784217934859	2.858100937524508	2.54830266825139	9.32844357558109	1.8981038945913349	5.406515556349638	4.93474892488695	665.52616	0.0124317481634546	0	0.50676
0.9617	0.0267084118261234	2.8658345761442905	2.278357264940758	4.630252423772529	2.1860994541814094	3.610164812805209	5.2286594754054825	622.29348	0.0121873953005496	0	0.5018
0.8935868421052632	0.0246748661328846	5.9420422458568565	2.28894955280682	4.713449412974805	1.950081957674596	2.7025707654689373	3.608728714854226	465.21268	0.0153362567461588	2	0.49956
0.5205723684210526	0.0214696313446309	2.7325112238785274	2.2434811440649187	3.194899134902099	1.686886690007646	1.5977572146079853	2.670080553119227	366.29924	0.007389120935412	1	0.49616
0.7700118421052632	0.0	2.407422195260536	2.239162234629381	3.765191805053973	1.7121328309938986	1.5036184163764306	2.643895821536716	372.30156	0.01226592942606	3	0.51028
0.840178947368421	0.0276548595071953	6.853548458425951	2.2086899201383794	6.327691827386624	1.6652185214065578	4.688967206136372	4.886578259641192	408.04064	0.0146634071917393	0	0.53652
0.8612673684210527	0.0250811307443737	4.022261292935495	3.655017324348585	16.699508296805103	1.6828572615669628	4.745979967167298	4.450861129406877	435.32032	0.0111913316845893	1	0.50768
0.8126576315789473	0.0	7.558535310996385	3.001583251226599	8.774437634831592	1.964213942795321	8.246793421363682	6.804738295607881	443.56128	0.01094962992016	2	0.48532
0.7701307894736843	0.0	6.469082885415469	2.7471548934859897	4.288792677510753	2.928292743903909	1.8714246460702968	3.5224341315866807	471.98084	0.010285660268191	2	0.48972
0.1888363157894737	0.0	1.8500643854223855	2.2143819884360822	1.7136277272722629	3.578741938062622	1.4572872770383145	1.9360798618190769	516.74188	0.0103608700971918	1	0.50656
0.0804605263157894	0.0	1.2716997609194522	2.504143904966709	1.7100089590330907	4.242000383065278	1.4009478672985782	1.8958404587700943	518.01916	0.0074853571360602	0	0.49168
0.20785	0.0	1.3531478454505128	2.59975387484475	1.7484377522403969	3.940312271726478	1.5718840634944835	1.767121320583365	531.2012	0.0062886738852367	0	0.46276
0.1632052631578947	0.0	1.5006311395769645	2.200019341023693	1.5621142357618032	3.3578691059673607	1.2844551826844832	1.8245860250983883	520.31984	0.0060191099008041	0	0.45964
0.3157347368421053	0.0	1.9810170476697928	2.73802620836977	2.3962681853908103	3.8274016620498617	1.307840868961654	2.118442978071053	510.3802	0.0097095295347361	0	0.47996
0.0817310526315789	0.0	1.3974784933941795	2.3504870017331023	1.5415019455943324	3.75275549213396	1.4875464616059568	1.665567525742515	552.75976	0.0079472784071459	2	0.47208
0.0972355263157894	0.0	1.382861330722201	2.1417281208745447	1.5489047388874804	2.8479748164904666	1.317111036663589	1.5897586206896557	505.01668	0.0077486086600317	0	0.46972
0.1075092105263157	0.0	1.7536811550413325	2.365581680794753	1.493257906057881	2.7597337377284696	1.2480433411930711	1.6211659047433775	443.12192	0.0085914402701924	0	0.49368
0.2109131578947368	0.0	1.95148917763469	2.8384038971783974	1.6680476154350334	3.499749767345673	1.3708437860312357	1.8309253932584275	479.26108	0.0112062700892546	1	0.51596
0.1505263157894736	0.0	1.4122806713315177	2.3524408545285205	1.449804489956119	3.709324567076238	1.1562627945727209	1.5620611488246707	514.92104	0.0098620740919604	0	0.4992
0.1634473684210526	0.0	1.3326752320588529	2.16706538291668	1.5953211131647238	3.7512028493894167	1.4617169663648282	1.8417086100298727	531.03752	0.010398010200227	2	0.51328
0.1112563157894736	0.0	1.749232157731864	2.479113833805288	1.5871146574513992	3.086507672965632	1.3706836672237237	1.7140546339029563	501.33908	0.0081709823680975	0	0.47388
0.2874449999999999	0.0159991882942818	1.6214049075804144	2.63057314460707	1.8227439054714083	2.682356914162338	1.4407503070433063	1.9948555900962632	433.819	0.0118494600072678	2	0.51572
0.1659723684210526	0.0	2.4288641026174664	3.359932354935662	1.636501794599774	2.5473659502677326	1.960142069403944	1.61792248170915	380.43768	0.0056996815206724	0	0.4374
0.1282671052631579	0.0263770265160577	1.7589671107278984	2.524936168657303	1.8347148285767287	3.337985254599325	1.3434089000839633	1.6596722888662052	407.62084	0.0091605370407244	1	0.47492
0.1979628947368421	0.0307363004595509	1.557962460639706	2.4073143779815878	1.3804042776489671	2.9879750079810283	1.2693986883832629	1.646652297991151	439.6986	0.010451743885752	2	0.51256
0.2312621052631579	0.0175648952450172	3.060498825047408	2.599153422250619	1.8464964680672025	2.453961269350459	1.529284234329762	1.694885967608653	343.27792	0.0081972137621395	1	0.4562
0.3836394736842106	0.0182130769582895	2.556219238747646	4.458191846480524	5.56976044893079	3.002824405553487	1.9169478781382332	2.454944444381162	285.299	0.0098183180484	0	0.4782
0.6004434210526316	0.1681156181314106	6.678562554059024	2.3076548926561498	6.950691882995941	2.3381131705643825	3.473684379160752	4.41470825022124	299.64344	0.0142779270802525	4	0.53736
0.3115776315789474	0.2906387553718595	2.196678897779364	2.187569520816968	1.8570009811432693	3.198396297768149	2.007859147741771	2.317715670614156	425.52496	0.0133879306304805	2	0.51896
0.2461960526315789	0.0271554904207675	1.5902666311337113	2.5625263157894738	1.4998081127751262	4.054730260616447	1.373438621679828	1.9070707138705123	541.26212	0.0172006742655529	1	0.5718
0.2420776315789473	0.0	1.3125555028707958	2.299069076668093	1.6589918070585394	3.929130568630151	1.4430379746835442	1.8255859161583088	569.5216	0.0137275193228441	0	0.55368
0.1212276315789473	0.0	1.6406902920795408	2.5413683797243403	1.5612602996398897	4.095306572867094	1.328	2.0733655699455587	577.27896	0.0117131975745804	1	0.53484
0.3028960526315789	0.0	1.9864730939515476	2.2674574148582725	1.6153471741181598	2.739703929572616	1.2790914747977598	2.1124873991935487	526.77684	0.0137259475180331	1	0.54572
0.2822026315789473	0.0	1.8226665811881209	3.0909748214696773	1.542611734312124	3.794533503245365	1.3542677330536252	2.1809729777498474	472.13916	0.013082547105726	2	0.53672
1.2818947368421052	0.0	3.678408606392245	3.2596217113037564	4.7500996270803135	2.6786147071268847	1.8720893808081864	2.983611082689521	453.1984	0.018793599024415	1	0.52016
0.2705868421052631	0.0	2.866134682208418	2.8462953789749426	3.689647284182487	2.126100888829696	2.7275666752643795	3.060074263038549	442.72016	0.0153588940607098	3	0.5406
0.7159578947368421	0.0428896399511807	7.4097465367156445	2.722825026926466	11.589161824007284	1.7306703637645005	4.654510795910789	5.560783867249652	404.8392	0.0147984636675259	1	0.53088
0.4896947368421053	0.0	3.0102952242943664	3.165176744799309	2.633931256405082	2.3541815162542847	1.483161209614375	2.2283096514515366	411.68016	0.0111023805994146	0	0.48868
0.3238026315789473	0.0206887917458178	1.680312473959228	3.056268040083314	2.6415807867192176	2.861353965751796	1.2995044253589971	1.90542769757594	474.10364	0.0135498934676016	1	0.54308
0.3921052631578947	0.0193267866841714	1.800761399456478	2.4709806999880546	3.9859779521434393	3.0298579895448343	1.6539403965437378	2.5977303027944263	517.20176	0.0161952114239159	0	0.5482
0.2566236842105263	0.0	1.459987613215899	1.9807391675533368	1.57224729095572	4.032853566814323	1.1967096430474162	1.830509986197459	558.1434	0.0165145292035972	1	0.57324
0.2031223684210526	0.0	1.3230524676595503	2.205886612325802	1.5661227818585612	4.150144430763087	1.3411764705882352	1.6525659965504902	610.69852	0.0167745722295256	1	0.57188
0.221675	0.0	1.2591929124080832	1.669722383346632	1.499759242711998	3.1751587622797013	1.2904735513270522	1.9116466568122583	570.69892	0.0151006065945765	0	0.58136
0.2057855263157894	0.0	1.2123316021023445	1.6786817755346335	1.4145523529945605	3.777005852756957	1.2919769299127033	1.809992912648392	582.79984	0.0165903891843908	2	0.58216
0.2322544736842105	0.0	1.3335270404329278	2.8934738650316976	1.603139030870474	3.380233499304435	1.4090043735457374	1.6298460709083191	539.73564	0.0100974244070053	0	0.49824
0.297035	0.0	1.7592836142809785	2.389442766858942	1.6328767137015157	3.329616818236599	1.3206316754982623	2.0989760049594914	514.42516	0.0118922331488833	0	0.51932
0.2410513157894736	0.0	1.5964906986012688	1.9655305022057843	1.5566392085551533	2.808614725427023	2.001624543917416	2.409758377888801	605.62036	0.020201129384742	1	0.5898
0.3628584210526316	0.0	3.3870011059249205	2.037881517503426	2.6870006517570477	2.0911808448754723	2.351805991550464	2.2028178124392315	510.93348	0.0175471614389384	1	0.54504
0.4787426315789474	0.0	2.263507318398666	2.293956525168486	2.2960451624135705	2.019639410566974	1.60851992370072	4.201694283007185	380.1366	0.0153083876421346	1	0.51248
0.8277742105263158	0.6748390412213345	9.366181427506415	2.382554442056025	12.682310924245693	2.07872305814967	4.061287639356217	9.853398628795295	361.70076	0.0160312130464525	1	0.54908
0.4182815789473684	0.0184974988301595	4.5548709934985885	1.829040387757594	1.9529653128667244	2.3120311579981725	1.542135571347519	1.8013939290720675	387.9026	0.0063277111542224	1	0.49188
1.1908094736842103	0.2934718044866538	7.8897575377412625	2.201593069211959	12.337752618086377	1.465346907402469	3.871844863206845	4.379719236560169	476.32328	0.0176245488595261	1	0.54488
0.6980705263157895	0.2668110308593064	6.492868476131329	2.012302857383611	4.670118642932044	1.7256266994450036	3.7167679042759114	4.374987010927228	510.61972	0.023141175610949	1	0.58196
1.774925	0.6054041716687837	8.730066832809664	2.4510933503769543	12.32384176060038	1.8227839551931475	4.12331829456456	5.148793309032555	488.27848	0.0201540121161236	4	0.54928
0.8978328947368421	0.3917068197110891	8.562325737929319	2.245229670143126	6.435213452934451	1.7762896448689616	2.984829308210411	3.562572232883765	476.83992	0.0165615848066351	2	0.53084
0.1962142105263158	0.0192177925275001	1.4697761873554782	2.094343519527738	1.859481884040129	2.684306203647707	1.4498933901918976	1.79492275855431	464.781	0.0092962412276162	0	0.53748
0.5073568421052632	0.0752377453153381	4.725095731488382	2.3804289239657392	3.9763650537634407	1.87815624313321	1.9687104050681512	3.1955048281335627	490.68168	0.0172996440411315	0	0.55544
0.3198005263157895	0.0648646545734989	1.8509427442093171	2.143027057615272	2.472631558069226	1.7943588702293327	2.4418346171388032	3.22884168475901	512.17724	0.0128054356616735	0	0.54208
0.5594705263157894	0.0438551960281508	4.257819810775543	2.2048923890444034	9.066138419852471	1.7369138115631693	1.5862718155255469	2.9554878305886763	517.80192	0.0127473990561331	2	0.52048
0.8121742105263158	0.2392900817254095	8.84159829375465	2.2064529908362798	8.767159370336906	1.872195918367347	2.75828631763292	4.699771253758843	521.7018	0.0237223140444475	2	0.562
1.0991873684210527	0.6846883613831721	15.460118406902826	2.974048251961384	8.275601673699184	1.7273996767490187	5.491405370479245	5.14274686716792	504.11624	0.0105887375588276	4	0.50196
0.1657042105263158	1.4531837053494217	1.6055984381832735	2.58459725202575	5.644705330249325	1.5720376639933924	7.772510001541436	4.075303945904305	417.998	0.0054356002663338	0	0.45732
0.3568394736842105	0.7132980509982063	2.916299467697016	2.44178274889572	3.1678431477629174	1.610561883941242	4.279304316558259	3.397771589745432	397.3612	0.0099696226717969	2	0.48676
0.4078026315789473	0.1326592225657504	2.3694599999658297	1.8882090318638505	7.877700249602617	1.4757236042809287	2.5609753191232123	3.5981690088343834	485.301	0.0173740113743613	0	0.55632
0.493	0.1656135202081047	4.659120991044542	1.8401727571023925	4.502799460883811	1.3350019995765603	2.0557427309624963	3.3684922715547074	490.5422	0.0127705475423265	3	0.53888
0.2797342105263158	0.3574079644106285	6.232440679265718	2.68058758657197	2.531381351399167	1.5277232473934477	4.72603923946468	3.007795546950629	554.90316	0.0101181841457591	0	0.51584
0.2290736842105263	0.0225603271028097	1.4208209980870108	1.884579479993564	1.844823541067366	2.039473872127436	1.5295599919338576	2.3870566035112795	581.39872	0.0172342187814852	2	0.56232
0.2023605263157895	0.0208845724229762	2.0182724037872184	2.270770547691029	2.5688134842530084	2.421837469780476	1.478985554648593	2.098897883625517	566.11888	0.0098279877281539	0	0.5074
0.712421052631579	0.0307157483427757	1.9709668842985144	2.269387414616454	5.621825752056767	2.523843953288578	1.542301269246984	2.784606965653452	523.15776	0.0178194737484174	2	0.54668
0.3733026315789473	0.0904438578357657	6.018071423864821	1.9761661724978588	4.494322616444468	1.994116061822169	1.9547787267080745	2.959739838066664	441.37748	0.0163231355930075	2	0.54964
0.3535526315789473	0.0226885850772793	1.7849119081797291	2.19427179594825	1.9594142089801212	2.518096106925664	1.4119766910420477	1.8746553988052184	432.0994	0.018614077397655	2	0.54828
0.3406381578947369	0.0	2.4750255622404738	2.2468850543087804	4.686227733477283	1.4044708574379794	2.0290717684949287	3.226117162813904	365.19752	0.0188914797242949	1	0.56872
0.5889276315789475	0.0	2.7367511573783667	2.6224268839925835	4.005779410113282	1.730774533243214	2.2641722363271373	2.7980302734647227	342.82172	0.0099524987737571	0	0.49832
0.4876736842105262	0.0	5.166822333370301	2.518812185995716	21.13593574675681	1.840939031110666	2.38567331559107	2.966203305785124	442.6852	0.0089227680606351	0	0.4976
1.4054815789473685	0.0259410213662064	7.109825037685192	2.725992619862116	14.951789603827043	1.508431627657434	2.1068640257466043	4.376974590358585	543.30092	0.0126605769356208	2	0.51424
0.3452631578947367	0.2475860579218478	3.0583440931286763	1.930696601465703	2.257892627967623	1.6689630436881822	3.1083980984622035	5.4294959198813055	499.51648	0.0171607139649811	1	0.56332
0.2233631578947368	0.0	1.5473977330078104	2.098951903954421	3.25588230452787	1.6910214860160846	3.498926127878304	2.095805283550546	464.81892	0.0105444783218818	2	0.53496
0.5097784210526316	0.0	5.564913421941317	2.624955177001767	4.906437111052624	1.7459566787003613	3.1005280078671658	3.1754675287629546	490.30572	0.0116131510352387	2	0.50444
0.3239478947368421	0.0	1.8005703996810565	1.9767017900215815	2.0911799228338963	1.594468353748954	3.217072599531616	4.408330508397763	531.95848	0.0110822770066471	0	0.54536
0.5045213157894738	0.0290099966759775	6.717703665914936	2.133168667259063	6.894255883092415	1.8448693901817907	3.1660709860506016	4.352460755611043	473.05436	0.0153365656572229	0	0.53596
0.1514576315789473	0.0	2.234934690574084	1.900628416640059	1.691184185382108	1.6118328734667058	1.655992462778202	2.7881418589096545	315.95392	0.0113637534550358	0	0.51428
0.1256710526315789	0.0148000001907348	1.8954265288835168	5.020891378044029	2.370883165140408	1.7307586105521702	4.527578128202116	2.699533460576738	178.81644	0.0019474794551116	0	0.3902
0.5531931578947369	0.0145530496425431	11.45729693590176	3.425482244004193	15.58785614490094	1.7846244392564263	4.3889608949839305	3.973430410359432	216.3078	0.0082204077904452	3	0.42744
0.3409594736842105	0.0148000001907348	4.472579563203495	1.8521825631844733	2.330545576482581	1.776609009084157	1.337197057417947	2.008071808979649	454.10796	0.0146739362613593	1	0.5432
0.2393263157894736	0.0	1.6225731747984466	2.146805088788673	1.4732396729895991	2.5352238014080037	1.372014417300761	2.2953550994074603	620.70188	0.0151957939930523	1	0.55432
0.681591052631579	0.199235976376655	5.66990515882225	2.2138385223791888	4.351221960823596	2.1998877808425865	2.1925204546019748	3.197390815553438	555.2364	0.0192300158359899	1	0.55464
0.4409	0.4902617156269096	7.44746134224301	2.9388854832157763	3.2167287845061345	1.826578916984182	9.745680801461786	7.151781446953781	453.59808	0.0048368127009973	0	0.41532
1.0529747368421054	0.0180465855249544	5.514498761516749	2.360951102695997	21.62290102092641	1.7892482813028288	2.829003646745	4.563229310189149	414.99712	0.0068085660445865	1	0.46036
0.140538947368421	0.0	1.64977861043463	2.358635817785624	1.545718285754096	1.35509888595769	2.180903298562165	1.4640789426297407	339.0962	0.0024282836644351	0	0.42036
0.3967147368421053	0.0232663199586688	7.15883192712698	2.2917459420126547	6.8576920750299815	1.7103328120007402	2.236179037783274	2.512337597093945	329.60352	0.0105467468275305	2	0.41864
0.1311631578947368	0.0149836739310952	1.5336817688890916	2.291011881979824	1.789779316068613	2.0686359391768527	1.8127888158843817	1.857658817711357	372.28056	0.0039967791356584	0	0.43628
0.2305134210526316	0.0	1.4413688003061689	2.388335997777115	1.396843221980916	1.9843260573586896	1.7506348056963552	1.879387898402242	389.83792	0.0052018808152395	0	0.4632
0.2244034210526316	0.0141964101383828	2.3086596641669708	8.35752539257208	5.37904852214911	3.0763656948768747	3.768895042523132	2.808263231686848	301.05724	0.0074846844519061	0	0.46976
0.3537534210526316	0.224238316505048	11.243133804169675	2.217172973407813	7.971381754232333	1.4777259508021494	2.508103342191856	2.80213548004355	239.78012	0.0099870932633035	3	0.47972
1.1503128947368422	0.5544999104548023	13.04737611449899	2.8103001486206094	10.107569127644972	1.79639428111631	5.801385757461803	5.370128989441601	369.56768	0.0113750694591157	4	0.47836
1.0375052631578947	0.3515028401242739	8.714276687072738	2.817647255035572	11.141802101425004	1.8610593433249591	6.754776439960951	5.31141575635306	503.70308	0.0095593824399218	1	0.48648
0.2465578947368421	0.4364062621076118	4.239845201361818	2.0175259134105907	2.339077319804902	1.474129627706891	5.11473202782788	8.695025997815033	505.11912	0.0139296745385141	8	0.55784
0.6395447368421052	0.0278223406731757	3.4298890267308506	2.460546602434785	6.186000420618902	1.8305671641791048	1.9978413495488427	3.177424920991126	504.13908	0.0242123507584543	0	0.56392
1.0874763157894738	0.0157440431574557	5.350354723926552	3.3377930690900506	10.603700017527462	2.839508275842489	2.4553091710107853	2.9358400766919863	490.67888	0.0113710332376816	2	0.499
0.2017223684210526	0.0	1.4946484775650335	2.671749545088096	1.551068780679718	2.318398147281103	1.4312032488387896	1.7656272049261927	405.19608	0.0087521626834308	0	0.51352
0.7173460526315789	0.0	2.725564913660207	2.197255084974928	2.877339645647018	1.808544152036811	1.610481482398947	2.8426898262458686	346.11944	0.0167015826522953	1	0.54344
0.4902407894736842	0.0	5.856463597683076	2.45943121853696	3.930610861433692	2.443647190809573	3.0572782802692946	4.039392848527584	351.87936	0.0198029108133035	1	0.53484
0.1956486842105263	0.0148000001907348	1.4337064127523909	2.619615619546248	1.5954813006521662	3.458597623765803	1.3839760827065362	1.543174278751671	327.25708	0.003783775512129	0	0.41008
0.2907881578947369	0.0148000001907348	2.140270358523268	2.7999863818807333	1.798139563381672	2.9045082841330454	1.5493871877185588	1.8155008759735545	283.72208	0.0059289519601972	1	0.44352
0.2359644736842105	0.0	2.0603718101843844	2.886638622368609	1.8946388819436533	3.738637774842804	1.516005683530678	1.9255134570998405	325.4218	0.0083533107251279	1	0.48524
0.366425	0.2926088735597943	1.807717258463356	2.314526690352145	1.5944324551794204	2.5644858676987887	1.5148429596160138	2.209318880969994	332.95816	0.013856655426376	0	0.53684
0.5553381578947368	0.6507586132064176	3.6544154877310366	3.655784060246514	7.075877911387368	2.209689952979683	2.373682953052204	3.0635857958860946	276.81676	0.0152354969047448	2	0.51548
0.761771052631579	1.5958187042209566	8.413641978764355	2.4265176434331504	10.323172202570383	1.5684226972509143	2.9867128098366664	3.8282776199954887	236.9798	0.011965079133756	2	0.5138
0.3657947368421053	0.1586951729765444	4.45822055151109	2.2344885909947605	3.869553255168836	1.4636893221557756	2.2562915329118307	2.3639235310793656	227.499	0.0093682037506033	2	0.52616
0.2750394736842105	0.1823859777930858	3.5419874692402726	2.231785863920769	2.534060216160871	1.462218792893535	1.4886652577313482	2.0721104078995327	255.94348	0.0057619575131991	1	0.48988
0.3365368421052631	0.1885963240179916	2.6784279082892644	1.8547133728852176	3.095829749901968	1.648932105898759	1.915103633343043	2.227129523222244	294.92136	0.0114351224443141	2	0.53836
0.2734021052631579	0.0	1.883048709814864	2.283057053793061	1.575336721682698	1.7630446904910415	1.5410599060962045	1.6973125169527838	286.17764	0.0061548185771002	1	0.45864
0.5604242105263157	0.0	4.900436500019575	2.320368857668275	3.195963354406638	2.029751777990469	1.923865425548087	3.519332279037076	286.20328	0.0246101224294129	2	0.56432
0.2270673684210526	0.0	2.162218483971283	2.637604473817997	2.126170632453411	1.7773976982330808	1.6000883322745558	1.9309752949031824	387.16216	0.0097386426599586	0	0.4824
0.1416484210526315	0.0	1.7520494978589023	3.522973235252353	1.768661633282212	1.7624885608509964	1.5454655778328517	1.9707875074884988	475.0836	0.0080735530223215	0	0.47468
0.4011273684210527	0.0252920521630181	1.8192613378574451	2.2776253453985533	2.2876191948707425	2.25073326950526	1.8245656647128643	2.504074731969236	494.0408	0.0097324099907804	0	0.51208
0.5299473684210527	0.0314033897673619	3.3452600876644194	2.4367682329339235	2.5213207444581327	2.227823586898174	1.864833149637689	3.1848442950628284	480.47768	0.0217006637416166	1	0.58152
0.5261894736842105	0.0221804837343269	2.0948140602226344	3.77767532555176	3.8114083924598825	1.66177152857914	1.8966784845189384	3.3193499289929997	457.56104	0.0158844138832653	1	0.54408
1.0578863157894738	0.0182592752253567	3.164883253560963	3.870288321089504	11.83097576794288	1.6701957356245294	2.0900659096323357	3.116874059638424	454.77844	0.0176384477444256	1	0.557
1.368542894736842	0.0269447957619188	18.286120396504	3.326665627783042	17.944111210821564	1.9609962627676896	7.155691678566792	24.00051576445262	380.39616	0.0113123872625126	4	0.53024
0.291746052631579	0.0702898740378222	4.266647138486222	2.3365041307648324	2.48432627182769	1.6061383232434414	1.6569939526437347	1.957925313037702	368.46164	0.0096586689535309	1	0.48228
0.2836084210526315	0.0829358914417849	1.7562283963031635	2.406040075650571	2.361043612672231	1.40990099009901	1.901079487969032	2.589564222747517	437.1632	0.012828811150123	0	0.55424
0.489288947368421	0.0727035784100838	6.645453657313541	2.423484057094332	4.578459083988677	1.5990461964342002	2.197403830345136	3.115278331342528	446.0598	0.0153284964995875	1	0.5192
0.2321342105263158	0.1915367531350124	1.92153740433011	2.4537958465167877	2.2103228051707324	1.855281059792338	4.260272353865608	2.7187101989491174	470.22108	0.0109904899395213	0	0.49196
0.5278473684210526	0.223373703113901	2.707428762646151	2.008199365312127	4.188696961729738	1.5752111550578498	2.2288071556776377	3.243813255217869	530.0028	0.0149750100898041	0	0.54836
1.2181	0.0333891443697242	7.008125183017252	2.4682133169394	11.78592290029042	1.7825689934329914	2.8493098097356064	4.35522513556181	582.14116	0.0212815457811776	2	0.58148
0.9503184210526316	0.2000063560753973	6.5983525707496105	2.74042477645027	10.4979046214025	2.1067995068608485	3.156507793764988	3.676484568119217	574.3588	0.0182272290249256	1	0.53832
1.2295052631578949	2.256365338532194	17.010215802564765	3.2451110763663977	19.569740143777988	1.929231442960368	8.734345051092959	18.05581355485232	530.1176	0.0114574740124975	1	0.51752
0.9304736842105265	0.0253488675429938	7.144797218101223	2.3645225909610565	5.449672458847767	2.770525633407164	2.877916235499156	3.685987938985456	600.2476	0.0161298937844879	1	0.53192
0.2282236842105263	0.0244298471132358	1.6249227389444398	2.9854756978423835	2.3828147060938	2.2702579161082856	1.9648778295792844	2.84779473056998	691.84064	0.0196071616502369	1	0.55944
0.1905552631578947	0.0230213553630721	1.7152841505111367	2.597481120358319	1.4734169587246246	2.213557999589085	1.3419400890521318	2.517572901685995	646.6182	0.0128169528781666	0	0.5316
0.299953947368421	0.0235315520161428	1.8788716920871311	2.754116793323792	4.022457092191579	2.7509202082435564	1.8460075017612003	2.981678449909333	655.07928	0.0117832916838281	0	0.54396
0.2818881578947368	0.0248260641632314	2.117146942400751	2.402804888900313	2.4645339670250284	1.7468475517693605	1.747713412133219	2.260654631872401	650.61964	0.0169709389477617	0	0.55804
0.2963302631578947	0.0414603886617052	2.3441819349833213	3.0253937750428337	1.7002994072671969	2.2822815200262294	1.713447178269412	2.3436520127136458	617.64032	0.023212361009191	0	0.57952
0.2233223684210526	0.0653621085561745	1.684058039311515	1.947815942051897	1.4958964777598782	1.7762435380020476	1.329932401407465	2.1300291726423266	549.8922	0.0163090962226601	0	0.572
0.40225	0.0	2.7599027578248845	2.467903484341975	4.154829942034692	2.0134056283020927	1.6773712269814371	2.5007296321413515	391.9762	0.0145003826640283	0	0.53104
0.3324631578947368	0.017596207390784	2.3131654350398008	3.841277125763163	2.8423555893178274	1.7490637053568932	1.762447098227495	2.1390952783480257	333.47792	0.0063415306273628	1	0.41492
0.3538078947368421	0.0281814257303873	2.841734268188136	3.524934252600967	2.9300279063945798	1.837201638065523	1.910879796789412	1.7083468772809791	326.02204	0.0043387858569622	0	0.37428
0.1876894736842105	0.025509998716157	2.1371308096256096	5.283710431144518	1.981240919449869	1.6343470690655832	1.7633351614891428	1.7030390345783497	348.01948	0.0041753074600941	0	0.39712
0.3003565789473684	0.0176782936393143	2.948096966028789	4.144628567279065	7.279812595074651	1.9180359535159048	2.045714339523146	1.821344119289455	285.09556	0.0044093515008863	0	0.39248
0.797882894736842	0.0161680647452595	3.771477810334891	3.87949547275325	9.361288311728034	1.9537607115035056	2.4139770904688485	2.8098880709892105	220.38012	0.0028335563591297	0	0.37256
0.3633789473684211	0.2234674498993317	2.3755430457535263	3.3102000516154817	2.892124506373532	1.751598877566091	2.2760335335335333	2.2533984704708803	257.16224	0.0045826765582491	2	0.389
0.3799394736842105	0.087268469305292	3.5405769252294124	3.195031942115272	3.128349281212277	1.8119790956600768	1.960935185404293	1.6688858044808397	295.76248	0.0046883273806291	2	0.39356
0.7013802631578948	0.0581490127464192	4.1570077036715904	3.1121847200552795	5.835235747310994	2.0372495411336056	2.7291547935316407	2.619127706660583	370.82228	0.0054392221912916	0	0.42416
0.6694328947368421	0.252553423341518	10.661138215380776	3.089438096744172	16.830714396050556	1.9657315026872977	4.430592862139524	4.416078055258401	423.48192	0.0054878563033833	0	0.44416
0.8863157894736843	0.4950701424405442	3.5096337056922637	3.419951647867079	14.894515834142362	1.8478565391374728	8.206452227243382	7.887798954077984	506.64376	0.0091182784270188	1	0.47576
0.7758815789473684	0.0185241633117738	2.97297504956182	2.5147898709161054	3.9486189981862503	1.8895320937420903	2.121303650443469	3.001603814641715	616.98228	0.0138874127721085	1	0.51172
0.3880526315789474	0.0148843430300733	2.062794371525805	2.304682541995704	2.5928930753919066	2.084656783179122	1.7029948757709528	1.79805132566318	585.49876	0.0127305374255951	0	0.51652
1.6652952631578946	0.0206770675459325	7.770900720323405	3.039268469688906	10.012235679936536	1.6309155337929258	2.133580468028409	3.145712320314781	448.91232	0.0119150445237931	2	0.48804
0.4210128947368421	0.0	3.4819066030296617	2.4880227177561114	3.125487535953376	1.6119315703799255	2.3391861604169115	2.102748843843195	316.97588	0.0044125466115159	0	0.4036
0.2093497368421052	0.0179641778018888	2.514265752850456	2.892674454502903	2.172561782162431	1.6201766976679988	2.1102884577074783	1.958899802047717	290.52216	0.0048326027154922	0	0.40524
0.0874355263157894	0.0254977718049931	1.5291257600617534	2.5215132989430127	1.7632278181900969	1.4975872476550212	2.241817448147849	2.156332065799751	317.9398	0.0057303668236557	1	0.42124
0.1693855263157894	0.025032910175781	1.7816606090721636	2.571114027494672	2.9454025120953027	1.3925412641112935	1.991738971052575	2.060542321156505	297.79904	0.0044219315341816	0	0.42788
1.0346223684210527	0.031934346610393	11.835751065098	3.3952654754872715	9.614724626232286	1.6114042235350037	2.4632274513104084	3.039053125544355	311.461	0.004492579448188	0	0.40772
0.989665	0.0259977955746922	7.333407425543697	2.884504141598409	13.067483823946514	2.2803085089773614	3.820763691977018	4.567610251187456	366.60184	0.00671991507979	0	0.42852
0.1940442105263158	0.0287534178173161	2.014179202130473	2.559538870948451	2.254114180789328	1.769614161877634	3.3889869613978614	2.406363143448903	367.16	0.0057337959522534	0	0.42936
0.2084242105263158	0.0661884551452106	1.6847031559633032	2.600216760454065	1.8139701854347157	1.631631984386159	3.7825641984966496	2.575010209682731	416.12408	0.0056810570511572	0	0.41376
0.2627392105263157	0.2129655851733713	1.650759689244229	2.41879991126983	2.430521837628717	1.4355955548008528	4.298668638324092	2.277624182823937	490.54028	0.0061390030037304	0	0.43716
0.109405	0.115754825812838	1.3784647421334133	2.31413551236644	2.016130696779303	1.634332349290361	4.79515409162561	2.2069513133720275	427.41764	0.0047095255036389	0	0.4288
0.398003947368421	0.1586104892344838	2.173410930873572	2.743622481668684	2.370556278438571	2.0280075187316227	5.499846069749645	3.991677316494628	431.12016	0.0070204687666542	0	0.4196
0.5307513157894738	0.2981588186428819	8.74458326701318	2.4276970490593426	6.142906008352217	1.6743163582113625	4.435991916939586	4.184262488153621	450.23928	0.0083632197916507	1	0.45524
0.3179631578947368	0.3891712286706956	4.289241328128273	2.4524052000442227	4.087786193247357	1.5531813924445832	6.84929314295787	3.385716088371592	398.03968	0.0075974163964303	1	0.4506
0.3558078947368421	0.2442102313614045	2.837377650328584	2.194061870773974	2.810074076885336	1.9039965539521857	3.986327849121732	2.3408443644103945	448.764	0.0082739282219111	1	0.45048
0.1549276315789473	0.2841237407807476	1.3807817171348262	1.9603309531349955	2.129401215088989	1.7809566895358553	3.6308213846102655	4.436192134524017	488.48024	0.0132781669258896	1	0.57116
0.3709228947368421	0.0192803591004412	2.8115521371651617	2.536619938137032	4.496054797359746	1.8203937066325624	3.438336555427046	2.439962928637628	413.21276	0.0063733154232186	1	0.44884
0.1691547368421052	0.0	4.258278679975397	2.646506379114133	5.082447976269101	1.6136151371272949	2.8670080888335807	2.1668072679410586	292.21716	0.0049615217861007	0	0.41688
0.2347463157894736	0.0036694217811931	1.5493255183632515	2.6373286277447794	1.5902454353424735	1.532665622708961	2.108642845765861	1.9504242226127488	267.30092	0.0042771333481108	0	0.44476
0.1624444736842105	0.0	1.7091423460624142	2.358082871235581	1.8531113553415528	1.65971740106928	2.379717089853515	1.750282609488386	302.002	0.0049876877769652	2	0.41152
0.5062171052631579	0.0085783179346429	2.34449865311617	2.24123057386948	2.7429129011577404	1.557756671842837	2.6157551129114704	2.287750706699999	301.91864	0.0066679061373717	0	0.43548
0.1706355263157894	0.0	2.017262842644972	3.23881735111858	2.3569876952790128	1.6564662806479786	2.6314114919341978	2.209316413012389	315.12016	0.0046568821998554	1	0.41316
0.232625	0.0	1.723061052918362	2.499001533286038	1.7601675827369192	1.4662528745897432	2.620849646040673	1.6503679941895653	313.66212	0.0041013264371717	1	0.40436
0.5842881578947369	0.0	3.449095561808606	3.1070492654652253	3.539872638597734	1.6974459724950883	2.7389290806334285	2.015509992810927	331.28088	0.0039923762888066	0	0.41864
1.397775	0.0183749825156176	8.686416496722806	2.787072520371134	8.603752015330787	1.481499145502961	2.1916608582351	4.73180560253507	392.52048	0.0090086991829381	1	0.48132
0.5868434210526317	0.0186522176408415	2.81045374444326	3.0390678437037435	7.034886806699395	1.906551580820544	1.845848091064392	2.443124659997302	433.3026	0.0069440933106927	2	0.48576
0.3938671052631579	0.0257317418637483	1.7679748824828507	2.7522992520758502	1.770740256836938	3.5098252396070144	1.353136146733269	1.874426872132943	436.75976	0.0083751039947131	0	0.48772
0.5920605263157894	0.0	1.97922689122077	2.742447264595113	2.2520301297206777	2.875697272378025	1.4528058166774778	2.2229898804057435	363.17508	0.006867372584378	0	0.4666
0.1617578947368421	0.0	1.7396449209268854	2.921987504783345	1.426879746022192	2.607246627425365	1.6628795835957415	1.66770152125642	296.35816	0.0042209637174185	0	0.48424
0.1300644736842105	0.0	1.5661990289355074	2.500856694867312	1.5352713530145292	2.039505148273535	4.077355571652764	2.075670375290059	279.66004	0.0049633442206593	0	0.4254
0.2399855263157894	0.0	1.7055195504425518	2.463489844944311	2.0215882806476486	1.5404532025033184	5.678810754912099	2.231847813388372	301.60144	0.0043176040033382	2	0.414
0.6145302631578947	0.019677552771061	10.299028924155849	3.013415880982955	11.489756649636092	1.7829113218070272	5.463334419873389	3.809214168070727	312.75928	0.0051057620304034	2	0.41392
0.1007223684210526	0.0183906874804942	7.064105062261575	2.702895115818176	2.9898632131603105	1.5378149292567895	6.473191439360354	2.1562837289844587	294.09948	0.0036676421942518	0	0.38104
0.5414421052631578	0.1203123984661228	8.491063134023397	2.478647040288094	11.653183672383587	1.5094395614946192	3.5544619933089554	3.601064366469979	263.4594	0.0061068886017624	3	0.40308
0.1849526315789473	0.0760396578763453	1.7068944821099674	2.1717068754505675	1.9698010700148876	1.620301075568678	3.445793434033777	1.7877582385104185	254.52008	0.0041424744639852	0	0.42284
0.1786873684210526	0.1831259221177882	1.508579430855998	2.229467229832934	1.6817097037224005	1.4277368082139037	3.3503631473516267	1.5839353676935806	261.23968	0.0037964931657033	2	0.42392
0.8059652631578949	0.1896509609350851	6.054675002700463	2.4342109460567225	6.126320938471894	1.6722502192957194	2.649259730154492	2.7786468464077627	234.33908	0.0082622239935047	1	0.45028
0.2023568421052631	0.2065654102237572	5.235042385312024	2.3577124834143053	7.834635937490817	1.7454589562422294	4.983223315683603	2.678938056738464	271.50268	0.0066683448981186	0	0.45464
0.191458947368421	0.0	1.417977966982365	2.2379336746993763	1.834355501942508	3.416578869737452	1.477234255174416	1.834957480516343	306.4602	0.006062199443193	0	0.48468
0.503771052631579	0.0	3.698107410401496	2.229224825260792	3.4607528606309708	2.022831283529798	1.6302255069477944	2.500961156735298	297.27984	0.0092746767022504	0	0.48808
0.2159052631578947	0.0	2.80304330718456	2.478144092608097	2.550879077901801	2.7826363910930505	1.6217213603837295	1.8496248869201737	317.32072	0.0037727932300813	1	0.46204
0.2148828947368421	0.0211385709898812	1.7857172382190616	2.4237134375562346	1.935674319534598	3.0186744825505065	1.6081674319449	1.942659354071536	313.71888	0.0053157567441025	4	0.47088
0.7134144736842105	0.0945379139766378	9.37681212520512	2.616517983318663	7.091667701292074	1.971082603254068	3.723847146676501	3.49324529635314	291.20024	0.0099865331420039	2	0.455
0.1258434210526315	0.2509628933647356	1.5970327995461264	2.602647705920896	1.936205967048764	1.5469117594670656	4.924289086739512	2.470549206539416	318.28224	0.0042539028464871	0	0.4216
0.1381144736842105	0.8586570594751375	1.5665174471334256	2.2624516610604184	1.7544685390698156	1.7089246195671357	6.555666645653408	2.5014579823957472	359.52408	0.004366592621663	0	0.41708
0.2266526315789473	0.6706694733769324	1.7555781285955203	2.34439296217768	1.7624625855404972	1.5939331866024535	6.932893783326213	3.419439842502136	442.51832	0.0056928822586466	1	0.42816
0.6183315789473683	0.6607295702341411	6.8263269939088325	2.166598599323023	4.6938345293505614	1.975574862515035	2.3738235693617407	3.3002375045164403	468.64032	0.0109416654081905	4	0.46468
0.2933065789473684	0.2386268571192633	4.349814265805025	3.004771395044968	3.4614531778237088	1.7626233683988315	3.874367641359294	3.0649608473614527	503.8258	0.0110370555303377	1	0.52008
0.1984571052631578	0.4023506395253791	1.5372173669208495	1.8182479231848097	1.6363385345867008	1.8956977979083287	3.49076587532687	3.395256112480275	583.94036	0.0161547136380742	1	0.55776
0.1093678947368421	0.0298934352116954	1.5379410127043167	2.09294452128477	1.9852242375719065	1.7464994902620188	5.487307663212042	3.629363650943565	575.0388	0.0097569112477933	0	0.52424
0.9901084210526316	0.244321510753312	10.86847847268065	2.199330261734547	8.993512471060424	1.5287890504598076	3.609719297057529	4.211493594857116	532.36	0.0145939477330095	3	0.51376
0.3412231578947368	0.2982269154021274	5.41667941419295	2.405334321577795	7.402053639729267	1.8099538539220337	4.186236141157383	3.524544454462579	560.68336	0.0091838737084585	0	0.513
0.1484210526315789	0.4621349172054104	1.4310048028352018	2.10909386741974	2.095351338753791	1.338067640783846	4.380023699627932	3.823947030036787	675.0812	0.0143019824766411	0	0.55508
0.6022286842105263	0.9251464461465856	4.06016771480671	2.0905356596490274	5.141213981272071	1.8989256722362629	2.495524795550858	3.574159125472422	619.2748	0.0203868633911188	2	0.53976
0.6887502631578947	0.0596804658582563	4.443018252534365	1.921747363910372	4.285838147717957	1.6500462522664296	1.8643638598981191	2.2702015964458004	473.07544	0.0118377483297796	0	0.51804
0.3839210526315789	0.0318673010934602	7.991606745953512	1.9920131914158996	9.096691576877198	1.6578693907940991	1.7419134834233692	3.4005434024071355	427.98284	0.0121366936403863	1	0.52136
1.4027815789473683	0.0272743601177314	13.920005478713431	2.4059903189132807	12.586263018423796	1.5413059083479994	3.78311241626084	7.492802884584663	449.81884	0.0110826504273186	1	0.51476
0.7873236842105265	0.1749359378916075	13.082472252731522	2.4728687353888903	14.676212304823268	1.55171302417684	6.377123477349928	4.530385070982086	412.99576	0.0068059715827861	2	0.47236
0.2847263157894737	0.30033232913752	2.3174425194760646	2.2369735221336087	2.883301181354223	1.5752789284956323	5.043418171477321	3.27961436392317	398.40448	0.0064243719519411	0	0.47628
0.5831973684210526	0.7715271758524008	2.7402261244309334	2.4819866053273274	8.327328623488135	1.8096990250447933	7.075689000334883	7.522398122748454	539.60376	0.0179631964122723	0	0.54192
1.0039157894736843	0.9442694603413871	6.66380759690881	2.39998235012964	5.690547916655049	1.843211779140552	4.443320699172033	5.887098881163468	580.52104	0.0151060029961431	1	0.52344
0.4440328947368421	0.0166982938607757	2.1685536475837743	2.180647315937137	4.282508034143183	1.6199717624440506	1.8826082446842152	3.3001973419250907	549.2998	0.0122646993016846	1	0.55276
0.8744065789473683	0.023150841291445	6.6509005125501846	2.4684315438098867	6.456948392263075	2.456140350877193	3.763045778051137	4.612914581379848	524.75448	0.017090562418559	1	0.52876
0.5379934210526316	1.4027380642361111	10.566692856759724	2.340648731522272	14.316118291514904	1.4267406077702272	5.052186840922449	4.578738086031572	403.8954	0.0096364897244467	2	0.47088
0.1399486842105263	2.8222759003756988	1.4334456101716264	2.193666012303965	1.755164040646786	1.6977953841444011	6.0316686871334495	2.613231814279849	339.4218	0.0039468828418149	1	0.45652
0.4592868421052631	0.9941809060919372	3.791860813917068	2.5195341328467387	5.73333911003288	1.3661205696984011	6.428661685673091	4.405103962338172	362.98084	0.0097717914571306	1	0.46712
0.6166342105263158	0.381201975488817	12.107508712297118	2.6330815754232044	10.347295998094529	1.8435341201573712	3.830477221551171	4.680985904244699	368.478	0.0130463625756782	4	0.49092
0.3631644736842105	0.0233688089582655	1.4662145932784012	2.481852934170566	2.050236135003822	2.4847411902175027	1.5512517961780707	1.8515496666764797	345.03984	0.0059384264408314	2	0.4572
0.1922802631578947	0.0148000001907348	1.3579177334440704	2.4112090047878683	1.826703470882717	2.99174920435426	1.5064108365120488	1.9293026219141367	334.95952	0.0051235701208605	1	0.46484
0.2879828947368421	0.014800000609013	1.4930787208314762	2.715859780508694	1.7783060738774803	2.802998867497169	1.4280318765003162	1.8719054091852283	304.77868	0.0055782034966174	0	0.46288
0.3615197368421052	0.0379946282717004	8.258762492455988	2.2862848177630384	6.149569919435689	2.272236423157989	1.979138361260524	3.4332308113909136	310.44224	0.0093054168249403	1	0.48952
0.3465334210526316	0.2041918293345339	3.863645892863584	2.2000204331175093	7.103999900577818	1.962238977166027	4.387264595123271	3.2580715981950217	396.42284	0.0105055586024592	0	0.49704
1.150842894736842	0.0979897139510961	7.201528472720866	2.893870142156401	9.327521687538392	1.670321338176204	6.780118926750466	6.467763367022325	417.09884	0.0098578187643429	2	0.46952
0.1769828947368421	0.7090268287661105	1.81757987366203	2.3137400333765994	2.647121682764742	1.7925936877949584	6.006265029130287	3.971858416008071	411.28168	0.0068043881880535	0	0.46028
0.1865460526315789	0.5258348209866042	1.6736048352834854	2.4529300369781333	1.9074847061637576	1.6700234724009997	6.85231840154689	9.450918425737536	458.04248	0.0098010650608469	1	0.50712
0.4882131578947368	1.0696377506172945	2.662745457574793	2.014526717242048	1.85673650219285	1.9236936373457667	2.378593745127997	6.868457052319311	464.57692	0.0266106268915709	4	0.60788
0.828663157894737	0.0302920357766004	7.6878839749248815	2.436321580546309	7.191363351933809	1.635297440423654	4.833600862084846	4.512434722222222	399.31808	0.0149220952880382	2	0.54544
0.3497810526315789	0.0260061857360947	2.1713669014038763	2.547591183223403	3.729766804844192	3.0240391906637223	1.6032941932400082	2.211607915224913	409.1636	0.0127083924314555	1	0.53776
0.2216773684210526	0.0519181402106034	1.6618982391169488	2.693466457207306	1.600704606744161	3.737622560573652	1.3981714633353444	1.8015988372093024	448.25892	0.0105724533590148	3	0.49548
0.1313723684210526	0.0	1.665093189970626	3.231007612748376	1.6729937582407934	3.2202327311900265	1.6792661895314542	1.677307579366374	359.01332	0.0039406026587942	0	0.41804
0.1152823684210526	0.0550294198280523	1.662693918126135	3.5322792302242982	1.2237110606700954	2.321506891109942	1.572786234397124	1.4083920473972436	276.28256	0.0038592207651103	0	0.42204
1.242021052631579	0.1719052883333828	9.608037055410268	4.149855562206141	9.274265593241626	1.8845630988667068	3.297664692493408	3.430202201082579	343.66076	0.0137692163700917	4	0.51068
0.9407736842105264	0.0732820093925444	9.068105529233357	3.633723130865704	16.39085642194369	1.3831066720297829	4.338150498263148	5.741028459340178	327.19552	0.0153995948107102	3	0.46684
0.2031565789473684	0.0247035062362458	1.8016202779184969	4.184856942996653	2.10822595359654	1.7823538658349496	1.832303157907829	2.028197182588124	220.83984	0.0122448982309593	2	0.48068
0.2297092105263158	0.0277603786283093	1.4856268412553923	2.333757603907584	1.6032968497879472	1.7487438462760043	1.4583637954255613	2.560015388919977	255.18236	0.0177105156074551	4	0.56744
0.2198076315789474	0.0	1.8411934913867984	2.339877678326745	2.8784036451653447	1.5393507072674997	3.727377514687823	3.2143232811545053	313.96144	0.0115331905728929	0	0.49048
0.4613718421052631	0.0	1.983792808303632	2.892959550670733	3.246461969959126	1.623518515958697	3.8073882130421706	2.352295335220869	366.32152	0.0057088567137718	0	0.43584
0.1908765789473684	0.0156607930622403	1.7647605245558973	2.448044818982157	1.960439518204846	1.657837021868683	3.9002201989170255	2.429133589493187	365.9398	0.0069227265476479	0	0.45344
0.1523886842105263	0.0	1.608812048832805	2.692223069210101	1.9760255504927449	1.3851780024553957	3.138285103324979	2.019635726849867	333.59912	0.0037001081436521	0	0.42712
0.5375539473684211	0.0613581623440407	4.828931173831935	2.2498119756012627	3.6970122891890544	1.7501171228912331	3.0104212121591662	2.90647393990441	392.20512	0.0165539367633006	3	0.48008
0.4516460526315789	0.0295495958002326	1.5248489356295256	1.9935251165785868	1.9316586469794863	2.2739655147069637	1.405941512576694	2.4922612055949527	495.16336	0.016076497448262	0	0.57424
0.3701118421052632	0.0	1.884898007348014	2.547386895859572	1.6661226696697853	2.3104500973448334	1.6648127623163995	2.1824556832280453	552.31832	0.0155823189868646	0	0.56832
0.1484723684210526	0.0	1.619602137701299	2.1625829094801823	1.528392523544338	2.8128031380994503	1.1488104583855598	1.9308570766199145	539.04088	0.0179905742504842	1	0.57396
0.4330894736842105	0.0	3.427563281851056	2.1925741193506547	2.010486681618924	3.5438391423351217	1.483319051284658	2.1267724217769293	572.42164	0.0142827881738543	1	0.53352
0.4006105263157895	0.0	1.49721639420081	2.1727766504516	1.4606227515887096	2.722934408851749	1.4376143664950882	2.2758044053855078	540.55776	0.0128511248010396	0	0.54716
0.4660342105263158	0.0	2.051098701844584	1.91415196763107	3.315542465589631	2.619066106004303	1.4980295834471955	2.1250715861667797	480.69924	0.0125270846319549	0	0.54756
0.9219473684210526	0.0148000001907348	3.977184750888763	2.3490525606622183	4.562597886878949	2.7745354963948974	1.4672212064629628	2.422285817389619	443.19616	0.0158748317544249	2	0.53892
0.3504105263157894	0.0	1.8551477139215788	2.510246839657407	1.5358751422733303	2.752678157339287	1.3497693543205909	2.6719594921202985	307.93284	0.0058986739126724	0	0.4562
0.4421868421052631	0.0739801648813967	5.399460964749927	2.216089446944107	4.91341859079212	2.164772022872057	2.1433034210284525	2.9325820299751464	219.0194	0.0108955902393074	1	0.50444
0.395753947368421	0.0843411565638171	7.4735699485663964	2.2612808939678133	6.629878797148322	1.7469017800510127	4.388237799197704	6.645823849220732	253.96488	0.0178638369043785	1	0.54352
0.5867907894736842	0.1126426339047847	5.588469488987918	2.410927066154731	6.834324559975395	1.845025830881219	1.9448075694981208	3.062348975887996	377.4432	0.0076261942363135	2	0.49404
0.6319947368421053	0.1225337679615646	3.82018740373573	2.4081618290234577	6.982655749768687	1.5514625530963555	4.847214733622883	7.049711961157405	421.09996	0.0185307618183248	2	0.55368
0.3092394736842105	0.0572576605952485	7.38092715205189	2.211500329652454	3.6875237112007615	2.189091406303412	5.495990617463411	4.2731706399746985	466.08328	0.0118016000111488	1	0.48908
1.220446052631579	0.0220444377573176	6.904585373478764	2.54465389677658	11.515300548118336	1.764535169528458	4.076101230715896	16.705328585524903	529.181	0.0174291153283154	2	0.53916
0.414225	0.0	5.954732720480263	1.8817043289316195	4.726197083122685	1.8928026317549789	3.1733228044446946	4.296056301022802	430.3758	0.0183817977082028	2	0.5492
0.2092565789473684	0.0	1.9841025521310296	2.09668162363805	2.5172265285304114	2.514568474270185	1.426880750922163	1.9728540545975568	363.4376	0.0072767277265296	0	0.49996
0.2953881578947368	0.0	1.6496465560027245	2.0949732941222408	1.6524488657925278	2.549477416664751	1.3642071393597426	1.8508672828508892	358.13916	0.0095321864306926	0	0.5492
0.344503947368421	0.0	1.7854657849185238	2.658194546306617	1.66798800550601	3.016240390814858	1.4886306653809065	1.6397012725232143	322.74004	0.0087662715465005	1	0.49388
0.1977355263157894	0.0	1.4938508477900558	1.8935603368724991	1.503665506392493	2.7159958716193877	1.4687961195108106	1.5138924216663372	304.7794	0.0078422483008223	0	0.51432
0.2702552631578947	0.0	1.9146016292364685	1.7858398842493044	1.7000954833845925	2.5628832535506585	1.3279914016564456	2.0351315655796	330.44176	0.0105347857137988	2	0.52548
0.2262736842105263	0.0	1.4556024410596216	1.894264336876407	1.797390501211573	2.821619796923451	2.075492177765472	2.434685407894338	367.55944	0.0098278086345511	1	0.527
0.1083578947368421	0.0	1.455391050295443	2.4275843563426576	1.795391272427947	1.6126846289106267	3.261428790269649	2.208170864696651	332.95792	0.0054102278247738	0	0.43344
0.0643415789473684	0.0	1.6340113632128523	2.0555110672212744	2.396597291461955	1.3772511274041217	3.4158649527110327	1.9725815510909483	303.0016	0.0046507071970052	1	0.44048
0.4912176315789474	0.0252940379652527	4.523888163790732	2.196611344179166	2.889447735895584	1.5343063244422075	2.726061451948945	4.398022103794842	333.90076	0.0210327856311202	1	0.52088
0.2002776315789473	0.019677552771061	1.3097889254137949	2.0127241366222317	1.9939898662221915	1.5349451470896514	3.615291403916362	3.5944769091847264	371.65908	0.0101740397459969	0	0.52716
0.2347005263157894	0.0	1.4875336771713503	2.2049003932662123	1.9126822181182848	1.516837269131745	2.9751404169079327	3.154918839708424	347.54092	0.0091344341057538	0	0.49452
0.3080894736842105	0.0	2.450457708621468	2.4035949389517546	2.628079708561566	1.8331239703142117	3.414365170886605	3.3951976209821626	348.58052	0.0077263532122443	0	0.45836
0.4427086842105263	0.0083401848872502	5.76718749313837	2.8389545764368966	7.351867047301082	1.7461602179584763	3.1006387535568893	3.123443903717818	346.91856	0.0099209627549087	0	0.4498
0.2463528947368421	0.025915674702772	2.1824339656215663	2.5881425531277165	2.7872532861209662	1.7057219034949145	2.653445094920645	2.160672202195165	295.678	0.0070642408210389	0	0.48992
0.6688036842105263	0.0293009257552647	5.287932124837691	2.1954063751730177	3.3632463498252867	1.9663475515396005	1.9548597727339172	4.720610651214128	296.66092	0.0145311682711629	1	0.50412
0.33585	0.0	1.7391158645140528	3.127854266927028	1.692722907295451	2.20844880174292	1.371496345908988	2.078574083306894	316.40144	0.012157834859841	1	0.52556
0.1759815789473684	0.0	1.4206800181804151	2.130884407348255	1.4590111589895711	2.1607496746454045	1.521594986148327	1.8637285328984508	325.23816	0.0074200803058638	0	0.50748
0.7204647368421052	0.013214284820216	5.516451375619753	2.779072819423761	5.458559523057777	1.7826747840280923	1.7982777277545754	2.4060211546288888	282.55872	0.0121646453361651	2	0.50728
0.4852971052631579	0.0217599991489859	3.085200844072088	2.359013288964597	2.070321379771238	2.454656925556468	1.4766104117692416	2.394362062181529	267.13996	0.0120789364398227	1	0.53728
0.2953144736842105	0.0771177451459701	7.051196393424993	2.0848192549535787	5.354145419605645	1.8001593481973033	3.660095515622471	2.7912331177827623	305.94252	0.0151254926540571	2	0.53216
0.4871657894736842	0.1138717616268086	2.8648695298873728	2.13694625790165	5.354328882071119	1.703778652788126	4.122991147639077	5.204642918480492	342.24184	0.0190320130153263	0	0.57584
0.8255815789473684	0.0171082653751263	10.540065621907765	3.0348958314246444	18.84748875816139	2.275603482057242	4.128234360913836	5.248507537587572	418.24248	0.0165237797929258	1	0.53132
0.3590552631578947	0.0	1.7460180698537284	2.082367437601865	1.5786817397401467	2.729209891311073	1.37826603069557	1.9147112128336043	448.94276	0.0148914731391738	1	0.5812
0.2219421052631579	0.0	1.5085077933874995	1.8267325257621088	1.5420620492135382	3.376535524227429	1.2816162687886823	1.972597858850432	504.00248	0.0175987394235064	1	0.59132
0.5527736842105263	0.0	2.4180360190640644	2.4786159725009163	1.8728630588890216	5.068786723465132	1.2456098016045771	2.9774388831373835	565.11984	0.0162009314828409	1	0.55424
0.4397815789473684	0.0	1.7015717438664533	2.332514126366772	3.0374151096339506	3.902519880779632	1.3354864344506303	2.535708641840197	516.7568	0.0135765343808426	0	0.55892
0.2531407894736842	0.0301940806057988	2.000646237476813	2.5278654807701395	1.8511373752294085	3.240464613681288	1.4199392515271794	1.935346271778872	469.8194	0.0098045956771864	0	0.49568
0.2668486842105263	0.0	1.4092416579632312	2.4425186563163	1.6536634771507828	3.099848765163838	1.4715390852899417	1.7712856138145687	420.77668	0.0151173413926538	1	0.52628
0.1940118421052631	0.0	1.4207794069235224	2.243451117185709	1.300479532350318	3.069373060837561	1.4229100654230644	1.6443489546793884	325.5984	0.005944281989634	0	0.46672
0.3007513157894737	0.0186606932708624	1.5336206600055609	2.0726956934004512	1.5004943833294937	2.663798883766076	1.1743338019459388	1.7254321407904143	399.82428	0.0133226450213965	1	0.5192
0.1686118421052631	0.0174203403999548	1.331991513827583	1.9605868485500448	1.4729730416035505	3.4848770839220125	1.2238705519126505	1.5926051365130796	531.04144	0.0127622590417371	1	0.55216
0.1749355263157894	0.0	1.3388335425804243	1.6875403998904408	1.2809409339191338	2.4930244668540253	1.2705435362808863	1.8327307672955977	420.51864	0.009663784850976	0	0.51928
0.1354118421052631	0.0	1.396015176393587	2.049588844123368	1.5903411255476776	2.549791917235213	1.5707263606087434	1.6364824916940697	505.9288	0.0069895527796534	0	0.48772
0.1287513157894736	0.0	1.2787064891058026	2.752213763991425	1.7301350903549628	2.636205528579136	1.508590635312013	2.111669954293962	846.12584	0.00947530962646	0	0.5506
0.1310342105263158	0.0	1.2683948833870289	1.9056853047195907	1.5529374878871176	2.7368906391323016	1.2608222843992192	1.5554885274518688	710.04836	0.008898167543271	1	0.5138
0.0939710526315789	0.0	1.4038683364763738	1.8460278030964128	1.3846641696737594	2.6057370090195704	1.2840642088551777	1.5142698544863409	351.352	0.0073800368600031	0	0.48176
0.1194552631578947	0.0	1.4149149423578555	1.8840422266013328	1.3895584692439844	2.674120996589736	1.1169912658062835	1.5788800380454169	323.68104	0.007217666130697	0	0.46872
0.098828947368421	0.0	1.2730681419658618	2.259149384880997	1.6428788996039625	2.6708038007899897	1.3127329202491314	1.4511263660827065	352.40016	0.0042032278660465	0	0.41548
0.1227657894736842	0.0	1.172481593544382	1.978304865343979	1.3641728568469642	2.5438222728567355	1.4859576636755791	1.4572689185840726	359.79928	0.0053329887665019	0	0.42928
0.0916721052631578	0.2509526229157465	1.2873453667773995	1.997553861147001	1.4611020622759032	2.4779443254817988	1.559633027522936	1.501453238782714	319.61756	0.0054468647117474	0	0.45868
0.1694384210526316	0.0	1.297180051814223	2.213898482811783	1.2910273471040992	2.2596652250338525	1.2837526395173453	1.2809006962477136	235.21876	0.004959662575301	0	0.41772
0.0688131578947368	0.0	1.4569271903682592	2.476913776100718	1.3299912239052134	2.369426778744322	1.4150637365297158	1.4441790327061026	246.4214	0.0038545960428346	0	0.38496
0.1118578947368421	0.0	1.3836665116998097	2.077680136790818	1.169432883225943	1.961686838859968	1.3566058720010563	1.5057139779320108	378.76704	0.0033059054844432	0	0.37928
0.0944	0.0	1.2233229633858649	2.4110093814813243	1.6022393237725092	3.2831544883160357	1.609577247835271	1.6177882890663406	469.14132	0.0064493108061306	0	0.4614
0.0732	0.0	1.3219217187578074	2.057313181856945	1.5661608304185357	2.633123564452578	1.49303242092572	1.518666120756492	402.53404	0.0051543064139169	1	0.42176
0.0732	0.0	1.39884997630427	2.1684893977425257	1.4104489318776372	2.486287919960964	1.3720482922179078	1.5346680423975236	352.12096	0.0041871982930162	1	0.40832
0.2103673684210526	0.0	2.512896238026133	2.1826368368254903	1.622422518466324	3.1754943606534787	1.5833904344251062	1.5376832751507457	400.38228	0.0074488421687133	2	0.47664
0.1450010526315789	0.0	1.2716898988102328	1.8624945796503851	1.3634126243610003	3.450954296933466	1.4864864864864864	1.795646422521494	431.69892	0.0136477975225448	0	0.57904
0.100875	0.0287284457567826	1.4737890342141982	2.2125924158318395	1.4063657262584024	2.481995374898236	1.3963039014373717	1.6958942384808424	422.02148	0.0081827511561267	1	0.47904
0.272923947368421	0.0	1.2773320537371795	1.9600492036563355	1.512519976270288	2.7588257826753244	1.3440273037542665	1.8805864445378304	410.2586	0.0140810499034208	2	0.55924
0.0813773684210526	0.0273376420954615	2.2443642585446515	2.2547781654709165	1.5582224869295358	3.260036928424025	1.217767283329569	1.6548928922064128	330.57596	0.0137427478345702	1	0.52616
0.1913421052631579	0.0321383522508372	2.3708354797358697	2.3586329985193486	3.3115141740573293	3.411137846887237	1.5089132717317204	2.1023858316296287	279.78004	0.0085961113694836	1	0.498
0.5938631578947369	0.4087037024799939	8.723944244004915	2.5602448271871148	9.681980917083518	1.706385971280143	4.917609531381156	3.967982006649717	276.89892	0.0094845433239025	1	0.47432
0.3691973684210526	0.1104874756214999	2.311409438972161	2.288350339272023	4.055535027166425	1.5326973911044708	4.3751243524568375	2.369621843003413	234.438	0.00886003136449	1	0.47708
0.4602036842105262	0.0462807406053528	8.723972348377897	2.1431792053178595	7.04737659633067	1.608765755517275	2.614497054687022	3.2204227159701606	222.36096	0.0118432752436399	0	0.49144
0.4772931578947368	0.0344067037272502	2.729484565559485	2.9453905332072496	6.065133333718431	1.5123433605798815	2.974166516619252	3.260831242141996	297.00352	0.008752216092874	0	0.4872
0.2193084210526315	0.0222514397327605	1.493162302661524	2.154876029783561	2.0478285096828066	1.785529262427889	2.421783467294243	2.3881506880995627	387.3628	0.0096324356426561	0	0.52264
0.1178747368421052	0.2102396532641877	1.2630755667040918	2.199242387306702	1.5771203861258691	1.5002606429192007	2.7012205410281127	2.632913162206445	403.09988	0.0114762485655616	0	0.5218
0.1472778947368421	0.0963529918993328	1.4867496527245083	2.394683240164133	1.4817948798669904	1.40584126984127	2.8678529605830216	2.0575071759770367	391.02028	0.0068779758102753	0	0.49152
0.1459368421052631	0.091171426413148	1.3225721064617684	2.059798055146058	1.7708789423471512	1.670137590252876	2.9614310966055126	3.226927752739224	470.50188	0.0108206822658286	0	0.52404
0.110375	0.1835678407194169	1.1810418107264136	1.9007653013279884	1.6227601254706163	2.3292856639888795	2.1024520004754037	2.946189736196664	455.90188	0.0094663950493756	1	0.51352
0.2582460526315789	0.0246703080605445	1.4642578338042207	2.05345612540171	1.464433208249731	3.855564568709304	1.2268014252984327	1.7588669950738915	440.0784	0.0116607358545415	0	0.54204
0.0563092105263157	0.0	1.3675442757891327	2.792845958520416	1.438872628509236	2.9238359845127584	1.4274507628351891	1.5041934265205892	386.9532	0.006764605404682	0	0.49392
0.1408776315789473	0.038721165862294	1.4895388607614115	2.725311679148854	1.4085867688070075	2.2926404407606484	1.259845125878321	1.5545068221450156	300.02228	0.0058337894281043	0	0.41604
0.1316355263157894	0.0602898731922496	1.3113844906802374	2.2136518234016704	1.4628059089840837	3.554565200631128	1.2395181633069938	1.6298359100175088	450.60752	0.0116967893117315	0	0.52472
0.1113513157894737	0.023043158322208	1.273400504900282	2.143733546566306	1.5532369837065112	3.622058376406202	1.3330527873965796	2.4284855308401543	526.63856	0.012269681269281	0	0.5554
0.2223776315789473	0.0	1.2157138543896864	1.6994818706629646	1.3168764097042307	3.44772724828365	1.161412703547935	2.013014465493305	568.86356	0.013349003731959	1	0.56152
0.2390223684210526	0.0	1.3237005763369174	2.112669153507557	1.6173050329137209	2.982971084936586	1.4189112578537926	1.8980326156524805	554.49796	0.0142846551208986	0	0.56864
0.1230447368421052	0.0	1.240597910534154	2.6736834855077607	1.3712518699404108	2.9705695009755453	1.219236894347608	1.5088071771444749	476.85612	0.0084176744732786	1	0.5058
0.1666342105263158	0.0	1.3609655017614548	1.7650476329457432	1.36139465100469	3.0944588729402644	1.1672860270169256	1.6436872391405974	436.43904	0.0095459119309397	0	0.54656
0.1360776315789474	0.0	1.3732603924297215	2.492424171391467	1.3784520411504562	3.127802024811629	1.241813891561537	1.5099583894469226	349.05588	0.0073516943338688	1	0.49532
0.1841197368421052	0.0	1.4434682981284963	2.4443337844630126	1.6606031339124137	3.0910715664421	1.3008708427068454	1.754486318476401	345.66204	0.0110130675100578	1	0.5352
0.1121842105263158	0.0	1.4833911176403416	2.779697084006592	1.447676839791764	2.995601756781984	1.3199928752103751	1.53624153595984	398.58212	0.003974472803526	0	0.43404
0.3765184210526315	0.0	3.160720655911259	2.648455681156748	1.6851291878552184	2.7732477094234045	1.7258444616289208	2.233081511359548	372.23888	0.014013475284068	2	0.49232
0.1290881578947368	0.0	1.3545215700673798	2.303922003480843	1.557501432193337	2.7555548074238976	1.26534437711697	1.485883938778644	338.03688	0.0051655600946791	0	0.43972
0.0984776315789473	0.0	1.3365466041414025	1.9045430861246908	1.6523645701806682	3.3872189966964616	1.320439841789648	1.5860948376782769	362.14364	0.0073814117500185	0	0.52256
0.1599736842105263	0.0	1.3097500355563745	1.9716873628551717	1.429725175386441	3.24520719705181	1.382208002946152	1.5923271469976283	418.00152	0.0063340215907552	2	0.46884
0.2574973684210526	0.0	1.4121847089560045	2.3771728619038863	1.3635104311719966	3.681367229075428	1.2987960493115132	1.7820996263170172	495.40264	0.0114995375693896	0	0.5394
0.2758094736842105	0.0	1.6361528242066832	3.040952252092173	2.4093969408824143	3.17515074276156	1.7713328477785872	2.6965566092359654	482.71768	0.0133510916044431	1	0.55592
0.199478947368421	0.0	1.5273366508264603	2.1414602222312302	1.514929462446263	3.2584805596225803	1.3516233286157875	1.851981446468164	317.09188	0.0077259806850552	1	0.49516
0.5414273684210527	0.2237366066604364	3.697344135942138	2.5089663386997816	4.2950291626700885	2.523645311869932	1.825680439323072	4.021971611721612	245.9604	0.012513491687126	1	0.5338
0.7022831578947368	0.1067836333711898	6.292161039830749	2.3657178465063	6.810239260459463	1.6646950165359164	2.9781149469068	3.5953126315484383	268.74156	0.0160342844867005	2	0.5574
0.2535934210526316	0.11059125382738	2.0776091193668416	2.008137499901237	1.832759793624355	1.4920810088454275	2.5061021790466493	2.5794037433295616	307.54092	0.013081652163232	0	0.56152
0.2339602631578947	0.1296333351609755	1.7376376320748343	2.1960709936148373	1.5521363305606004	2.025664896333622	2.2598657571025456	4.292780927460386	340.4808	0.0137189346838698	0	0.5596
0.1206147368421052	0.0197466183435684	1.5904462934708294	2.158955809956905	1.4035271995959826	3.612377102713008	1.5335786806346832	1.6202762598209746	306.85852	0.007715387881293	0	0.49072
0.1092157894736842	0.0344563106871206	1.4622160495009238	2.061137886510364	1.4507193735594526	2.9151949784818934	1.289541521889287	1.792222606833436	326.06204	0.0092780116538089	0	0.53364
0.1650286842105263	0.0787965922328327	1.3729912187195883	2.216648569558353	1.550691067662229	3.617378832309084	1.2963430155979203	1.9087323980467383	358.36144	0.0113561524424833	0	0.53048
0.0780828947368421	0.0417896943037592	1.300102989462883	1.9872429899432495	1.4341878108768145	3.0244660087915145	1.2262724875898454	1.6282496961696362	389.48056	0.0063103418512554	0	0.4864
0.1327802631578947	0.0480420021316604	1.7565814775080943	2.579538013727684	1.492309605925256	2.651812331475822	1.4106980498675112	1.6290615142852596	441.58108	0.0104811728537433	0	0.49856
0.1226671052631579	0.0	1.291497085250815	2.829205483569688	1.7180717952386737	3.524081092825968	1.1430045849060786	1.9313880386597344	374.15816	0.0103974287593364	1	0.524
0.1383578947368421	0.0	1.2702337203951015	1.996171403259273	1.468550006761291	3.4136326357466062	1.4863856042249328	1.5046954831963046	343.73932	0.0092522717194697	0	0.51976
0.1014242105263158	0.0	1.1574817657217678	2.2821034934329107	1.4936158063923282	3.956592697672848	1.2308566398591607	1.6382015427337244	415.58156	0.0106329832105776	0	0.54248
0.2004852631578947	0.0	1.1960615482846924	1.8672071417880256	1.4344200556051474	3.227213370050328	1.1810420959670298	1.7746366560059543	438.16152	0.0115056260337899	0	0.52392
0.0997378947368421	0.0	1.3498467509843646	2.551071491169896	1.7694653534552636	3.680403637635537	1.323986961997185	1.5863738598972057	402.59704	0.0096708155738956	1	0.51808
0.1682394736842105	0.0	1.651421374264355	1.8877817976003264	1.39411471536904	2.983798574384916	1.3900455065226016	1.524394920247892	344.03912	0.0134600576602886	1	0.52576
0.1317578947368421	0.0	1.3745093947998173	2.3478756028382928	1.528832766756473	3.0545417841229425	1.2543049085929636	1.6513903724147825	345.682	0.0070564853647701	0	0.50412
0.148678947368421	0.0153364245755684	1.444980163819776	2.2944774383716195	1.4584873696180582	3.493213607676125	1.2338308457711442	1.5744652265698458	379.8986	0.0086785389511374	0	0.51164
0.2854394736842105	0.0153364245755684	1.490041623810071	2.441450021949879	1.4486034090476416	3.482044833532299	1.3939240077853938	1.7613155297514496	349.85716	0.0089031754534384	0	0.50192
0.1963855263157894	0.0	1.46560712761109	2.4881598236626683	1.4415842180183809	3.1584316963863297	1.4447483848710188	1.6483572667005566	258.55824	0.0049771459980571	0	0.44928
0.1650671052631579	0.029297129942639	1.6925829071298533	3.5729739984119053	1.5780257432473894	2.2895844689208467	2.1150662237362874	1.9033729890060287	251.94044	0.003677769681934	1	0.40428
0.6986421052631578	0.2938978174354029	5.907119167690084	2.2795949147808403	5.686197187786159	1.9463251076829409	5.873857486147468	3.569392587960877	262.30076	0.0104852510104985	3	0.4508
0.2673894736842105	0.8719410960795548	1.985668837455742	2.399704692437173	1.9185512230295632	1.95705254822603	3.4820112771628926	2.752190594217345	265.74132	0.0111308977529932	1	0.49968
0.2066671052631579	0.0	2.099697087009956	2.228161365262997	1.5349722303066935	2.902701001920319	1.669338744330389	2.047929501808884	299.35936	0.0098448768339437	0	0.52772
0.2430881578947368	0.0179372729677142	2.731416861329332	1.9416285192976408	1.611123279951592	2.1925306814826007	1.4918032786885247	2.0447643743924795	318.9398	0.0148257276161628	1	0.53776
0.3360815789473684	0.0	2.447224947992368	2.0928476969589105	1.6743575777897486	3.150407128633982	1.3373440971707895	1.6949405830554845	314.14284	0.011873292803624	2	0.52616
0.2172210526315789	0.0	1.6864931121798512	2.461787176333226	1.865414437422095	3.2844547143310225	1.53537751345064	1.9248829182289984	358.2214	0.0085517890417926	1	0.52088
0.7300368421052631	0.200798388284835	7.886037990045315	2.534556180671481	10.257196797261232	1.867779450496316	5.123272164301103	4.120933229733607	364.01676	0.0141882842886447	1	0.50684
0.2038368421052631	0.7158501446749513	1.4689586118162214	2.309336820937647	1.8146900527391756	1.3221985064663675	4.396518503204466	3.412226030610233	249.7548	0.007229795758356	0	0.45228
0.1364118421052631	0.0229702176122338	1.5516590380898103	2.960284316983048	1.7938783335613229	2.5775530406181364	1.6019915214103644	1.885943355713249	182.67976	0.0029410462227726	0	0.39212
0.0834565789473684	0.0	1.493205182531304	2.4189218812812903	1.508535669369877	2.757761386763222	1.4040546594143493	1.3496679218062468	217.8048	0.0036027321545253	0	0.38544
0.0775102631578947	0.0	1.3247471352134808	2.403518994239452	1.4350373848071347	3.394412361545306	1.2331639571035296	1.490840543155252	312.18228	0.0066675574636985	2	0.46876
0.2104897368421052	0.0445012795297723	1.4476420673100467	2.0349728503211675	1.3340150085441365	3.429077892325315	1.2887615462255957	1.548544481726671	350.74012	0.0079363361461898	1	0.51808
0.0686394736842105	0.0	1.1696773528814532	1.957494719346365	1.4516088286938498	3.008546193696935	1.3800443852902895	1.5537535861052958	349.0998	0.0057325807091243	0	0.48232
0.1269552631578947	0.0	1.3006888840772317	2.1178474444013617	1.537468492461015	3.1757382376837286	1.347941237326712	1.332394520816487	317.13724	0.0068991863215495	1	0.48168
0.0845881578947368	0.0	1.136520344966219	1.971475828284471	1.4383472640723023	4.321845394229285	1.2585030318100958	1.4856787674148135	290.70068	0.0102665246640584	0	0.53636
0.2336802631578947	0.0	1.5480494205032138	2.63146173655645	1.55759796497827	4.069144053474377	1.2578401644034651	1.8243835274171	347.1042	0.0102641648303059	0	0.53672
0.1524242105263158	0.0163525415388918	1.6752566880872266	2.486787724808798	1.4814320058220405	3.060677320107044	1.3665505630668444	1.691372319287995	412.56072	0.0095748850032862	0	0.50292
0.1811021052631579	0.0248671419480267	1.9185170812960264	2.3404556003960777	1.6600338459033437	4.113173008040363	1.4383857640535809	1.9230462184873949	397.39592	0.011983089994718	1	0.53552
0.256028947368421	0.0	1.9793068413288977	2.650484173509255	1.8976802570571865	3.48589203587402	1.3845100570146702	1.652060781970292	277.91648	0.0069636429001653	1	0.47412
0.1409763157894736	0.0	2.0978690012241112	2.509564463705309	1.9424374992389664	4.1780035056365135	1.3465701287908836	2.201382460474087	199.57876	0.0100224229289153	0	0.50788
0.2318802631578947	0.097286487368483	5.3627387324810245	2.5073310093967867	4.328218724011755	2.600422834770647	2.5331817843025064	2.807192446355945	220.26124	0.0079028918080294	1	0.42056
0.2192565789473684	0.283063590164571	1.645908527418097	2.504593891722564	1.7442336956130449	1.6192200325147694	3.9796793467785743	1.9906398963803504	259.20192	0.0039710311654385	0	0.40788
0.0729394736842105	0.4108990087523854	1.4630299625911725	2.597594209445988	1.918491955195179	1.293054129990536	3.896467455265487	1.867600869956168	263.41972	0.0041058886009279	0	0.38128
0.2406052631578947	0.1740926131075862	1.5667008557842674	2.159029847865156	1.6238613534791548	1.5067842856446614	3.8369594920867134	1.949721727982816	287.06172	0.0046306821497398	0	0.38904
0.1524657894736842	0.0193104876959568	1.5224645969501718	2.935274507778647	1.7050568037782077	1.7217280900654777	2.7071338064535166	2.0803703026512053	328.86076	0.0060747536338953	1	0.42812
0.1456578947368421	0.0460019680924309	1.6701373090175156	3.15780608209739	1.4024128077675924	1.6903669621105637	2.3863767873256863	1.8719883873171284	343.91968	0.004692714354615	1	0.39976
0.0946631578947368	0.0707657469045861	1.5681426374889342	2.296955892424304	1.6834576398991554	1.4538358060629903	2.525926060298226	2.0678602618583244	341.98028	0.0044754880087077	0	0.4032
0.0799347368421052	0.1807577228687339	1.309837381343787	2.8988193868087344	1.4492068328912466	1.4160781011197403	2.7120604534005044	2.169482045957608	323.1798	0.005709422001786	0	0.4224
0.1545178947368421	0.0154573328354779	1.2257783473948185	2.2028579437027984	1.61173504788276	2.802332120558775	1.6495964535322392	2.2764845595320558	381.90356	0.0106791410019818	0	0.5052
0.1363263157894737	0.0295900011062622	1.1731428714885346	1.8251470750382317	1.520295411250185	3.4007708420611644	1.4391244070515	1.490913633713667	462.12328	0.0126001549521263	1	0.5836
0.1668263157894736	0.0	1.3367294317286775	1.99752231959066	1.392937825514872	3.0208622463293744	1.130453003653889	1.7733271380010271	474.20144	0.01755457335984	0	0.6102
0.1680315789473684	0.0	1.2189336559587944	2.166950300596578	1.5482506084209564	3.582785609228074	1.3094341480223484	1.9339357653502791	504.6574	0.01498023492182	0	0.58156
0.239525	0.0	2.5844100928287945	2.1221430014618665	1.6703623385466484	3.3562327803465197	1.792334274311301	1.9919935790839527	475.91848	0.0211115350863512	2	0.62424
0.3592907894736842	0.0	1.5921634364186144	2.8024500476626604	2.098909472660842	3.4786338617641044	1.999443927175724	2.0743210724766667	407.43976	0.0156050705184656	0	0.56716
0.544717105263158	0.0438195384412389	4.349345193589913	2.509843774677333	5.528437917932746	2.037486309315061	1.5349097510901473	2.8696255903360948	368.695	0.019706305759514	1	0.5426
0.7158881578947368	0.028246892181262	6.052722587171162	2.159610647150881	3.627863773049164	2.2491608582413494	1.5446758441482609	2.717806934487578	297.09948	0.0222339169038043	5	0.52544
0.3646342105263158	0.0	3.8070569412631614	2.544539474446476	4.030327292986147	2.7382046671213907	1.5601673215870202	2.1528288743954924	304.88328	0.0162368153350493	2	0.52168
0.4166184210526316	0.0268682459018334	5.915979130282884	2.163329964595035	7.696240554681476	1.5688476420551671	2.83491815678899	3.7366430734735534	382.34068	0.0228538295360172	1	0.58612
0.318153947368421	0.0301798175146899	1.7657723868456157	1.6509234762700156	1.6017754805484417	1.7332666909095586	2.0169944120685965	3.25817634830014	397.39872	0.0291983082999902	3	0.62872
0.2608723684210526	0.0437118381185863	4.184259270345367	2.7082596757006048	1.852425379564404	3.4986557142711927	1.9749845105328376	2.100401555093998	335.91808	0.0233470119105893	1	0.56748
0.1612552631578947	0.0330655396912364	1.784109106497357	2.914568600001953	1.9734868358259792	1.7850284029318246	2.363077699097876	2.305120066080595	290.27816	0.0047671197956099	0	0.45636
0.1485342105263158	0.0444766527102951	2.618149354007192	3.6279363289698057	2.3547923434767144	1.8643907108320208	2.453018746074294	2.2822846000717094	246.75944	0.0057316593024835	0	0.4576
0.1391907894736842	0.0569278792520549	1.6015147084622132	2.97129094562734	2.0920742742234397	1.4743221684332943	2.626922741868498	2.0488090483887325	227.72008	0.0048256437724127	0	0.4656
0.6042907894736843	0.1480322342183946	6.35681620319731	2.46605535111595	6.560284565551355	1.6009534520811357	2.8590126678917325	3.748385653643437	276.56152	0.0131849994222206	1	0.49132
0.5680815789473684	0.0998450006453715	8.523407627660376	4.924056248503733	4.966906457369748	1.5804126974774673	3.726293878533663	3.4608767450601787	310.50092	0.0167801457369678	2	0.49876
0.5962052631578948	0.1401182928610926	7.420713987524954	2.2072007515431418	5.231929490799375	1.696675565531062	4.368872209684644	4.361282014594362	315.63984	0.0154937254388718	1	0.5394
0.2651960526315789	0.1408729616559329	1.6125052515422686	2.1497473587505738	2.2337068175825343	1.4098512532811776	4.125467844715723	2.693621589822781	325.98156	0.0085102155204204	1	0.50324
0.2705813157894736	0.132398555282034	6.952516404202952	2.070344316919659	4.358576751463512	1.61101946552293	5.23096933744969	3.4038668547507003	360.54132	0.0142319300751125	0	0.51096
0.25372	0.1436725234288475	1.382095404370396	2.799326290592681	1.4339947425426929	3.36497890936358	1.8498705083973443	2.668142854067552	391.34036	0.0212921567806075	0	0.58952
0.2658331578947368	0.0	1.961567692653386	2.1770060779724667	1.4949559239757788	4.192460224362681	1.2526915959022893	1.6677754484752445	364.71888	0.0129935066376363	0	0.538
0.1337997368421052	0.0	1.34608192886894	2.3925298869772567	1.6145706981063148	4.182946667883726	1.38405578475947	1.6692362256454756	351.14132	0.0107211171908939	0	0.531
0.1874907894736842	0.0	1.7987329480865484	2.261049994332765	1.846626310135752	4.404772702627191	1.173537545382304	1.8137085673817883	403.62164	0.011684757179127	0	0.54856
0.2480986842105263	0.387164280332368	1.7900391874980983	2.7432962321560246	1.738862823572091	5.189561777059228	1.2210891834478663	2.2855714217029663	401.51712	0.0124859308943678	0	0.53496
0.1737960526315789	0.0	1.745119466844005	2.705993151485403	1.547604742629265	3.252679350186778	1.4784848379209532	1.5294536443378044	382.56104	0.0086526251158994	1	0.50172
0.1522776315789473	0.0	1.3497034222208526	2.0843226788432268	1.4846700632363616	4.618506050836078	1.3433108860491012	1.579480572165407	430.36328	0.0105904363525264	0	0.54092
0.2442802631578947	0.0	1.3699912311839746	3.092917513733293	1.3630582096890236	3.854209882128416	1.3225067157878578	1.6225770400131383	441.7576	0.0163673941826995	2	0.55356
0.3157542105263158	0.0301599907858267	3.3330662566752043	3.536380082512543	3.6284367647475326	2.113212465871173	1.5865879535284355	2.6269546143330973	418.5802	0.0195155798256923	1	0.54736
0.6670057894736843	0.0286263218666864	5.912622517878139	2.1955546595803166	12.593207249314082	1.5300277315585138	2.8072393476558872	3.748401180258473	426.32104	0.0163825984325128	0	0.55268
0.2143084210526316	0.1132307249409319	2.277567992927449	3.593840317196052	5.7834788370398	1.6306954436450838	2.6035227902430798	3.1821528641965395	432.49884	0.0135421675646305	0	0.57444
0.5559263157894737	0.0525792286560542	2.621039921701506	2.49506500742606	4.597472940277759	1.9217140944091065	3.160088146274253	2.5237573970162974	421.67952	0.0191658462863108	0	0.5554
0.2055736842105263	0.1251696094811375	1.899898264734798	1.5426812555204776	2.9802697138380823	1.2948607165601678	2.477239490422906	3.004486721055372	399.92016	0.0219982274508476	0	0.61288
0.2208631578947368	0.1203048412263033	1.281089688672404	1.733548266906042	1.4071265026039197	1.646214243946551	2.670921213671155	3.051418819065053	432.22324	0.0133303877312996	0	0.53104
0.1534723684210526	0.0179917616684748	1.3184926147439406	2.027947698200358	1.5108714126918272	1.5650610808801426	3.237805857502255	2.281833412682243	482.32136	0.0072043713417473	0	0.49828
0.6077407894736842	0.0	3.505037777948463	2.163056017757074	6.754551436734578	2.2919286652234088	2.060459348300748	2.4162982123480607	486.79768	0.0161088029785016	1	0.55268
0.7772947368421054	0.0387842935289142	10.24063123395635	3.608187917944308	9.438566601430017	1.8476148872932172	3.2044927463614896	4.867068262527949	440.19712	0.0146952756941318	2	0.49932
0.3120815789473684	0.0751647256263373	1.699772769038311	2.4772694299336178	2.063595255789645	1.7323748702860338	3.406220032406336	2.2194682220748314	389.3204	0.0107091698937556	0	0.49636
0.1799105263157894	0.0214630901224087	1.8051731526601211	2.69909129919801	2.0581696887883254	1.6005737199058987	2.8553407169227105	2.1594308227318746	428.72272	0.0073968825509968	0	0.45984
0.1269421052631579	0.022675197212519	1.6572854854952557	3.804385663806158	1.925258091974488	1.6252815101699127	2.5080967909200904	2.066729775422357	470.0004	0.0077542174461308	1	0.45364
0.185353947368421	0.0294001241065475	1.60278241074903	2.638155075187833	1.8528177568963764	1.68308334608191	2.3621850755818605	2.199665203255616	493.6198	0.0074466864806764	0	0.462
0.3628986842105263	0.2168454759664304	2.2823461566718084	2.608211354348185	3.468537897415903	1.5701908890409917	3.190128638045719	2.6290078948888307	523.92176	0.0092355438150377	0	0.4744
0.1043986842105263	0.0290046510567862	1.4964281141556084	2.453662179358381	2.341200040976805	1.9337103596179432	2.7099567848668986	2.3580902594772897	461.5782	0.0072092530599762	0	0.46516
0.6560381578947369	0.0222784498885596	3.0561567183633653	2.519210935440172	10.73682917595934	1.7729871534077373	2.527585763958098	3.0111312816350937	456.71944	0.0091064558427123	0	0.45516
0.0725921052631578	0.0354701822697597	1.4434763153692027	2.4102063581726485	1.3907774178819414	1.5653365103396073	1.8468512991369936	2.149185335000517	467.08032	0.0130606859935381	0	0.50296
0.1660131578947368	0.067871911346236	1.6099594361996272	2.266414889117167	1.6923734387294314	1.688924924480155	2.220632628717265	2.121428220872892	514.56232	0.0106297714526513	0	0.4706
0.0601710526315789	0.0276758815552028	1.3748987370641317	3.178121714550633	1.536012857060926	1.653530652916173	2.600000417292605	2.168541401996382	539.78108	0.0101029560708298	0	0.49172
0.2535815789473684	0.0957974924173617	1.3158195378746036	1.7975882447202576	1.6034059474548554	1.381764747043594	1.614756841063377	2.3769707625556533	467.97676	0.013078177230288	0	0.55116
0.1675157894736842	0.0160247201372863	1.4261661478320673	2.4717097044195087	1.57773247840145	1.650306315391403	1.828232633790805	2.026950509461426	402.05564	0.0095300719943993	0	0.51588
0.4986315789473684	0.0195442542030658	5.757461673768896	3.3434463844974385	4.135438193566981	1.7068020536223616	1.6742219244133434	2.660900057422548	343.94052	0.0082145164060417	0	0.467
0.2840184210526316	0.0552421806433317	1.3527697213643262	2.2484284527482226	2.266815526105546	1.4028696623421255	1.5735322439423216	2.141909019790464	459.64624	0.0107108930345493	0	0.50816
0.2197368421052631	0.0213976615386858	1.353525110673227	1.892179024930476	1.6953873956876038	1.8482243069597029	1.5050563038656757	2.1712718301756166	583.67992	0.0154111901752387	0	0.56676
0.1003447368421052	0.0860282833236326	1.3204451061854794	2.329445502741636	1.7306967001008882	1.7679908805927618	2.2164407854267933	2.0476517995077685	467.3952	0.0117362352963756	0	0.56948
0.1461684210526316	0.0271874705589142	1.4637343104820777	2.1743193513089105	1.4977646929781994	3.270286463478152	1.3859773635650516	1.9576362347429412	336.93604	0.0122250427797261	0	0.51376
0.1130671052631578	0.0185816500405571	1.255467260745535	2.6837257482484014	1.4679374076620837	2.533074121761449	1.3833811223857737	1.8330113571482176	336.0416	0.0076942691484093	0	0.47448
0.0729276315789473	0.0155784205386513	1.3399468921693418	2.3508784758224395	1.1855709304805664	2.634954532164284	1.3086989532816922	1.5577152907138994	368.12352	0.0061403120573303	0	0.46176
0.1312894736842105	0.0275262788284656	1.5895110409374928	2.72481374791307	1.527476337954116	2.9494670363524342	1.4436686887184769	1.7168625688576649	463.72328	0.0072282418883898	0	0.47272
0.1134684210526315	0.0	1.2925829678236769	2.089800277130897	1.3827010189002886	3.4807849596131275	1.1992661760765155	1.6680936527466166	498.95744	0.0116040030529919	0	0.54596
0.1019644736842105	0.0	1.5112964769909778	2.6602782566102428	1.513640505991486	2.652195070429297	1.5526469250866382	1.4323445235696552	429.01644	0.005118801756992	0	0.42184
0.1061723684210526	0.0182018816691043	1.78682977390125	1.97697389581312	1.468454636741706	2.6684856739913934	1.1269351011844442	1.517053254582639	337.39968	0.0060103819034029	1	0.47648
0.0720960526315789	0.0289215963904166	1.3406612108082303	2.194924624462082	1.512006781361828	2.611880190188216	1.3806305096159703	1.562957661867609	347.02204	0.0090790486397462	0	0.49016
0.0885092105263158	0.0	1.2789702073189972	2.0851690873307698	1.5780760642478562	3.692987268071972	1.3377206102303318	1.687707886501881	452.08224	0.010518200197886	0	0.54272
0.12	0.0	1.2334682277653124	2.273361166866024	1.2936962162941512	2.4837007715337025	1.301837270341207	1.470422865633125	457.8388	0.0063322328978426	0	0.45328
0.0947105263157894	0.0	1.4054377263979745	2.371357851168528	1.343081763110753	2.6936372680286658	1.2641247699312217	1.494965991729272	420.23832	0.0081233638922256	0	0.485
0.0906897368421052	0.0	1.3100766057191129	2.108591632976056	1.278665705560271	2.402694111140501	1.3780790908357443	1.4264299866564232	386.87896	0.0055310210258294	0	0.43468
0.1153365789473684	0.0199387782576912	1.4370818448516025	2.3024361930748	1.5368854064010515	2.0682810503145626	1.304672574811418	1.6463342762847712	344.31888	0.0049971807517812	1	0.42488
0.0736394736842105	0.0148000001907348	1.5456299180112738	2.191384774640761	1.4905823355046164	2.131381379538845	1.4448359668164197	1.4374763469773926	366.4214	0.0034501647083285	0	0.39276
0.1208578947368421	0.0239859402992636	1.2943240370915612	2.1542079409728525	1.3161601357426604	3.023767155824314	1.1787497683424866	1.6690636921145394	404.16184	0.0068722237727221	0	0.47244
0.0992776315789473	0.0175027199195169	1.322742037257903	1.9995236832952417	1.4788817718247076	3.2188932975601148	1.4462000611797765	1.5357999716937598	350.6154	0.0068394522509855	0	0.47456
0.1275302631578947	0.0199964851946444	1.3426735256043547	2.32558307642269	1.5672675339420514	3.499090425314176	1.1770567164860464	1.567210045288567	256.08048	0.0066369332564227	0	0.46344
0.2258981578947368	0.0	1.4579886430163629	2.610034341731252	3.639544658145331	4.939329777048283	1.2901917715637408	1.9572055804989648	347.14292	0.01129176233509	0	0.50788
0.3896123684210526	0.0373655407210464	7.956556753791228	3.509988576125848	4.567777251333014	2.247421890709232	5.985259342074059	3.47336134614084	421.0376	0.0076010148335905	2	0.43712
0.3523265789473684	0.0231420461961134	2.0050477180468818	4.268932421369148	2.428917072287399	2.0746297789281622	4.006974743359948	2.825448452088821	345.05988	0.0075394971502879	1	0.45432
0.1300576315789473	0.0403144017776131	1.5283606633071172	3.197117474603937	2.753117652046757	1.7170452169681016	3.886834613761081	2.421502337909716	334.18228	0.007871445496801	0	0.44256
0.1288	0.0330390017732829	2.083711624114178	2.7661426535302573	2.673408652811898	1.4346032404526492	3.3551799083202063	2.17116766411747	385.56144	0.0067509370609591	0	0.4228
0.0969526315789473	0.0305096055826819	1.521711128533294	2.441165243716619	1.360387444475973	1.6069783145162904	3.109230716630197	2.372768445258604	432.92224	0.005093280205972	0	0.44272
0.1802921052631579	0.0315296702568114	1.802720782647012	2.44058764970176	1.7431145706118771	1.78599713303779	2.9305558496559025	2.1404053464482606	490.6	0.0064666953460784	0	0.43088
0.1373026315789473	0.0342101284640586	1.691207025077876	3.080764048257787	1.7761869743019982	1.7805951121481	2.580913567910927	2.5257300297432668	502.33876	0.0063716832146223	0	0.47376
0.0816644736842105	0.0383640373954825	1.4280102540043775	3.055611301257128	1.844683294175384	1.7574434000946224	2.5753632082754363	2.510766096606444	503.5042	0.0074274515988195	0	0.478
0.1429355263157894	0.0315974798002291	1.4440961871625315	2.138458036425165	1.537623983035468	1.5389544440552605	2.16716043302239	2.30903001493024	512.89956	0.0054766995065352	0	0.45836
0.0774986842105263	0.0383315480863669	1.498495650219842	2.8978929999611758	1.570715937757854	1.6295741842435003	2.173200716883444	1.697963498196256	459.2542	0.0043424109054838	1	0.39748
0.0647434210526315	0.0265000716844914	1.369514578153053	2.603169482377621	1.5124255581989487	1.5285018421669956	1.6612409543828122	2.150996845006888	410.02252	0.0049915918417274	0	0.448
0.1791894736842105	0.0261741540756955	1.5302899069934823	2.5235112591288926	1.3194617380498554	1.758601048651232	1.3680301593370665	1.8470387086691535	452.94132	0.005038518270894	0	0.45212
0.0916578947368421	0.0386301381051472	1.5305393590205971	2.417023594351399	1.419128652780989	2.030270753283889	1.565301076051151	1.6742199174799872	441.596	0.0047654876499842	0	0.44024
0.1276302631578947	0.0367222649988642	1.408672406116294	2.429356182556253	1.2203146257089288	2.290453363565786	1.299239745889402	1.6327704424043317	337.43648	0.0042690882858283	0	0.40964
0.075753947368421	0.0167787069636407	1.5081925276653938	2.228591878012591	1.158158222492863	2.31525785311672	1.3493821559155563	1.6539919098086608	277.15696	0.0056672828437826	0	0.41796
0.026778947368421	0.0323179115626286	1.2990685292935638	2.284976814639133	1.560378774580105	2.294144652900878	1.650223281393217	1.5846514343974882	245.20176	0.0044474924511944	0	0.41616
0.0256	0.0	1.4806207381474354	2.062817411606769	1.3937846098118674	2.323192223191251	1.250525909857797	1.4322216022334526	377.54804	0.0050173353047756	1	0.44248
0.0993934210526315	0.0	1.3870037677930946	1.9043641683822576	1.5583099837062548	2.512495825904037	1.6630743051616563	1.60582508464389	539.74276	0.0073995489293862	0	0.48852
0.1217855263157894	0.0	1.3279320991398365	1.8794788315442412	1.6028508718934724	2.7856871492596045	1.2038286118070278	1.6303457433081538	459.51416	0.0099323402715605	0	0.5132
0.0879526315789473	0.0	1.2283708250683865	1.970469522697108	1.480553269311219	1.9575393958362863	1.269366134312072	1.6940654452916826	327.51832	0.0050692440620415	0	0.42512
0.0911868421052631	0.0	1.2075361046650823	1.9860611124091647	1.2045519175290555	2.670226279866671	1.4014664094018592	1.430723155754578	345.56008	0.0072703060629087	2	0.47796
0.0673197368421052	0.0	1.279595418120147	1.655363763724066	1.4245163710282696	1.780644199718473	1.1645407300732575	1.319311804097159	388.06004	0.0071108705863531	0	0.475
0.1192776315789473	0.0	1.2102938963463012	1.8861245705971328	1.2540863337890311	1.8880706863080965	1.4408639202408793	1.4825539690114078	370.1612	0.0064315639972336	0	0.45016
0.0904776315789473	0.0	1.4545495600886094	2.0660040235162738	1.359028573526984	2.3992392737930475	1.228046594982079	1.6893141780192589	351.28008	0.0063200183612809	0	0.46972
0.0986618421052631	0.0	1.1226108061203737	2.226699905079448	1.271004373792361	2.199918732101618	1.2439714642243307	1.503158598610961	402.22284	0.0070526251091325	0	0.48232
0.0887447368421052	0.0	1.2860993005047552	1.941211819616086	1.51218264651765	2.6936760045879584	1.435709823325087	1.6688666911216343	468.69964	0.0080921745021202	1	0.51252
0.0712	0.0	1.2995858535265292	1.9844353761705116	1.78416037391662	2.33144421933789	1.373844121532365	1.412836109237609	412.11744	0.0058369224906668	0	0.43636
0.0646921052631579	0.0	1.1260681798759622	1.7781272387502534	1.304392470654588	2.155173322024062	1.1852726078317752	1.607224251409921	468.60616	0.0084587858677261	0	0.51332
0.1033078947368421	0.0	1.239417762562437	1.925691431052592	1.4937273436464429	2.605844560377611	1.3952808481840744	1.7852336455913471	523.57748	0.0103989032193141	0	0.54056
0.1119144736842105	0.0	1.3692350635578654	1.7955682688106591	1.3997978426680753	2.371235204396768	1.308474121298549	1.4021953378957357	385.69372	0.0074864224521552	0	0.48876
0.1051802631578947	0.0	1.2415068400309657	1.847318156662728	1.6515139476070362	2.8037209476357745	1.1928766781166131	1.4383988512859684	303.06148	0.0071634351032972	0	0.48396
0.1225473684210526	0.0	1.279294293967334	2.0309030045967527	1.337451344314929	2.606395006002401	1.2566362124620951	1.388528512179538	366.1414	0.0080405925272142	0	0.47168
0.1141936842105263	0.0	1.2069993160010095	1.9493185993352875	1.2907873571413269	2.5973616324799638	1.1634117607476049	1.491316945438897	379.21772	0.0098628772099579	1	0.54156
0.099555	0.0	1.181740530373751	1.8454859576014369	1.413290647196397	2.722916571844704	1.3710354369884572	1.403740399755224	320.61932	0.0064158002269618	0	0.47004
0.1860965789473684	0.0	1.341296864417718	1.6928961772856697	1.382148016990936	2.7154584863003755	1.3350022436320443	1.494071398008831	359.50204	0.013847842740697	1	0.54504
0.1400826315789473	0.0148000001907348	1.3257994058898197	1.816494013788793	1.4369948404840682	2.701983675124541	1.180952380952381	1.5153591175793852	411.88296	0.0132637930562916	0	0.57556
0.23994	0.0	1.240495541702833	1.8183216905173385	1.5105477652426509	2.602251564749791	1.3889747552807832	1.6973999464472729	441.30052	0.0128120118356452	1	0.5794
0.1838715789473684	0.0	1.327443308511086	2.3834368985634216	1.3143523204501812	1.9744195549419823	1.1738007571286686	1.3397929584678303	583.4852	0.0128866119612665	0	0.57436
0.1409131578947368	0.0	1.5113210359700584	3.165916239085783	1.6259950183175147	2.280634486881151	1.9725703264912524	1.8527867327606344	609.74076	0.0119971361607663	0	0.55344
0.1449763157894736	0.0	1.2603887084371617	1.9727273763969488	1.5347700494845211	2.452669231789837	1.28	1.7148811879036594	441.0138	0.0150324747887078	0	0.56272
0.0891894736842105	0.0	1.240470698638113	2.584013179195074	1.5257294429652943	2.5664491881518634	1.3316923076923075	1.5789291336268032	395.99792	0.0111625930213928	0	0.60024
0.0783394736842105	0.0	1.3346742384563386	2.4396489377369446	1.2007308461143973	2.068285613982373	1.1809828206152615	1.4254872005575694	392.48032	0.0106897610077787	0	0.54772
0.1904052631578947	0.0295899987220764	1.2988120129369305	2.1858838198152117	1.6486794543526024	2.2264314243200607	1.29476415901443	1.601888398239518	440.26156	0.0113564347229284	0	0.55728
0.1501171052631579	0.0	1.1386396540800818	2.041512899216154	1.3981047095715513	2.425006615776081	1.2860053397961289	1.311408399710355	406.85612	0.0105560977668972	0	0.52892
0.0496434210526315	0.0	1.204926400988934	1.9337833519003205	1.526281309825142	2.956440709478303	1.253369839096879	1.4264110756123534	337.09948	0.010526964930366	0	0.55124
0.0514342105263157	0.0	1.2830681604134258	2.4560220955661336	1.364378957284492	1.816973821989529	1.4847886634230336	1.3987346970123653	367.14388	0.0068886530825846	1	0.4368
0.0903368421052631	0.0	1.2727954880396717	2.00860740523452	1.4088155559489932	2.3634398629736397	1.264397195937348	1.6016351219066265	408.93932	0.0088446549762171	0	0.50204
0.0841763157894736	0.0	1.3027464187571152	1.945191585616308	1.3850310553619536	2.720229347538784	1.234993400129946	1.466357423956128	436.49852	0.0081801407853645	1	0.49992
0.1281552631578947	0.0	1.2254894010558737	2.029026463705069	1.2429676385317776	2.1519624517398874	1.2445466159224894	1.6178127239283593	401.88056	0.009984516363214	0	0.52232
0.0501315789473684	0.0	1.1814303026242052	1.8978216206831544	1.153335869261058	2.113635467980296	1.255573041565713	1.5328334787594162	452.92392	0.0077837564315515	0	0.48376
0.1178894736842105	0.0	1.3502328017144871	2.225378592014396	1.7047125563235448	2.6955811379234	1.4392057064974084	1.5304621320052785	418.89636	0.0106642603682069	1	0.5512
0.0752776315789473	0.0	1.2580347312758138	2.150608578274222	1.771367512402953	2.2312253527630634	1.349981831860264	1.4170921116070545	286.89436	0.005601032427374	0	0.45572
0.1353434210526315	0.0	1.158304604198784	1.9040255789898848	1.4727235485560124	2.516278331030785	1.217439396507883	1.5532616915503945	293.20184	0.0099455752774897	0	0.5092
0.1256802631578947	0.0	1.315826947069053	2.2143790884833887	1.2547597425204442	1.977386661921075	1.4428469938884994	1.822467464032202	301.91992	0.0075863691119937	0	0.46292
0.0750092105263157	0.0	1.4569072254724214	2.189710871366222	1.5564020888931056	1.953040821051007	1.5460636882568544	1.4340694926422135	336.9834	0.0044326943844556	0	0.41496
0.0861894736842105	0.0	1.157027528754477	1.807625295913385	1.5101371148064897	2.8516535723139644	1.3588977571676997	1.4652072607913986	370.01924	0.0101401965505235	0	0.55084
0.1531842105263157	0.0213828307355759	1.8675123134124103	2.162206760838125	1.4207277575664323	2.8393810301164155	1.257998277803537	2.174504896332783	340.15928	0.0102215872778962	0	0.52004
0.1229063157894736	0.0	1.6270458519607218	2.077255308979124	1.6243264985313122	2.870632113772503	1.3939126599029554	1.724211728706176	358.80128	0.006801395608362	0	0.48276
0.2063410526315789	0.0194705254153201	1.3282511269097723	1.9262969030611488	1.501528419779008	3.097044083784501	1.3040752351097178	1.8397547471467048	420.58108	0.0113017597808557	0	0.5426
0.114178947368421	0.0	1.3107032671944778	1.922546831472839	1.310668372611598	2.975228861081393	1.1996224634261443	1.5624281399267657	414.4008	0.0076584851831022	0	0.48796
0.1097921052631579	0.0	1.3099778989477324	1.858692675026496	1.4611585292169234	2.406881576945429	1.3458903677537375	1.5672432316303864	368.9168	0.0095544638810262	0	0.50308
0.2059815789473684	0.0	1.157183623935626	2.237090909090909	1.2805947087910627	2.5733798860297394	1.244591346153846	1.669638232344164	410.08264	0.0105258303482392	0	0.52496
0.1354684210526315	0.0184974998235702	1.2653799990463497	2.34501431113174	1.4467058451777792	3.029457827069794	1.288242933537051	1.7425470687402342	444.46228	0.0114272723749455	0	0.53748
0.1007578947368421	0.0	1.208621993212054	2.687744188083992	1.4516640281939832	2.049871055380443	1.266905068160263	1.5863311827095083	422.45692	0.0064524749400861	1	0.4574
0.0987526315789473	0.0	1.2719199794434537	1.9353894793515507	1.430381589852154	2.3550972275625583	1.2973632505074848	1.4867645842508543	381.36056	0.0073228316784956	0	0.49324
0.0564473684210526	0.0	1.2507336297564282	2.0330385712265358	1.571355396586703	2.9984009577618456	1.16537999881841	1.7384610502843576	389.86108	0.0091062134431916	0	0.51364
0.1787894736842105	0.0	1.214331963270733	2.612702854710621	1.8100506495228887	3.701922975005838	1.130241897902987	1.5293049481954335	404.45796	0.0107914226061806	0	0.52912
0.1076381578947368	0.0	1.2588884223698456	2.246301384857865	1.442902922198671	3.676357597357765	1.5411921778057016	1.5936737212778285	358.73612	0.0073525235963218	0	0.4672
0.1196197368421052	0.0	1.3385574946202288	2.176768265183994	1.323095066405478	4.1606652973297935	1.409466008303119	1.2870604221501267	269.85788	0.0093258478350849	0	0.4968
0.2243526315789473	0.0197519805195334	2.262318077140845	2.3448669474379824	1.638825929411228	4.518304905285797	1.2740985751671998	2.022409320283131	228.44248	0.0108257513090442	0	0.48676
0.122898947368421	0.0156607930622403	1.5013523833986238	2.68504296970702	1.9677251873202903	4.687054900477844	1.3062903225806453	1.8969287507042976	306.0602	0.0068723749973493	0	0.4774
0.1729784210526316	0.0564378571990352	1.3638221016402357	2.111447260336488	1.668742039507664	2.284131732207453	2.03511646339608	3.2070950963024387	333.86324	0.0094055097996136	0	0.4686
0.2103068421052631	0.0	1.397120942967158	2.3127683311832112	1.82736336108187	1.6188358035778148	2.858559141838001	2.714095229482252	418.6246	0.0095732753711938	0	0.49576
0.1525907894736842	0.0	1.606346239125541	2.5048060540157	1.829392298536598	1.5511177148073771	3.4941456939017748	3.093005969097781	506.81948	0.0093665314380561	0	0.47768
0.109225	0.0	1.837628968741715	2.9110090345049278	1.8166201798285804	1.830298828260417	2.9301611431436445	3.011736770309046	514.52176	0.0106610528854412	0	0.48732
0.1831763157894737	0.0	1.8084326285202548	3.436476537041999	2.863715675363181	1.8202753441802253	4.249406070079915	3.8571785557602873	493.5774	0.0097790284787556	0	0.49536
0.1911315789473684	0.0	1.4045788878011294	2.5093377649450845	1.7752684093228897	1.562754891726224	3.077600167001675	3.2763125882201978	404.41876	0.0117891682257021	2	0.53416
0.1764907894736842	0.0	1.5288504847246212	3.425786335281693	1.8911789488819015	1.946980083359828	3.546322593780221	2.7683703717076167	509.3054	0.0120551817975675	1	0.4964
0.1241486842105263	0.0	1.5287718279691986	3.949810769033452	2.226734444910505	2.433571471453443	4.915077919717076	3.202969463681897	587.53836	0.0130003306391659	0	0.51724
0.1870118421052631	0.0	1.4518747774309195	4.516062116872836	1.42364948024942	1.4924339790429155	4.319525570548059	3.294961380773052	472.07632	0.0134135465863872	1	0.54928
0.1776881578947368	0.0	4.981259634002522	2.1994031798350275	3.5646567628068917	1.7263464627876586	3.736015847554936	3.5281689221421577	390.5972	0.0166729317347442	1	0.55724
0.4414526315789474	0.0167218642046222	5.628179709851023	2.5748314922957856	2.206669781582547	4.80490549135537	1.3811396057410312	3.073105677644449	325.67672	0.015417539474929	0	0.5382
0.1939052631578947	0.0	1.887681145478535	4.005109070241597	1.6892637955823104	4.0135973450341895	1.5059497609510009	2.6029948632470776	316.02252	0.0134900608136022	0	0.50604
0.2651973684210526	0.0	2.5197101846391874	2.6354012250778487	1.585533047384186	4.392943661194765	1.3577967355821547	2.55854094854021	345.57964	0.0123577229705277	1	0.51864
0.1833394736842105	0.0	1.4948163452302454	3.08835780270272	1.39717636193848	2.993407638761304	1.3344257969983175	1.3540007593437784	358.6622	0.0107436760029372	1	0.49292
0.3480118421052631	0.0	1.3793807396324902	2.653223587078964	1.4075713119010398	2.430647184313476	2.1280295682034205	2.7643656723250745	395.4012	0.0160538638412952	1	0.54668
0.2115197368421052	0.0	1.937786661757085	2.0958520111270817	3.26631966373088	1.529533985343715	4.356784218207818	3.001246116732328	361.35536	0.0150191350753868	0	0.55144
0.589278947368421	0.0	5.412412660483551	2.615922811328349	7.696593759004455	1.8427645592567412	3.769209912456434	4.956904041140159	301.82028	0.0148219407116665	2	0.52516
0.4388473684210526	0.0253373617904959	4.922714943240348	2.4303753568681983	5.690176276934489	4.4608370306771405	1.8452887185910845	2.486797307280262	335.66212	0.0175278506123318	3	0.51992
0.1706315789473684	0.198847864710967	2.637999992732892	4.670399880065414	3.111466360644556	1.6328182715492714	3.453486770344881	2.408386189720621	404.46228	0.0070850431900865	0	0.4624
0.2495631578947368	0.2409944519726517	1.370366839429649	5.391369842283737	1.6157658546404747	2.003769781450377	4.375804223372527	3.74452747557102	399.79936	0.0079213449464826	1	0.49172
0.5686560526315789	0.0781105022120199	5.32364562956056	2.0501033774529054	3.642697998085132	1.61049491350967	2.642296999560772	3.087385431784388	374.8586	0.0237745076199138	2	0.58616
0.7925292105263158	0.0251844669910187	3.8290878551996577	2.124706130157905	4.435146923478926	1.8114761721847303	1.4986217457886677	2.2599066239882566	356.13676	0.0241970518567281	0	0.62484
0.93302	0.2044513975376688	7.669992133745487	1.9183156253046103	12.501219103038586	1.9695872687281668	2.478359908883827	8.081547305136588	197.15232	0.0234028029957939	1	0.653177234892062
0.0	0.0	0.0	0.0	0.0	0.0	0.0	0.0	46.83183333333334	0.0	0	0.0
0.0649342105263157	0.0898460880402595	1.6289592760180995	3.503236621534494	1.8144	1.556206344646448	1.8883590995389208	1.8707496520182945	155.64752	0.0040075479845264	0	0.4577912550132055
0.3129078947368421	0.0162925685217621	2.9469465250014677	2.6732547136406404	2.1116710367731013	1.8910771445217447	1.470717625769092	2.252245423874811	345.50636	0.0217472433551795	1	0.55524
0.3662184210526316	0.0248151975107892	1.575562289210687	2.731457590605216	1.6903903208826636	3.4764114929561862	1.4452361610769413	1.9960546450044352	449.44272	0.0209948552844804	0	0.57484
0.2130321052631579	0.0	1.3638366321009352	2.595739278945616	1.5102893815549625	3.739271032734883	1.598499115004181	1.6862890999055378	442.33764	0.015558494996744	1	0.5364
0.3831594736842105	0.0	1.9831532323019068	2.302784343577834	1.813320590944461	2.611126439804097	1.4117551286225984	1.83158276360202	381.73684	0.0154102200840501	1	0.54708
0.5562168421052632	0.0324393074588872	3.088516877842371	3.576464598352214	2.7689304514040187	1.7133450172874416	1.6894409545755864	2.047887627132325	353.78028	0.0081163833013352	1	0.46652
0.6840476315789473	0.0245660694640228	3.886826599464952	3.977289436536125	13.794416136815611	1.94386819166551	2.2707046641854984	3.964708858889437	337.32088	0.0081035140153239	0	0.45756
0.3705044736842105	0.0257414209572588	1.734462647639949	2.489992758437198	1.7295586541115098	3.395947007169738	1.324009654034192	2.0911313110242853	376.94188	0.0127777669460633	0	0.50544
0.3819573684210526	0.118992515120116	3.925542931688501	2.2230900032585845	2.9439061664785946	2.150193738852328	1.626586251294149	3.0349300600344127	409.60056	0.0216215664983146	2	0.62656
0.5700578947368421	0.2228559907984335	6.509267380148713	3.3340309780347948	5.048601030639535	1.506184566317687	3.9848954431960046	4.797149548048624	490.52512	0.031569767600368	5	0.60196
0.2584176315789473	0.1007568583035626	2.4849706035577817	3.38765958075114	1.7577771753486435	1.627806465303813	4.099144586550166	4.717747704984103	628.46532	0.0154823230988137	0	0.5748
0.9674292105263156	0.0188866965795107	12.090880103007466	2.1972533200421585	8.191200049042704	1.8334772941652069	3.4263552311435523	5.309701618074466	682.15864	0.0278106454659209	3	0.6078
0.8950313157894737	0.0290099990134145	5.4426439559030735	2.602202532647308	4.839789238920377	1.531090970980211	2.5766623391284718	2.94501826185123	662.41924	0.0331565337484023	2	0.65372
0.5087813157894737	0.0	4.098823660423003	1.7933106550382765	3.822686542277776	1.6919229206063435	2.1406636053088426	2.6965386061198404	693.29996	0.0242886761735467	1	0.6408
0.6590013157894737	0.0226804039810933	9.526395498166966	2.075938294493489	11.607203735578205	1.6346415307185502	2.0969138383159818	3.667433984990271	704.40136	0.0177170078428001	2	0.56036
0.3381344736842105	0.0362275613451851	4.438921900452541	3.653810366960293	6.141652999047955	2.847458910152112	5.524548664841487	4.537339314987027	522.09268	0.0094574632758954	1	0.51372
0.1883184210526316	0.0337746946888043	1.57046751690199	3.2053844713580424	1.6543885798323372	1.3957055932909028	3.90942143783196	2.136738198019665	375.05412	0.0055431603604204	1	0.46448
0.1859578947368421	0.0867733538356951	1.3589417166629747	2.013832832140709	1.9674037257481716	1.7620868856901422	4.529489395129615	3.07889372662047	379.08408	0.0066311384892814	1	0.50172
0.1322328947368421	0.2271102160170097	1.383637404118503	2.1623059272140224	2.070315255477705	1.3070607371168468	4.726707596941238	3.746174633974246	407.52104	0.0104799943376989	0	0.53432
0.303775	0.2493816422816622	1.2310374691558894	1.855139735208404	1.9670575072139485	1.380698521186339	3.250575721022042	5.004077549307596	496.20288	0.0226199405461199	0	0.59596
0.5099460526315789	0.0860792605933396	4.57213494102697	1.9849126477739392	2.5326211331286017	1.806659107278012	2.653433848918662	3.878122685557881	546.2788	0.0296971868649651	3	0.6208
0.8493171052631578	0.0820397594885097	12.406815585992945	2.17317516054538	11.59936925126418	1.617975622681505	2.3771625003041943	3.160392646876724	469.77564	0.0214977099090463	2	0.565
1.0214934210526316	0.2522686068541911	7.356079912514692	2.6040382907759945	7.040702574051747	1.808675445391169	3.315564056923745	6.292688044273674	374.49924	0.0282734230326905	4	0.585
0.4573276315789473	0.02252708493132	3.4983726630795906	2.296758512056222	3.186580090118286	2.5228871527923773	1.4721376699976665	2.076478137594244	425.04384	0.017035584335257	5	0.5176
0.9613618421052632	0.0310443821415428	7.610152513490721	2.094469743837958	4.070584608186588	2.19074433656958	2.1561898171222125	2.9388735806829143	496.5834	0.0241799861710387	3	0.56352
0.1901828947368421	0.0324554152008856	2.3120242659865613	2.420013251858941	1.8512705594595864	3.897783689757495	1.5037053413899928	1.713865381181932	491.49636	0.01754598268991	3	0.54224
0.3862552631578947	0.018775621643678	5.741455610241797	2.0995590619534554	2.549219721332592	2.7372551406338306	1.8152558421838496	2.671228045688232	451.75568	0.0148474909830356	1	0.51132
0.1515210526315789	0.0074000000953674	1.6344097457530746	2.9772118757795867	1.9071376045017696	5.401198224653713	1.874858350100901	2.0344360180474226	362.65996	0.0038806855080671	0	0.46352
0.1182157894736842	0.0197959855248696	1.390234824211335	2.6850136710518178	1.4289054745102172	3.408210874385877	1.4225477031870473	1.7525436237413223	372.2238	0.0134344721120069	2	0.53628
0.2164642105263158	0.0260369197364426	1.4191840899733696	2.5361816385306346	1.8873347127137716	3.570858691387538	1.2952347679330287	1.7696473472920022	539.60552	0.0171075217792216	1	0.535
0.3485055263157894	0.0233307105375877	1.5824009709385791	2.172767420355944	1.596191328757009	3.7611632461734095	1.3043726497051888	1.7544507526679074	539.8926	0.0190230530562821	2	0.59376
0.0969986842105263	0.0230230118294247	2.323405255378167	2.786732793791236	1.55180962812682	4.041109858262396	1.4907322052590954	1.8440052172168155	247.2482	0.0101447775341833	3	0.46684
0.1922947368421052	0.0830878145760469	5.582099370753168	2.708292026045199	3.4011416416954567	2.2401388609472304	2.5646995449170507	2.3668939107651226	73.33764	0.0152487803589859	1	0.48484
0.0288	0.3583575047703105	2.646355852605233	2.2088418481579484	3.853742311543413	1.4235403151065802	2.200141040408077	3.351483068649694	38.49812	0.0005872802117202	0	0.3990595931718287
0.0	0.0	0.0	0.0	0.0	0.0	0.0	0.0	6.736709127276556	0.0	0	0.0
0.0	0.0	0.0	0.0	0.0	0.0	0.0	0.0	0.0	0.0	0	0.0
0.0	0.0	0.0	0.0	0.0	0.0	0.0	0.0	0.0	0.0	0	0.0
