0.0	0.0	0.0	0.0	0.0	0.0	0.0	0.0	0.0	0.0	0	0.0
0.0	0.0	0.0	0.0	0.0	0.0	0.0	0.0	0.0	0.0	0	0.0
0.0	0.0	0.0	0.0	0.0	0.0	0.0	0.0	0.0	0.0	0	0.0
0.0	0.0	0.0	0.0	0.0	0.0	0.0	0.0	0.0	0.0	0	0.0
0.0	0.0	0.0	0.0	0.0	0.0	0.0	0.0	0.0	0.0	0	0.0
0.0	0.0	0.0	0.0	0.0	0.0	0.0	0.0	0.0	0.0	0	0.0
0.0	0.0	0.0	0.0	0.0	0.0	0.0	0.0	0.0	0.0	0	0.0
0.0	0.0	0.0	0.0	0.0	0.0	0.0	0.0	0.0	0.0	0	0.0
0.0	0.0	0.0	0.0	0.0	0.0	0.0	0.0	0.0	0.0	0	0.0
0.0	0.0	0.0	0.0	0.0	0.0	0.0	0.0	0.0	0.0	0	0.0
0.0	0.0	0.0	0.0	0.0	0.0	0.0	0.0	0.0	0.0	0	0.0
0.0	0.0	0.0	0.0	0.0	0.0	0.0	0.0	0.0	0.0	0	0.0
0.0	0.0	0.0	0.0	0.0	0.0	0.0	0.0	0.0	0.0	0	0.0
0.0	0.0	0.0	0.0	0.0	0.0	0.0	0.0	0.0	0.0	0	0.0
0.0	0.0	0.0	0.0	0.0	0.0	0.0	0.0	0.0	0.0	0	0.0
0.0	0.0	0.0	0.0	0.0	0.0	0.0	0.0	0.0	0.0	0	0.0
0.0	0.0	0.0	0.0	0.0	0.0	0.0	0.0	0.0	0.0	0	0.0
0.0	0.0	0.0	0.0	0.0	0.0	0.0	0.0	0.0	0.0	0	0.0
0.0	0.0	0.0	0.0	0.0	0.0	0.0	0.0	0.0	0.0	0	0.0
0.0	0.0	0.0	0.0	0.0	0.0	0.0	0.0	0.0	0.0	0	0.0
0.0	0.0	0.0	0.0	0.0	0.0	0.0	0.0	0.0	0.0	0	0.0
0.0	0.0	0.0	0.0	0.0	0.0	0.0	0.0	0.0	0.0	0	0.0
0.0	0.0	0.0	0.0	0.0	0.0	0.0	0.0	0.0	0.0	0	0.0
0.0	0.0	0.0	0.0	0.0	0.0	0.0	0.0	0.0	0.0	0	0.0
0.0	0.0	0.0	0.0	0.0	0.0	0.0	0.0	0.0	0.0	0	0.0
0.0	0.0	0.0	0.0	0.0	0.0	0.0	0.0	0.0	0.0	0	0.0
0.0	0.0	0.0	0.0	0.0	0.0	0.0	0.0	0.0	0.0	0	0.0
0.0	0.0	0.0	0.0	0.0	0.0	0.0	0.0	0.0	0.0	0	0.0
0.0	0.0	0.0	0.0	0.0	0.0	0.0	0.0	0.0	0.0	0	0.0
0.0	0.0	0.0	0.0	0.0	0.0	0.0	0.0	0.0	0.0	0	0.0
0.0	0.0	0.0	0.0	0.0	0.0	0.0	0.0	0.0	0.0	0	0.0
0.0	0.0	0.0	0.0	0.0	0.0	0.0	0.0	0.0	0.0	0	0.0
0.0	0.0	0.0	0.0	0.0	0.0	0.0	0.0	0.0	0.0	0	0.0
0.0	0.0	0.0	0.0	0.0	0.0	0.0	0.0	0.0	0.0	0	0.0
0.0	0.0	0.0	0.0	0.0	0.0	0.0	0.0	0.0	0.0	0	0.0
0.0	0.0	0.0	0.0	0.0	0.0	0.0	0.0	0.0	0.0	0	0.0
0.0	0.0	0.0	0.0	0.0	0.0	0.0	0.0	0.0	0.0	0	0.0
0.0	0.0	0.0	0.0	0.0	0.0	0.0	0.0	0.0	0.0	0	0.0
0.0	0.0	0.0	0.0	0.0	0.0	0.0	0.0	0.0	0.0	0	0.0
0.0	0.0	0.0	0.0	0.0	0.0	0.0	0.0	0.0	0.0	0	0.0
0.0	0.0	0.0	0.0	0.0	0.0	0.0	0.0	0.0	0.0	0	0.0
0.0	0.0	0.0	0.0	0.0	0.0	0.0	0.0	0.0	0.0	0	0.0
0.0	0.0	0.0	0.0	0.0	0.0	0.0	0.0	0.0	0.0	0	0.0
0.0	0.0	0.0	0.0	0.0	0.0	0.0	0.0	0.0	0.0	0	0.0
0.0	0.0	0.0	0.0	0.0	0.0	0.0	0.0	0.0	0.0	0	0.0
0.0	0.0	0.0	0.0	0.0	0.0	0.0	0.0	0.0	0.0	0	0.0
0.0	0.0	0.0	0.0	0.0	0.0	0.0	0.0	0.0	0.0	0	0.0
0.0	0.0	0.0	0.0	0.0	0.0	0.0	0.0	0.0	0.0	0	0.0
0.0	0.0	0.0	0.0	0.0	0.0	0.0	0.0	0.0	0.0	0	0.0
0.0	0.0	0.0	0.0	0.0	0.0	0.0	0.0	0.0	0.0	0	0.0
0.0	0.0	0.0	0.0	0.0	0.0	0.0	0.0	0.0	0.0	0	0.0
0.0	0.0	0.0	0.0	0.0	0.0	0.0	0.0	0.0	0.0	0	0.0
0.0	0.0	0.0	0.0	0.0	0.0	0.0	0.0	0.0	0.0	0	0.0
0.0	0.0	0.0	0.0	0.0	0.0	0.0	0.0	0.0	0.0	0	0.0
0.0	0.0	0.0	0.0	0.0	0.0	0.0	0.0	0.0	0.0	0	0.0
0.0	0.0	0.0	0.0	0.0	0.0	0.0	0.0	0.0	0.0	0	0.0
0.0	0.0	0.0	0.0	0.0	0.0	0.0	0.0	0.0	0.0	0	0.0
0.0	0.0	0.0	0.0	0.0	0.0	0.0	0.0	0.0	0.0	0	0.0
0.0	0.0	0.0	0.0	0.0	0.0	0.0	0.0	0.0	0.0	0	0.0
0.0	0.0	0.0	0.0	0.0	0.0	0.0	0.0	0.0	0.0	0	0.0
0.0	0.0	0.0	0.0	0.0	0.0	0.0	0.0	0.0	0.0	0	0.0
0.0	0.0	0.0	0.0	0.0	0.0	0.0	0.0	0.0	0.0	0	0.0
0.0	0.0	0.0	0.0	0.0	0.0	0.0	0.0	0.0	0.0	0	0.0
0.0	0.0	0.0	0.0	0.0	0.0	0.0	0.0	0.0	0.0	0	0.0
0.0	0.0	0.0	0.0	0.0	0.0	0.0	0.0	0.0	0.0	0	0.0
0.0	0.0	0.0	0.0	0.0	0.0	0.0	0.0	0.0	0.0	0	0.0
0.0	0.0	0.0	0.0	0.0	0.0	0.0	0.0	0.0	0.0	0	0.0
0.0	0.0	0.0	0.0	0.0	0.0	0.0	0.0	0.0	0.0	0	0.0
0.0	0.0	0.0	0.0	0.0	0.0	0.0	0.0	0.0	0.0	0	0.0
0.0	0.0	0.0	0.0	0.0	0.0	0.0	0.0	0.0	0.0	0	0.0
0.0	0.0	0.0	0.0	0.0	0.0	0.0	0.0	0.0	0.0	0	0.0
0.0	0.0	0.0	0.0	0.0	0.0	0.0	0.0	0.0	0.0	0	0.0
0.0	0.0	0.0	0.0	0.0	0.0	0.0	0.0	0.0	0.0	0	0.0
0.0	0.0	0.0	0.0	0.0	0.0	0.0	0.0	0.0	0.0	0	0.0
0.0	0.0	0.0	0.0	0.0	0.0	0.0	0.0	0.0	0.0	0	0.0
0.0	0.0	0.0	0.0	0.0	0.0	0.0	0.0	0.0	0.0	0	0.0
0.0	0.0	0.0	0.0	0.0	0.0	0.0	0.0	0.0	0.0	0	0.0
0.0	0.0	0.0	0.0	0.0	0.0	0.0	0.0	0.0	0.0	0	0.0
0.0	0.0	0.0	0.0	0.0	0.0	0.0	0.0	0.0	0.0	0	0.0
0.0	0.0	0.0	0.0	0.0	0.0	0.0	0.0	0.0	0.0	0	0.0
0.0	0.0	0.0	0.0	0.0	0.0	0.0	0.0	0.0	0.0	0	0.0
0.0	0.0	0.0	0.0	0.0	0.0	0.0	0.0	0.0	0.0	0	0.0
0.0	0.0	0.0	0.0	0.0	0.0	0.0	0.0	0.0	0.0	0	0.0
0.0	0.0	0.0	0.0	0.0	0.0	0.0	0.0	0.0	0.0	0	0.0
0.0	0.0	0.0	0.0	0.0	0.0	0.0	0.0	0.0	0.0	0	0.0
0.0	0.0	0.0	0.0	0.0	0.0	0.0	0.0	0.0	0.0	0	0.0
0.0	0.0	0.0	0.0	0.0	0.0	0.0	0.0	0.0	0.0	0	0.0
0.0	0.0	0.0	0.0	0.0	0.0	0.0	0.0	0.0	0.0	0	0.0
0.0	0.0	0.0	0.0	0.0	0.0	0.0	0.0	0.0	0.0	0	0.0
0.0	0.0	0.0	0.0	0.0	0.0	0.0	0.0	0.0	0.0	0	0.0
0.0	0.0	0.0	0.0	0.0	0.0	0.0	0.0	0.0	0.0	0	0.0
0.0	0.0	0.0	0.0	0.0	0.0	0.0	0.0	0.0	0.0	0	0.0
0.0	0.0	0.0	0.0	0.0	0.0	0.0	0.0	0.0	0.0	0	0.0
0.0	0.0	0.0	0.0	0.0	0.0	0.0	0.0	0.0	0.0	0	0.0
0.0	0.0	0.0	0.0	0.0	0.0	0.0	0.0	0.0	0.0	0	0.0
0.0	0.0	0.0	0.0	0.0	0.0	0.0	0.0	0.0	0.0	0	0.0
0.0	0.0	0.0	0.0	0.0	0.0	0.0	0.0	0.0	0.0	0	0.0
0.0	0.0	0.0	0.0	0.0	0.0	0.0	0.0	0.0	0.0	0	0.0
0.0	0.0	0.0	0.0	0.0	0.0	0.0	0.0	0.0	0.0	0	0.0
0.0	0.0	0.0	0.0	0.0	0.0	0.0	0.0	0.0	0.0	0	0.0
0.0	0.0	0.0	0.0	0.0	0.0	0.0	0.0	0.0	0.0	0	0.0
0.0	0.0	0.0	0.0	0.0	0.0	0.0	0.0	0.0	0.0	0	0.0
0.0	0.0	0.0	0.0	0.0	0.0	0.0	0.0	0.0	0.0	0	0.0
0.0	0.0	0.0	0.0	0.0	0.0	0.0	0.0	0.0	0.0	0	0.0
0.0	0.0	0.0	0.0	0.0	0.0	0.0	0.0	0.0	0.0	0	0.0
0.0	0.0	0.0	0.0	0.0	0.0	0.0	0.0	0.0	0.0	0	0.0
0.0	0.0	0.0	0.0	0.0	0.0	0.0	0.0	0.0	0.0	0	0.0
0.0	0.0	0.0	0.0	0.0	0.0	0.0	0.0	0.0	0.0	0	0.0
0.0	0.0	0.0	0.0	0.0	0.0	0.0	0.0	0.0	0.0	0	0.0
0.0	0.0	0.0	0.0	0.0	0.0	0.0	0.0	0.0	0.0	0	0.0
0.0	0.0	0.0	0.0	0.0	0.0	0.0	0.0	0.0	0.0	0	0.0
0.0	0.0	0.0	0.0	0.0	0.0	0.0	0.0	0.0	0.0	0	0.0
0.0	0.0	0.0	0.0	0.0	0.0	0.0	0.0	0.0	0.0	0	0.0
0.0	0.0	0.0	0.0	0.0	0.0	0.0	0.0	0.0	0.0	0	0.0
0.0	0.0	0.0	0.0	0.0	0.0	0.0	0.0	0.0	0.0	0	0.0
0.0	0.0	0.0	0.0	0.0	0.0	0.0	0.0	0.0	0.0	0	0.0
0.0	0.0	0.0	0.0	0.0	0.0	0.0	0.0	0.0	0.0	0	0.0
0.0	0.0	0.0	0.0	0.0	0.0	0.0	0.0	0.0	0.0	0	0.0
0.0	0.0	0.0	0.0	0.0	0.0	0.0	0.0	0.0	0.0	0	0.0
0.0	0.0	0.0	0.0	0.0	0.0	0.0	0.0	0.0	0.0	0	0.0
0.0	0.0	0.0	0.0	0.0	0.0	0.0	0.0	0.0	0.0	0	0.0
0.0	0.0	0.0	0.0	0.0	0.0	0.0	0.0	0.0	0.0	0	0.0
0.0	0.0	0.0	0.0	0.0	0.0	0.0	0.0	0.0	0.0	0	0.0
0.0	0.0	0.0	0.0	0.0	0.0	0.0	0.0	0.0	0.0	0	0.0
0.0	0.0	0.0	0.0	0.0	0.0	0.0	0.0	0.0	0.0	0	0.0
0.0	0.0	0.0	0.0	0.0	0.0	0.0	0.0	0.0	0.0	0	0.0
0.0	0.0	0.0	0.0	0.0	0.0	0.0	0.0	0.0	0.0	0	0.0
0.0	0.0	0.0	0.0	0.0	0.0	0.0	0.0	0.0	0.0	0	0.0
0.0	0.0	0.0	0.0	0.0	0.0	0.0	0.0	0.0	0.0	0	0.0
0.0	0.0	0.0	0.0	0.0	0.0	0.0	0.0	0.0	0.0	0	0.0
0.0	0.0	0.0	0.0	0.0	0.0	0.0	0.0	0.0	0.0	0	0.0
0.0	0.0	0.0	0.0	0.0	0.0	0.0	0.0	0.0	0.0	0	0.0
0.0	0.0	0.0	0.0	0.0	0.0	0.0	0.0	0.0	0.0	0	0.0
0.0	0.0	0.0	0.0	0.0	0.0	0.0	0.0	0.0	0.0	0	0.0
0.0	0.0	0.0	0.0	0.0	0.0	0.0	0.0	0.0	0.0	0	0.0
0.0	0.0	0.0	0.0	0.0	0.0	0.0	0.0	0.0	0.0	0	0.0
0.0	0.0	0.0	0.0	0.0	0.0	0.0	0.0	0.0	0.0	0	0.0
0.0	0.0	0.0	0.0	0.0	0.0	0.0	0.0	0.0	0.0	0	0.0
0.0	0.0	0.0	0.0	0.0	0.0	0.0	0.0	0.0	0.0	0	0.0
0.0	0.0	0.0	0.0	0.0	0.0	0.0	0.0	0.0	0.0	0	0.0
0.0	0.0	0.0	0.0	0.0	0.0	0.0	0.0	0.0	0.0	0	0.0
0.0	0.0	0.0	0.0	0.0	0.0	0.0	0.0	0.0	0.0	0	0.0
0.0	0.0	0.0	0.0	0.0	0.0	0.0	0.0	0.0	0.0	0	0.0
0.0	0.0	0.0	0.0	0.0	0.0	0.0	0.0	0.0	0.0	0	0.0
0.0	0.0	0.0	0.0	0.0	0.0	0.0	0.0	0.0	0.0	0	0.0
0.0	0.0	0.0	0.0	0.0	0.0	0.0	0.0	0.0	0.0	0	0.0
0.0	0.0	0.0	0.0	0.0	0.0	0.0	0.0	0.0	0.0	0	0.0
0.0	0.0	0.0	0.0	0.0	0.0	0.0	0.0	0.0	0.0	0	0.0
0.0	0.0	0.0	0.0	0.0	0.0	0.0	0.0	0.0	0.0	0	0.0
0.0	0.0	0.0	0.0	0.0	0.0	0.0	0.0	0.0	0.0	0	0.0
0.0	0.0	0.0	0.0	0.0	0.0	0.0	0.0	0.0	0.0	0	0.0
0.0	0.0	0.0	0.0	0.0	0.0	0.0	0.0	0.0	0.0	0	0.0
0.0	0.0	0.0	0.0	0.0	0.0	0.0	0.0	0.0	0.0	0	0.0
0.0	0.0	0.0	0.0	0.0	0.0	0.0	0.0	0.0	0.0	0	0.0
0.0	0.0	0.0	0.0	0.0	0.0	0.0	0.0	0.0	0.0	0	0.0
0.0	0.0	0.0	0.0	0.0	0.0	0.0	0.0	0.0	0.0	0	0.0
0.0	0.0	0.0	0.0	0.0	0.0	0.0	0.0	0.0	0.0	0	0.0
0.0	0.0	0.0	0.0	0.0	0.0	0.0	0.0	0.0	0.0	0	0.0
0.0	0.0	0.0	0.0	0.0	0.0	0.0	0.0	0.0	0.0	0	0.0
0.0	0.0	0.0	0.0	0.0	0.0	0.0	0.0	0.0	0.0	0	0.0
0.0	0.0	0.0	0.0	0.0	0.0	0.0	0.0	0.0	0.0	0	0.0
0.0	0.0	0.0	0.0	0.0	0.0	0.0	0.0	0.0	0.0	0	0.0
0.0	0.0	0.0	0.0	0.0	0.0	0.0	0.0	0.0	0.0	0	0.0
0.0	0.0	0.0	0.0	0.0	0.0	0.0	0.0	0.0	0.0	0	0.0
0.0	0.0	0.0	0.0	0.0	0.0	0.0	0.0	0.0	0.0	0	0.0
0.0	0.0	0.0	0.0	0.0	0.0	0.0	0.0	0.0	0.0	0	0.0
0.0	0.0	0.0	0.0	0.0	0.0	0.0	0.0	0.0	0.0	0	0.0
0.0	0.0	0.0	0.0	0.0	0.0	0.0	0.0	0.0	0.0	0	0.0
0.0	0.0	0.0	0.0	0.0	0.0	0.0	0.0	0.0	0.0	0	0.0
0.0	0.0	0.0	0.0	0.0	0.0	0.0	0.0	0.0	0.0	0	0.0
0.0	0.0	0.0	0.0	0.0	0.0	0.0	0.0	0.0	0.0	0	0.0
0.0	0.0	0.0	0.0	0.0	0.0	0.0	0.0	0.0	0.0	0	0.0
0.0	0.0	0.0	0.0	0.0	0.0	0.0	0.0	0.0	0.0	0	0.0
0.0	0.0	0.0	0.0	0.0	0.0	0.0	0.0	0.0	0.0	0	0.0
0.0	0.0	0.0	0.0	0.0	0.0	0.0	0.0	0.0	0.0	0	0.0
0.0	0.0	0.0	0.0	0.0	0.0	0.0	0.0	0.0	0.0	0	0.0
0.0	0.0	0.0	0.0	0.0	0.0	0.0	0.0	0.0	0.0	0	0.0
0.0	0.0	0.0	0.0	0.0	0.0	0.0	0.0	0.0	0.0	0	0.0
0.0	0.0	0.0	0.0	0.0	0.0	0.0	0.0	0.0	0.0	0	0.0
0.0	0.0	0.0	0.0	0.0	0.0	0.0	0.0	0.0	0.0	0	0.0
0.0	0.0	0.0	0.0	0.0	0.0	0.0	0.0	0.0	0.0	0	0.0
0.0	0.0	0.0	0.0	0.0	0.0	0.0	0.0	0.0	0.0	0	0.0
0.0	0.0	0.0	0.0	0.0	0.0	0.0	0.0	0.0	0.0	0	0.0
0.0	0.0	0.0	0.0	0.0	0.0	0.0	0.0	0.0	0.0	0	0.0
0.0	0.0	0.0	0.0	0.0	0.0	0.0	0.0	0.0	0.0	0	0.0
0.0	0.0	0.0	0.0	0.0	0.0	0.0	0.0	0.0	0.0	0	0.0
0.0	0.0	0.0	0.0	0.0	0.0	0.0	0.0	0.0	0.0	0	0.0
0.0	0.0	0.0	0.0	0.0	0.0	0.0	0.0	0.0	0.0	0	0.0
0.0	0.0	0.0	0.0	0.0	0.0	0.0	0.0	0.0	0.0	0	0.0
0.0	0.0	0.0	0.0	0.0	0.0	0.0	0.0	0.0	0.0	0	0.0
0.0	0.0	0.0	0.0	0.0	0.0	0.0	0.0	0.0	0.0	0	0.0
0.0	0.0	0.0	0.0	0.0	0.0	0.0	0.0	0.0	0.0	0	0.0
0.0	0.0	0.0	0.0	0.0	0.0	0.0	0.0	0.0	0.0	0	0.0
0.0	0.0	0.0	0.0	0.0	0.0	0.0	0.0	0.0	0.0	0	0.0
0.0	0.0	0.0	0.0	0.0	0.0	0.0	0.0	0.0	0.0	0	0.0
0.0	0.0	0.0	0.0	0.0	0.0	0.0	0.0	0.0	0.0	0	0.0
0.0	0.0	0.0	0.0	0.0	0.0	0.0	0.0	0.0	0.0	0	0.0
0.0	0.0	0.0	0.0	0.0	0.0	0.0	0.0	0.0	0.0	0	0.0
0.0	0.0	0.0	0.0	0.0	0.0	0.0	0.0	0.0	0.0	0	0.0
0.0	0.0	0.0	0.0	0.0	0.0	0.0	0.0	0.0	0.0	0	0.0
0.0	0.0	0.0	0.0	0.0	0.0	0.0	0.0	0.0	0.0	0	0.0
0.0	0.0	0.0	0.0	0.0	0.0	0.0	0.0	0.0	0.0	0	0.0
0.0	0.0	0.0	0.0	0.0	0.0	0.0	0.0	0.0	0.0	0	0.0
0.0	0.0	0.0	0.0	0.0	0.0	0.0	0.0	0.0	0.0	0	0.0
0.0	0.0	0.0	0.0	0.0	0.0	0.0	0.0	0.0	0.0	0	0.0
0.0	0.0	0.0	0.0	0.0	0.0	0.0	0.0	0.0	0.0	0	0.0
0.0	0.0	0.0	0.0	0.0	0.0	0.0	0.0	0.0	0.0	0	0.0
0.0	0.0	0.0	0.0	0.0	0.0	0.0	0.0	0.0	0.0	0	0.0
0.0	0.0	0.0	0.0	0.0	0.0	0.0	0.0	0.0	0.0	0	0.0
0.0	0.0	0.0	0.0	0.0	0.0	0.0	0.0	0.0	0.0	0	0.0
0.0	0.0	0.0	0.0	0.0	0.0	0.0	0.0	0.0	0.0	0	0.0
0.0	0.0	0.0	0.0	0.0	0.0	0.0	0.0	0.0	0.0	0	0.0
0.0	0.0	0.0	0.0	0.0	0.0	0.0	0.0	0.0	0.0	0	0.0
0.0	0.0	0.0	0.0	0.0	0.0	0.0	0.0	0.0	0.0	0	0.0
0.0	0.0	0.0	0.0	0.0	0.0	0.0	0.0	0.0	0.0	0	0.0
0.0	0.0	0.0	0.0	0.0	0.0	0.0	0.0	0.0	0.0	0	0.0
0.0	0.0	0.0	0.0	0.0	0.0	0.0	0.0	0.0	0.0	0	0.0
0.0	0.0	0.0	0.0	0.0	0.0	0.0	0.0	0.0	0.0	0	0.0
0.0	0.0	0.0	0.0	0.0	0.0	0.0	0.0	0.0	0.0	0	0.0
0.0	0.0	0.0	0.0	0.0	0.0	0.0	0.0	0.0	0.0	0	0.0
0.0	0.0	0.0	0.0	0.0	0.0	0.0	0.0	0.0	0.0	0	0.0
0.0	0.0	0.0	0.0	0.0	0.0	0.0	0.0	0.0	0.0	0	0.0
0.0	0.0	0.0	0.0	0.0	0.0	0.0	0.0	0.0	0.0	0	0.0
0.0	0.0	0.0	0.0	0.0	0.0	0.0	0.0	0.0	0.0	0	0.0
0.0	0.0	0.0	0.0	0.0	0.0	0.0	0.0	0.0	0.0	0	0.0
0.0	0.0	0.0	0.0	0.0	0.0	0.0	0.0	0.0	0.0	0	0.0
0.0	0.0	0.0	0.0	0.0	0.0	0.0	0.0	0.0	0.0	0	0.0
0.0	0.0	0.0	0.0	0.0	0.0	0.0	0.0	0.0	0.0	0	0.0
0.0	0.0	0.0	0.0	0.0	0.0	0.0	0.0	0.0	0.0	0	0.0
0.0	0.0	0.0	0.0	0.0	0.0	0.0	0.0	0.0	0.0	0	0.0
0.0	0.0	0.0	0.0	0.0	0.0	0.0	0.0	0.0	0.0	0	0.0
0.0	0.0	0.0	0.0	0.0	0.0	0.0	0.0	0.0	0.0	0	0.0
0.0	0.0	0.0	0.0	0.0	0.0	0.0	0.0	0.0	0.0	0	0.0
0.0	0.0	0.0	0.0	0.0	0.0	0.0	0.0	0.0	0.0	0	0.0
0.0	0.0	0.0	0.0	0.0	0.0	0.0	0.0	0.0	0.0	0	0.0
0.0	0.0	0.0	0.0	0.0	0.0	0.0	0.0	0.0	0.0	0	0.0
0.0	0.0	0.0	0.0	0.0	0.0	0.0	0.0	0.0	0.0	0	0.0
0.0	0.0	0.0	0.0	0.0	0.0	0.0	0.0	0.0	0.0	0	0.0
0.0	0.0	0.0	0.0	0.0	0.0	0.0	0.0	0.0	0.0	0	0.0
0.0	0.0	0.0	0.0	0.0	0.0	0.0	0.0	0.0	0.0	0	0.0
0.0	0.0	0.0	0.0	0.0	0.0	0.0	0.0	0.0	0.0	0	0.0
0.0	0.0	0.0	0.0	0.0	0.0	0.0	0.0	0.0	0.0	0	0.0
0.0	0.0	0.0	0.0	0.0	0.0	0.0	0.0	0.0	0.0	0	0.0
0.0	0.0	0.0	0.0	0.0	0.0	0.0	0.0	0.0	0.0	0	0.0
0.0	0.0	0.0	0.0	0.0	0.0	0.0	0.0	0.0	0.0	0	0.0
0.0	0.0	0.0	0.0	0.0	0.0	0.0	0.0	0.0	0.0	0	0.0
0.0	0.0	0.0	0.0	0.0	0.0	0.0	0.0	0.0	0.0	0	0.0
0.0	0.0	0.0	0.0	0.0	0.0	0.0	0.0	0.0	0.0	0	0.0
0.0	0.0	0.0	0.0	0.0	0.0	0.0	0.0	0.0	0.0	0	0.0
0.0	0.0	0.0	0.0	0.0	0.0	0.0	0.0	0.0	0.0	0	0.0
0.0	0.0	0.0	0.0	0.0	0.0	0.0	0.0	0.0	0.0	0	0.0
0.0	0.0	0.0	0.0	0.0	0.0	0.0	0.0	0.0	0.0	0	0.0
0.0	0.0	0.0	0.0	0.0	0.0	0.0	0.0	0.0	0.0	0	0.0
0.0	0.0	0.0	0.0	0.0	0.0	0.0	0.0	0.0	0.0	0	0.0
0.0	0.0	0.0	0.0	0.0	0.0	0.0	0.0	0.0	0.0	0	0.0
0.0	0.0	0.0	0.0	0.0	0.0	0.0	0.0	0.0	0.0	0	0.0
0.0	0.0	0.0	0.0	0.0	0.0	0.0	0.0	0.0	0.0	0	0.0
0.0	0.0	0.0	0.0	0.0	0.0	0.0	0.0	0.0	0.0	0	0.0
0.0	0.0	0.0	0.0	0.0	0.0	0.0	0.0	0.0	0.0	0	0.0
0.0	0.0	0.0	0.0	0.0	0.0	0.0	0.0	0.0	0.0	0	0.0
0.0	0.0	0.0	0.0	0.0	0.0	0.0	0.0	0.0	0.0	0	0.0
0.0	0.0	0.0	0.0	0.0	0.0	0.0	0.0	0.0	0.0	0	0.0
0.0	0.0	0.0	0.0	0.0	0.0	0.0	0.0	0.0	0.0	0	0.0
0.0	0.0	0.0	0.0	0.0	0.0	0.0	0.0	0.0	0.0	0	0.0
0.0	0.0	0.0	0.0	0.0	0.0	0.0	0.0	0.0	0.0	0	0.0
0.0	0.0	0.0	0.0	0.0	0.0	0.0	0.0	0.0	0.0	0	0.0
0.0	0.0	0.0	0.0	0.0	0.0	0.0	0.0	0.0	0.0	0	0.0
0.0	0.0	0.0	0.0	0.0	0.0	0.0	0.0	0.0	0.0	0	0.0
0.0	0.0	0.0	0.0	0.0	0.0	0.0	0.0	0.0	0.0	0	0.0
0.0	0.0	0.0	0.0	0.0	0.0	0.0	0.0	0.0	0.0	0	0.0
0.0	0.0	0.0	0.0	0.0	0.0	0.0	0.0	0.0	0.0	0	0.0
0.0	0.0	0.0	0.0	0.0	0.0	0.0	0.0	0.0	0.0	0	0.0
0.0	0.0	0.0	0.0	0.0	0.0	0.0	0.0	0.0	0.0	0	0.0
0.0	0.0	0.0	0.0	0.0	0.0	0.0	0.0	0.0	0.0	0	0.0
0.0	0.0	0.0	0.0	0.0	0.0	0.0	0.0	0.0	0.0	0	0.0
0.0	0.0	0.0	0.0	0.0	0.0	0.0	0.0	0.0	0.0	0	0.0
0.0	0.0	0.0	0.0	0.0	0.0	0.0	0.0	0.0	0.0	0	0.0
0.0	0.0	0.0	0.0	0.0	0.0	0.0	0.0	0.0	0.0	0	0.0
0.0	0.0	0.0	0.0	0.0	0.0	0.0	0.0	0.0	0.0	0	0.0
0.0	0.0	0.0	0.0	0.0	0.0	0.0	0.0	0.0	0.0	0	0.0
0.0	0.0	0.0	0.0	0.0	0.0	0.0	0.0	0.0	0.0	0	0.0
0.0	0.0	0.0	0.0	0.0	0.0	0.0	0.0	0.0	0.0	0	0.0
0.0	0.0	0.0	0.0	0.0	0.0	0.0	0.0	0.0	0.0	0	0.0
0.0	0.0	0.0	0.0	0.0	0.0	0.0	0.0	0.0	0.0	0	0.0
0.0	0.0	0.0	0.0	0.0	0.0	0.0	0.0	0.0	0.0	0	0.0
0.0	0.0	0.0	0.0	0.0	0.0	0.0	0.0	0.0	0.0	0	0.0
0.0	0.0	0.0	0.0	0.0	0.0	0.0	0.0	0.0	0.0	0	0.0
0.0	0.0	0.0	0.0	0.0	0.0	0.0	0.0	0.0	0.0	0	0.0
0.0	0.0	0.0	0.0	0.0	0.0	0.0	0.0	0.0	0.0	0	0.0
0.0	0.0	0.0	0.0	0.0	0.0	0.0	0.0	0.0	0.0	0	0.0
0.0	0.0	0.0	0.0	0.0	0.0	0.0	0.0	0.0	0.0	0	0.0
0.0	0.0	0.0	0.0	0.0	0.0	0.0	0.0	0.0	0.0	0	0.0
0.0	0.0	0.0	0.0	0.0	0.0	0.0	0.0	0.0	0.0	0	0.0
0.0	0.0	0.0	0.0	0.0	0.0	0.0	0.0	0.0	0.0	0	0.0
0.0	0.0	0.0	0.0	0.0	0.0	0.0	0.0	0.0	0.0	0	0.0
0.0	0.0	0.0	0.0	0.0	0.0	0.0	0.0	0.0	0.0	0	0.0
0.0	0.0	0.0	0.0	0.0	0.0	0.0	0.0	0.0	0.0	0	0.0
0.0	0.0	0.0	0.0	0.0	0.0	0.0	0.0	0.0	0.0	0	0.0
0.0	0.0	0.0	0.0	0.0	0.0	0.0	0.0	0.0	0.0	0	0.0
0.0	0.0	0.0	0.0	0.0	0.0	0.0	0.0	0.0	0.0	0	0.0
0.0	0.0	0.0	0.0	0.0	0.0	0.0	0.0	0.0	0.0	0	0.0
0.0	0.0	0.0	0.0	0.0	0.0	0.0	0.0	0.0	0.0	0	0.0
0.0	0.0	0.0	0.0	0.0	0.0	0.0	0.0	0.0	0.0	0	0.0
0.0	0.0	0.0	0.0	0.0	0.0	0.0	0.0	0.0	0.0	0	0.0
0.0	0.0	0.0	0.0	0.0	0.0	0.0	0.0	0.0	0.0	0	0.0
0.0	0.0	0.0	0.0	0.0	0.0	0.0	0.0	0.0	0.0	0	0.0
0.0	0.0	0.0	0.0	0.0	0.0	0.0	0.0	0.0	0.0	0	0.0
0.0	0.0	0.0	0.0	0.0	0.0	0.0	0.0	0.0	0.0	0	0.0
0.0	0.0	0.0	0.0	0.0	0.0	0.0	0.0	0.0	0.0	0	0.0
0.0	0.0	0.0	0.0	0.0	0.0	0.0	0.0	0.0	0.0	0	0.0
0.0	0.0	0.0	0.0	0.0	0.0	0.0	0.0	0.0	0.0	0	0.0
0.0	0.0	0.0	0.0	0.0	0.0	0.0	0.0	0.0	0.0	0	0.0
0.0	0.0	0.0	0.0	0.0	0.0	0.0	0.0	0.0	0.0	0	0.0
0.0	0.0	0.0	0.0	0.0	0.0	0.0	0.0	0.0	0.0	0	0.0
0.0	0.0	0.0	0.0	0.0	0.0	0.0	0.0	0.0	0.0	0	0.0
0.0	0.0	0.0	0.0	0.0	0.0	0.0	0.0	0.0	0.0	0	0.0
0.0	0.0	0.0	0.0	0.0	0.0	0.0	0.0	0.0	0.0	0	0.0
0.0	0.0	0.0	0.0	0.0	0.0	0.0	0.0	0.0	0.0	0	0.0
0.0	0.0	0.0	0.0	0.0	0.0	0.0	0.0	0.0	0.0	0	0.0
0.0	0.0	0.0	0.0	0.0	0.0	0.0	0.0	0.0	0.0	0	0.0
0.0	0.0	0.0	0.0	0.0	0.0	0.0	0.0	0.0	0.0	0	0.0
0.0	0.0	0.0	0.0	0.0	0.0	0.0	0.0	0.0	0.0	0	0.0
0.0	0.0	0.0	0.0	0.0	0.0	0.0	0.0	0.0	0.0	0	0.0
0.0	0.0	0.0	0.0	0.0	0.0	0.0	0.0	0.0	0.0	0	0.0
0.0	0.0	0.0	0.0	0.0	0.0	0.0	0.0	0.0	0.0	0	0.0
0.0	0.0	0.0	0.0	0.0	0.0	0.0	0.0	0.0	0.0	0	0.0
0.0	0.0	0.0	0.0	0.0	0.0	0.0	0.0	0.0	0.0	0	0.0
0.0	0.0	0.0	0.0	0.0	0.0	0.0	0.0	0.0	0.0	0	0.0
0.0	0.0	0.0	0.0	0.0	0.0	0.0	0.0	0.0	0.0	0	0.0
0.0	0.0	0.0	0.0	0.0	0.0	0.0	0.0	0.0	0.0	0	0.0
0.0	0.0	0.0	0.0	0.0	0.0	0.0	0.0	0.0	0.0	0	0.0
0.0	0.0	0.0	0.0	0.0	0.0	0.0	0.0	0.0	0.0	0	0.0
0.0	0.0	0.0	0.0	0.0	0.0	0.0	0.0	0.0	0.0	0	0.0
0.0	0.0	0.0	0.0	0.0	0.0	0.0	0.0	0.0	0.0	0	0.0
0.0	0.0	0.0	0.0	0.0	0.0	0.0	0.0	0.0	0.0	0	0.0
0.0	0.0	0.0	0.0	0.0	0.0	0.0	0.0	0.0	0.0	0	0.0
0.0	0.0	0.0	0.0	0.0	0.0	0.0	0.0	0.0	0.0	0	0.0
0.0	0.0	0.0	0.0	0.0	0.0	0.0	0.0	0.0	0.0	0	0.0
0.0	0.0	0.0	0.0	0.0	0.0	0.0	0.0	0.0	0.0	0	0.0
0.0	0.0	0.0	0.0	0.0	0.0	0.0	0.0	0.0	0.0	0	0.0
0.0	0.0	0.0	0.0	0.0	0.0	0.0	0.0	0.0	0.0	0	0.0
0.0	0.0	0.0	0.0	0.0	0.0	0.0	0.0	0.0	0.0	0	0.0
0.0	0.0	0.0	0.0	0.0	0.0	0.0	0.0	0.0	0.0	0	0.0
0.0	0.0	0.0	0.0	0.0	0.0	0.0	0.0	0.0	0.0	0	0.0
0.0	0.0	0.0	0.0	0.0	0.0	0.0	0.0	0.0	0.0	0	0.0
0.0	0.0	0.0	0.0	0.0	0.0	0.0	0.0	0.0	0.0	0	0.0
0.0	0.0	0.0	0.0	0.0	0.0	0.0	0.0	0.0	0.0	0	0.0
0.0	0.0	0.0	0.0	0.0	0.0	0.0	0.0	0.0	0.0	0	0.0
0.0	0.0	0.0	0.0	0.0	0.0	0.0	0.0	0.0	0.0	0	0.0
0.0	0.0	0.0	0.0	0.0	0.0	0.0	0.0	0.0	0.0	0	0.0
0.0	0.0	0.0	0.0	0.0	0.0	0.0	0.0	0.0	0.0	0	0.0
0.0	0.0	0.0	0.0	0.0	0.0	0.0	0.0	0.0	0.0	0	0.0
0.0	0.0	0.0	0.0	0.0	0.0	0.0	0.0	0.0	0.0	0	0.0
0.0	0.0	0.0	0.0	0.0	0.0	0.0	0.0	0.0	0.0	0	0.0
0.0	0.0	0.0	0.0	0.0	0.0	0.0	0.0	0.0	0.0	0	0.0
0.0	0.0	0.0	0.0	0.0	0.0	0.0	0.0	0.0	0.0	0	0.0
0.0	0.0	0.0	0.0	0.0	0.0	0.0	0.0	0.0	0.0	0	0.0
0.0	0.0	0.0	0.0	0.0	0.0	0.0	0.0	0.0	0.0	0	0.0
0.0	0.0	0.0	0.0	0.0	0.0	0.0	0.0	0.0	0.0	0	0.0
0.0	0.0	0.0	0.0	0.0	0.0	0.0	0.0	0.0	0.0	0	0.0
0.0	0.0	0.0	0.0	0.0	0.0	0.0	0.0	0.0	0.0	0	0.0
0.0	0.0	0.0	0.0	0.0	0.0	0.0	0.0	0.0	0.0	0	0.0
0.0	0.0	0.0	0.0	0.0	0.0	0.0	0.0	0.0	0.0	0	0.0
0.0	0.0	0.0	0.0	0.0	0.0	0.0	0.0	0.0	0.0	0	0.0
0.0	0.0	0.0	0.0	0.0	0.0	0.0	0.0	0.0	0.0	0	0.0
0.0	0.0	0.0	0.0	0.0	0.0	0.0	0.0	0.0	0.0	0	0.0
0.0	0.0	0.0	0.0	0.0	0.0	0.0	0.0	0.0	0.0	0	0.0
0.0	0.0	0.0	0.0	0.0	0.0	0.0	0.0	0.0	0.0	0	0.0
0.0	0.0	0.0	0.0	0.0	0.0	0.0	0.0	0.0	0.0	0	0.0
0.0	0.0	0.0	0.0	0.0	0.0	0.0	0.0	0.0	0.0	0	0.0
0.0	0.0	0.0	0.0	0.0	0.0	0.0	0.0	0.0	0.0	0	0.0
0.0	0.0	0.0	0.0	0.0	0.0	0.0	0.0	0.0	0.0	0	0.0
0.0	0.0	0.0	0.0	0.0	0.0	0.0	0.0	0.0	0.0	0	0.0
0.0	0.0	0.0	0.0	0.0	0.0	0.0	0.0	0.0	0.0	0	0.0
0.0	0.0	0.0	0.0	0.0	0.0	0.0	0.0	0.0	0.0	0	0.0
0.0	0.0	0.0	0.0	0.0	0.0	0.0	0.0	39.403327733781296	0.0	0	0.0
0.0797663157894736	0.0	1.991796569234564	7.209432995495495	1.3519436553951516	1.7146591009841297	1.7495531990944837	2.004045187920921	183.5272	0.0013658802993381	0	0.3433041210979938
0.1428652631578947	0.0	1.864677440434216	7.298352646909827	1.378933037387012	1.940900214722684	2.0331059549231005	1.7148764293302263	328.36392	0.0055833161722035	0	0.39156
0.1332736842105263	0.0	1.7275265559452735	4.286898901986624	1.353173735919589	1.679616946957358	1.7253422671133556	1.5031236143138644	313.69724	0.0012531663851615	0	0.3432
0.1208947368421052	0.0	1.6202762700687403	5.339363887107419	1.3750114432126646	1.923622397940505	1.655632615875185	1.490742063912563	238.01628	0.0043560411742504	0	0.3832
0.0642842105263157	0.0	1.858008078022888	7.504201875	1.3814884930890792	1.8275906517204936	1.5861370872436569	1.8632010358589204	194.24072	0.0043339888065352	0	0.32988
0.0548736842105263	0.0	1.9519284694026875	6.007638807714787	1.3423890652652877	1.6735030303030305	1.5220601995330076	1.565879215203344	241.34092	0.0056731560652746	0	0.45072
0.0731881578947368	0.0067579909546734	1.4500232499179213	4.243418843834968	1.3872299305824012	1.617183726034942	1.610109369402983	1.4304186182466054	235.93796	0.0007468787596046	0	0.35148
0.117253947368421	0.0037000000476837	1.3584444410032466	3.411235480464625	1.4160377893922451	1.9100990468200143	1.4586159464121695	1.3501913837914468	125.47568	0.000597886685008	0	0.3878236324703134
0.0	0.0	0.0	0.0	0.0	0.0	0.0	0.0	31.519565217391303	1.584840975701809e-05	0	0.0
0.0408657894736842	0.0941352990675796	29.801801801801805	19.32751013513513	24.322710280373823	4.726898686596206	8.67705592105263	18.10865168539326	121.64792	0.0003318899930662	0	0.4451931716082659
0.2666447368421052	0.0553657585174015	12.355890623929456	12.065874693974454	10.607245008302565	3.1505891372402277	6.3099163477495175	4.721245576283545	303.98764	0.0012341390086096	0	0.41736
0.0860894736842105	0.1994794483520746	8.00830048119159	18.73034144038468	5.955489570349696	6.952220622021054	7.219487163172462	8.967494960420867	428.73836	0.0009719687122544	1	0.45716
0.0774513157894736	0.1083083957909726	8.244185482950403	18.068905155155157	5.13281585531688	6.61772801328946	6.496403683264887	7.345689163766723	307.87168	0.0011561158181414	0	0.44152
0.0281486842105263	0.0305033122320459	3.5054022748703537	13.734683018867925	3.072349899710159	5.321095760851208	5.015127912867275	4.908238844365291	69.97404	0.0002493012127729	0	0.39424
0.0	0.028376695002472	4.139821261043667	6.205159969204638	4.739091760156947	2.138974443903231	4.623353505440031	2.8129971310987067	8.73948	6.941488056224497e-05	0	0.35464
0.0	0.0	4.040152963671128	3.5234476003917727	2.563003446299061	2.3034666666666666	5.169310344827586	2.759322033898305	7.0	7.066489657496705e-06	0	0.4530892448512585
0.0	0.0	0.0	0.0	0.0	0.0	0.0	0.0	517.1752581527285	0.0150848128809648	2	0.0
0.1355078947368421	2.5182890850724418	7.494576141654602	38.36995884773663	5.480667602412901	7.446576932769093	4.862231981400155	22.321600892872716	1145.96708	0.0157094585225862	0	0.4307698571021455
0.4322763157894737	0.0264726620866343	3.477766941376476	14.0595025	2.4238514025201496	3.683054013028909	2.292378236216462	3.62055851898337	1320.85684	0.007574478989559	0	0.47116
0.3984684210526316	0.0195150858871585	8.811380823007887	14.853110175162367	3.5728437297144486	6.724626233244422	4.167975675604834	5.7037205874194585	1756.50496	0.010499218126325	0	0.45664
0.5906802631578948	0.0307983823203879	4.760003878121226	13.822792162624754	4.139561742341535	5.612580160134312	7.349401782064907	12.904454158189216	1891.54168	0.0268207534440475	0	0.504
0.1231407894736842	0.0635736426899035	5.114579345520864	11.604947757390418	3.7132187951493862	3.677540048045937	6.608696798675093	6.273779961340206	1077.76	0.0042664555838353	2	0.44708
0.4335263157894736	0.0366789462631345	18.709785524347076	14.81659990466292	18.213580922729072	5.462202485501242	14.360303149917106	12.1754198984966	422.55416	0.003764287115388	1	0.42284
0.096778947368421	0.0	7.93739951578062	10.566838274397746	2.8194984761897603	6.188704984342379	3.146794490358127	3.191331655868351	373.9374	0.0014592605538227	0	0.39908
0.2155618421052631	0.0	4.76479674722905	18.793616552248626	2.441646189358985	6.04082812221535	4.237107315761162	4.707044596287641	369.09748	0.0010229650674409	0	0.35272
0.0412592105263157	0.0	2.9819523269012485	15.116257018091076	2.2950001395089283	2.8372888154150524	3.0820950965824667	2.933272528274352	171.43048	0.000665633267208	0	0.3855846774193548
0.0	0.0	0.0	0.0	0.0	0.0	0.0	0.0	82.46058333333333	0.0	0	0.0
0.012	0.0	7.716473696670214	49.59399936332768	5.850164148119539	9.142116402116402	9.36401817291474	9.46532549969	120.48056	0.0002433101163223	0	0.3698275862068965
0.0408	0.0094871796094454	4.566774152909931	17.01034090909091	2.245589765813349	4.676929803090791	3.408437596832502	3.769400654346096	91.81804	0.0003402961606652	0	0.36608
0.212828947368421	0.0	4.981328892350602	17.06215237562791	3.0292756682906723	7.578788346364005	4.425415978942144	4.604009004952724	101.80088	0.0011637205099774	0	0.3828
0.1695710526315789	0.0471086945644644	31.452070304954507	16.128723905685874	33.11818526047207	6.669242491246226	9.385405422605478	11.756810895569195	96.19856	0.0016046133457956	0	0.4038
0.0242526315789473	0.0212147500779893	4.632902338791498	14.799643563909711	4.7376283570328726	3.915451790191403	8.243061072102284	6.207829345434544	73.60024	0.0007294436611059	1	0.42136
0.0061473684210526	0.0	3.1376280915410857	8.41173084365325	3.881936960356367	2.9539477401129943	7.557481269716089	5.57099350921273	56.33876	0.0003229563660262	0	0.4252628943415122
0.0	0.0	0.0	0.0	0.0	0.0	0.0	0.0	25.798623889911195	0.0	0	0.0
0.0	0.0	0.0	0.0	0.0	0.0	0.0	0.0	0.0	0.0	0	0.0
0.0	0.0	0.0	0.0	0.0	0.0	0.0	0.0	0.0	0.0	0	0.0
0.0	0.0	0.0	0.0	0.0	0.0	0.0	0.0	0.0	0.0	0	0.0
0.0	0.0	0.0	0.0	0.0	0.0	0.0	0.0	19.26449847384486	0.0	0	0.0
0.0114171052631578	0.0	2.1455243882606085	5.031284595970399	1.6651982378854624	2.0690948427084552	2.09855377333684	1.592931230694196	91.7442	0.0002436993861943	0	0.3379875886524823
0.0947723684210526	0.0	1.8325637927863123	4.71293462569602	1.6097738367936754	1.9242876002460971	1.634641006661732	1.7313252670869652	171.98268	0.0005112917573925	2	0.33156
0.0839657894736842	0.0	1.8379146799261044	5.7248569094964346	1.373739876814733	2.003987455471091	1.735498905976821	1.6376904439995583	226.06196	0.0010053472153272	0	0.32704
0.1410947368421052	0.0	1.9726500072896584	5.753094365390199	1.4342135076322386	1.8665831736411167	1.61196586429455	1.670003846252468	273.0008	0.0013666807591564	0	0.34816
0.0755602631578947	0.0	1.6267756156468276	4.4979871432081735	1.2961494755514753	2.059172199063017	1.6050434328983456	1.5556118266268886	228.93716	0.0008514494042492	1	0.35844
0.058595	0.0	1.6692673236313578	4.711387281454606	1.5894563697697068	1.8759161462388696	1.8784881478949595	1.8015403276037285	187.27888	0.0005561949714404	0	0.33708
0.0553921052631579	0.0	1.8220385489813973	4.284651814938679	1.284120190219393	1.744512506986749	1.6184723068933595	1.6947298504596429	174.8594	0.0004928078753106	0	0.32668
0.0632026315789473	0.0	1.6267504325292312	4.34360154433027	1.6150124004534288	2.053694696291795	1.9870928736045013	1.640955324036793	159.34052	0.0007309613239239	0	0.33944
0.13525	0.0	1.8806087111282124	5.147739354960691	1.655651210621874	1.8653085268340852	2.211226459971458	1.9588834688811132	173.9632	0.0008356651594139	0	0.32964
0.3296236842105263	0.0	6.075708353782053	5.150691167515737	3.7454798731717593	1.7488888356164385	2.6654144425420485	2.615450331111268	281.98268	0.0026126767097676	0	0.38104
0.2189868421052631	0.0196525768771431	3.448849728439465	4.90577520667101	2.8671903863803	2.4160112608237343	1.5844103361181268	2.960720058497537	319.83744	0.0040915658088817	0	0.50624
0.1049394736842105	0.0	1.972839476649268	4.544215553209671	1.7869090909090908	2.5893113530509395	2.068752919196637	2.0440559440559443	173.77324	0.001336458652386	0	0.3908542976939203
0.0	0.0	0.0	0.0	0.0	0.0	0.0	0.0	43.15912	2.4624985878848854e-05	0	0.0
0.0	0.0	6.831683168316832	35.84125	2.7643215460526323	5.6740625	6.2146875	5.8096875	424.16828	6.668773647397756e-06	0	0.3574144486692015
0.0	0.0	6.897683534499746	34.707628229483284	3.060534466463803	5.864474817327766	6.201450294748124	6.323787732198143	935.19172	0.0002025472202338	0	0.35712
0.0	0.0147999998313098	4.129014164783399	13.77701608649789	2.129877058090449	3.7479163037166088	3.781640304312288	3.641757117275152	936.0502	0.000920904006958	0	0.37432
0.0	0.0147999998313098	5.401280678918167	28.699394670427555	4.423133963892258	5.717816569010417	5.780729891462124	5.770870221912397	1282.95736	0.0002718258980486	0	0.37888
0.0	0.0	14.6055800758372	101.4788584375	10.956274060837323	19.0405528125	23.22578596677824	20.54125125	2161.08964	0.0001048260899808	0	0.43288
0.0	0.0250777975987579	12.445545448501417	95.807209375	10.175173332233042	15.8054175	20.354418125	17.606725	2328.42496	1.797602720942129e-05	0	0.41996
0.0	0.0	9.862963092752016	68.3345679402834	6.655155856255957	10.074505658697865	14.930501527494908	11.986041879468846	1907.7974	2.3807973010355936e-05	0	0.3952
0.1272	0.0	6.0840380414464	40.250822517641126	5.4003754026441815	8.0764772513289	9.716825531744906	7.765953666856168	1162.54996	0.0038001262655941	2	0.41624
0.2175210526315789	0.0	1.9213566707381629	4.82446048206278	1.6093187519614756	2.2414238758670604	3.186215414960967	2.3225851836575697	495.90488	0.0039728834228568	1	0.39356
0.231053947368421	0.0	2.0444621499526185	6.233556494066249	1.637627247553819	2.213885925003592	3.525810883276729	2.7945825111788167	461.92072	0.0041713776304967	0	0.39844
0.1972407894736842	0.0	2.13389431429519	6.578365611032942	1.590450473497943	1.9631374015078351	3.075885290088816	2.0883626036051703	389.37836	0.0032354152811713	1	0.36988
0.1099418421052631	0.0	1.9227345865140928	6.520205367560036	2.1551454674285027	2.3408431652099937	3.5291260101825026	2.97067659609766	399.14076	0.0022915888148458	0	0.39436
0.184113947368421	0.0100079887717433	2.5118476072977094	7.000280750235386	2.314112806680677	2.7614707554632645	5.417129171493005	3.2721267879461187	398.47536	0.0056905504489295	0	0.40604
0.259485	0.0	2.860127947758656	8.10393730647912	2.218916022133171	4.360106357885709	4.87976551131102	3.0467031612832915	423.61296	0.0014352659809085	0	0.3734
0.5146907894736843	0.0	4.7453900243586284	19.696470625	3.362009467139962	4.925636294222448	9.350151525885344	5.42667462567776	805.5942	0.0034992822217218	1	0.36048
0.6866144736842106	0.0	5.905537378142634	24.6575875	3.208047950191018	4.635428920976803	9.659363983054163	4.8745439647831885	1101.80792	0.0047226326707882	0	0.35672
1.3687402631578949	0.0452565291882845	7.135002730143047	23.2587825	9.54344491127841	4.363767288726225	9.87130380620151	7.782065546326701	1333.734	0.0065715647477086	1	0.4208
0.9660515789473684	0.0528490810068334	10.358475368766152	24.369921796796795	7.845788558126441	4.679911871060379	4.378252275804554	7.091214148875068	1603.90372	0.0082463436615642	0	0.45152
0.7001226315789474	0.0435761219632681	5.150984633424948	31.47178920340681	2.9665761707603275	6.862309315157416	4.00133957520296	5.827335996333262	1432.52628	0.0069221449058371	0	0.45632
0.46745	0.1852315979852888	8.292525057693489	14.939691718587747	4.725983223368531	4.40136056162931	6.155243933220351	5.535211006506809	1103.9408	0.0086557304829359	2	0.41756
0.3897736842105263	0.2004790165302569	5.059758378627143	27.30218334914611	3.7419398383837295	6.033888637976644	9.013716632443533	7.278654607486562	610.96124	0.0028296012065691	1	0.3960697692131921
0.0	0.0	0.0	0.0	0.0	0.0	0.0	0.0	170.13615823394323	0.0	0	0.0
0.0	0.0	0.0	0.0	0.0	0.0	0.0	0.0	0.0	0.0	0	0.0
0.0	0.0	0.0	0.0	0.0	0.0	0.0	0.0	0.0	0.0	0	0.0
0.0	0.0	0.0	0.0	0.0	0.0	0.0	0.0	0.0	0.0	0	0.0
0.0	0.0	0.0	0.0	0.0	0.0	0.0	0.0	0.0	0.0	0	0.0
0.0	0.0	0.0	0.0	0.0	0.0	0.0	0.0	0.0	0.0	0	0.0
0.0	0.0	0.0	0.0	0.0	0.0	0.0	0.0	0.0	0.0	0	0.0
0.0	0.0	0.0	0.0	0.0	0.0	0.0	0.0	0.0	0.0	0	0.0
0.0	0.0	0.0	0.0	0.0	0.0	0.0	0.0	0.0	0.0	0	0.0
0.0	0.0	0.0	0.0	0.0	0.0	0.0	0.0	0.0	0.0	0	0.0
0.0	0.0	0.0	0.0	0.0	0.0	0.0	0.0	0.0	0.0	0	0.0
0.0	0.0	0.0	0.0	0.0	0.0	0.0	0.0	0.0	0.0	0	0.0
0.0	0.0	0.0	0.0	0.0	0.0	0.0	0.0	0.0	0.0	0	0.0
0.0	0.0	0.0	0.0	0.0	0.0	0.0	0.0	0.0	0.0	0	0.0
0.0	0.0	0.0	0.0	0.0	0.0	0.0	0.0	0.0	0.0	0	0.0
0.0	0.0	0.0	0.0	0.0	0.0	0.0	0.0	0.0	0.0	0	0.0
0.0	0.0	0.0	0.0	0.0	0.0	0.0	0.0	0.0	0.0	0	0.0
0.0	0.0	0.0	0.0	0.0	0.0	0.0	0.0	0.0	0.0	0	0.0
0.0	0.0	0.0	0.0	0.0	0.0	0.0	0.0	0.0	0.0	0	0.0
0.0	0.0	0.0	0.0	0.0	0.0	0.0	0.0	0.0	0.0	0	0.0
0.0	0.0	0.0	0.0	0.0	0.0	0.0	0.0	0.0	0.0	0	0.0
0.0	0.0	0.0	0.0	0.0	0.0	0.0	0.0	0.0	0.0	0	0.0
0.0	0.0	0.0	0.0	0.0	0.0	0.0	0.0	0.0	0.0	0	0.0
0.0	0.0	0.0	0.0	0.0	0.0	0.0	0.0	0.0	0.0	0	0.0
0.0	0.0	0.0	0.0	0.0	0.0	0.0	0.0	0.0	0.0	0	0.0
0.0	0.0	0.0	0.0	0.0	0.0	0.0	0.0	0.0	0.0	0	0.0
0.0	0.0	0.0	0.0	0.0	0.0	0.0	0.0	0.0	0.0	0	0.0
0.0	0.0	0.0	0.0	0.0	0.0	0.0	0.0	0.0	0.0	0	0.0
0.0	0.0	0.0	0.0	0.0	0.0	0.0	0.0	0.0	0.0	0	0.0
0.0	0.0	0.0	0.0	0.0	0.0	0.0	0.0	0.0	0.0	0	0.0
0.0	0.0	0.0	0.0	0.0	0.0	0.0	0.0	0.0	0.0	0	0.0
0.0	0.0	0.0	0.0	0.0	0.0	0.0	0.0	0.0	0.0	0	0.0
0.0	0.0	0.0	0.0	0.0	0.0	0.0	0.0	0.0	0.0	0	0.0
0.0	0.0	0.0	0.0	0.0	0.0	0.0	0.0	0.0	0.0	0	0.0
0.0	0.0	0.0	0.0	0.0	0.0	0.0	0.0	0.0	0.0	0	0.0
0.0	0.0	0.0	0.0	0.0	0.0	0.0	0.0	0.0	0.0	0	0.0
0.0	0.0	0.0	0.0	0.0	0.0	0.0	0.0	0.0	0.0	0	0.0
0.0	0.0	0.0	0.0	0.0	0.0	0.0	0.0	0.0	0.0	0	0.0
0.0	0.0	0.0	0.0	0.0	0.0	0.0	0.0	0.0	0.0	0	0.0
0.0	0.0	0.0	0.0	0.0	0.0	0.0	0.0	0.0	0.0	0	0.0
0.0	0.0	0.0	0.0	0.0	0.0	0.0	0.0	0.0	0.0	0	0.0
0.0	0.0	0.0	0.0	0.0	0.0	0.0	0.0	0.0	0.0	0	0.0
0.0	0.0	0.0	0.0	0.0	0.0	0.0	0.0	0.0	0.0	0	0.0
0.0	0.0	0.0	0.0	0.0	0.0	0.0	0.0	0.0	0.0	0	0.0
0.0	0.0	0.0	0.0	0.0	0.0	0.0	0.0	0.0	0.0	0	0.0
0.0	0.0	0.0	0.0	0.0	0.0	0.0	0.0	0.0	0.0	0	0.0
0.0	0.0	0.0	0.0	0.0	0.0	0.0	0.0	0.0	0.0	0	0.0
0.0	0.0	0.0	0.0	0.0	0.0	0.0	0.0	0.0	0.0	0	0.0
0.0	0.0	0.0	0.0	0.0	0.0	0.0	0.0	0.0	0.0	0	0.0
0.0	0.0	0.0	0.0	0.0	0.0	0.0	0.0	0.0	0.0	0	0.0
0.0	0.0	0.0	0.0	0.0	0.0	0.0	0.0	0.0	0.0	0	0.0
0.0	0.0	0.0	0.0	0.0	0.0	0.0	0.0	0.0	0.0	0	0.0
0.0	0.0	0.0	0.0	0.0	0.0	0.0	0.0	0.0	0.0	0	0.0
0.0	0.0	0.0	0.0	0.0	0.0	0.0	0.0	0.0	0.0	0	0.0
0.0	0.0	0.0	0.0	0.0	0.0	0.0	0.0	0.0	0.0	0	0.0
0.0	0.0	0.0	0.0	0.0	0.0	0.0	0.0	0.0	0.0	0	0.0
0.0	0.0	0.0	0.0	0.0	0.0	0.0	0.0	0.0	0.0	0	0.0
0.0	0.0	0.0	0.0	0.0	0.0	0.0	0.0	0.0	0.0	0	0.0
0.0	0.0	0.0	0.0	0.0	0.0	0.0	0.0	0.0	0.0	0	0.0
0.0	0.0	0.0	0.0	0.0	0.0	0.0	0.0	0.0	0.0	0	0.0
0.0	0.0	0.0	0.0	0.0	0.0	0.0	0.0	0.0	0.0	0	0.0
0.0	0.0	0.0	0.0	0.0	0.0	0.0	0.0	0.0	0.0	0	0.0
0.0	0.0	0.0	0.0	0.0	0.0	0.0	0.0	0.0	0.0	0	0.0
0.0	0.0	0.0	0.0	0.0	0.0	0.0	0.0	0.0	0.0	0	0.0
0.0	0.0	0.0	0.0	0.0	0.0	0.0	0.0	0.0	0.0	0	0.0
0.0	0.0	0.0	0.0	0.0	0.0	0.0	0.0	0.0	0.0	0	0.0
0.0	0.0	0.0	0.0	0.0	0.0	0.0	0.0	0.0	0.0	0	0.0
0.0	0.0	0.0	0.0	0.0	0.0	0.0	0.0	0.0	0.0	0	0.0
0.0	0.0	0.0	0.0	0.0	0.0	0.0	0.0	0.0	0.0	0	0.0
0.0	0.0	0.0	0.0	0.0	0.0	0.0	0.0	0.0	0.0	0	0.0
0.0	0.0	0.0	0.0	0.0	0.0	0.0	0.0	0.0	0.0	0	0.0
0.0	0.0	0.0	0.0	0.0	0.0	0.0	0.0	0.0	0.0	0	0.0
0.0	0.0	0.0	0.0	0.0	0.0	0.0	0.0	0.0	0.0	0	0.0
0.0	0.0	0.0	0.0	0.0	0.0	0.0	0.0	0.0	0.0	0	0.0
0.0	0.0	0.0	0.0	0.0	0.0	0.0	0.0	0.0	0.0	0	0.0
0.0	0.0	0.0	0.0	0.0	0.0	0.0	0.0	0.0	0.0	0	0.0
0.0	0.0	0.0	0.0	0.0	0.0	0.0	0.0	0.0	0.0	0	0.0
0.0	0.0	0.0	0.0	0.0	0.0	0.0	0.0	0.0	0.0	0	0.0
0.0	0.0	0.0	0.0	0.0	0.0	0.0	0.0	0.0	0.0	0	0.0
0.0	0.0	0.0	0.0	0.0	0.0	0.0	0.0	0.0	0.0	0	0.0
0.0	0.0	0.0	0.0	0.0	0.0	0.0	0.0	0.0	0.0	0	0.0
0.0	0.0	0.0	0.0	0.0	0.0	0.0	0.0	0.0	0.0	0	0.0
0.0	0.0	0.0	0.0	0.0	0.0	0.0	0.0	0.0	0.0	0	0.0
0.0	0.0	0.0	0.0	0.0	0.0	0.0	0.0	0.0	0.0	0	0.0
0.0	0.0	0.0	0.0	0.0	0.0	0.0	0.0	0.0	0.0	0	0.0
0.0	0.0	0.0	0.0	0.0	0.0	0.0	0.0	0.0	0.0	0	0.0
0.0	0.0	0.0	0.0	0.0	0.0	0.0	0.0	0.0	0.0	0	0.0
0.0	0.0	0.0	0.0	0.0	0.0	0.0	0.0	0.0	0.0	0	0.0
0.0	0.0	0.0	0.0	0.0	0.0	0.0	0.0	0.0	0.0	0	0.0
0.0	0.0	0.0	0.0	0.0	0.0	0.0	0.0	0.0	0.0	0	0.0
0.0	0.0	0.0	0.0	0.0	0.0	0.0	0.0	0.0	0.0	0	0.0
0.0	0.0	0.0	0.0	0.0	0.0	0.0	0.0	0.0	0.0	0	0.0
0.0	0.0	0.0	0.0	0.0	0.0	0.0	0.0	0.0	0.0	0	0.0
0.0	0.0	0.0	0.0	0.0	0.0	0.0	0.0	0.0	0.0	0	0.0
0.0	0.0	0.0	0.0	0.0	0.0	0.0	0.0	0.0	0.0	0	0.0
0.0	0.0	0.0	0.0	0.0	0.0	0.0	0.0	0.0	0.0	0	0.0
0.0	0.0	0.0	0.0	0.0	0.0	0.0	0.0	0.0	0.0	0	0.0
0.0	0.0	0.0	0.0	0.0	0.0	0.0	0.0	0.0	0.0	0	0.0
0.0	0.0	0.0	0.0	0.0	0.0	0.0	0.0	0.0	0.0	0	0.0
0.0	0.0	0.0	0.0	0.0	0.0	0.0	0.0	0.0	0.0	0	0.0
0.0	0.0	0.0	0.0	0.0	0.0	0.0	0.0	0.0	0.0	0	0.0
0.0	0.0	0.0	0.0	0.0	0.0	0.0	0.0	0.0	0.0	0	0.0
0.0	0.0	0.0	0.0	0.0	0.0	0.0	0.0	0.0	0.0	0	0.0
0.0	0.0	0.0	0.0	0.0	0.0	0.0	0.0	0.0	0.0	0	0.0
0.0	0.0	0.0	0.0	0.0	0.0	0.0	0.0	0.0	0.0	0	0.0
0.0	0.0	0.0	0.0	0.0	0.0	0.0	0.0	0.0	0.0	0	0.0
0.0	0.0	0.0	0.0	0.0	0.0	0.0	0.0	0.0	0.0	0	0.0
0.0	0.0	0.0	0.0	0.0	0.0	0.0	0.0	0.0	0.0	0	0.0
0.0	0.0	0.0	0.0	0.0	0.0	0.0	0.0	0.0	0.0	0	0.0
0.0	0.0	0.0	0.0	0.0	0.0	0.0	0.0	0.0	0.0	0	0.0
0.0	0.0	0.0	0.0	0.0	0.0	0.0	0.0	0.0	0.0	0	0.0
0.0	0.0	0.0	0.0	0.0	0.0	0.0	0.0	0.0	0.0	0	0.0
0.0	0.0	0.0	0.0	0.0	0.0	0.0	0.0	0.0	0.0	0	0.0
0.0	0.0	0.0	0.0	0.0	0.0	0.0	0.0	0.0	0.0	0	0.0
0.0	0.0	0.0	0.0	0.0	0.0	0.0	0.0	0.0	0.0	0	0.0
0.0	0.0	0.0	0.0	0.0	0.0	0.0	0.0	0.0	0.0	0	0.0
0.0	0.0	0.0	0.0	0.0	0.0	0.0	0.0	0.0	0.0	0	0.0
0.0	0.0	0.0	0.0	0.0	0.0	0.0	0.0	0.0	0.0	0	0.0
0.0	0.0	0.0	0.0	0.0	0.0	0.0	0.0	0.0	0.0	0	0.0
0.0	0.0	0.0	0.0	0.0	0.0	0.0	0.0	0.0	0.0	0	0.0
0.0	0.0	0.0	0.0	0.0	0.0	0.0	0.0	0.0	0.0	0	0.0
0.0	0.0	0.0	0.0	0.0	0.0	0.0	0.0	0.0	0.0	0	0.0
0.0	0.0	0.0	0.0	0.0	0.0	0.0	0.0	0.0	0.0	0	0.0
0.0	0.0	0.0	0.0	0.0	0.0	0.0	0.0	0.0	0.0	0	0.0
0.0	0.0	0.0	0.0	0.0	0.0	0.0	0.0	109.96304669159204	0.0	0	0.0
0.0	0.0	5.727823930190641	18.805728734439835	3.265376977374551	6.113370060665683	6.8290525477707	5.643487372380441	291.78804	0.0	0	0.3741892005728245
0.01815	0.0	4.234209637885958	14.211157837111504	2.5667994369261904	3.81730439115189	4.180750944584383	4.043136968000509	380.89548	0.0001950604814334	0	0.3692
0.071028947368421	0.0	1.41381508252643	4.7881751637947625	1.210164451676107	1.8315032305392864	1.3816480543802458	1.5005580852168168	194.77452	0.0007733807222128	1	0.39332
0.0633447368421052	0.0165969171256662	1.737986761453198	5.00662290326649	1.1747449211439398	1.6566417949621677	1.3547422048444284	1.4652413741288663	137.97988	0.0016657148302762	2	0.3728
0.0465921052631578	0.0147018388405963	1.696891504068656	4.683834689507495	1.192793578121218	1.582163047723006	1.5379994027677448	1.53167463029115	109.99808	0.001357795695886	0	0.38652
0.0264842105263157	0.0	1.4445712055880606	4.560109024429513	1.1739012243297575	1.3575560695368163	1.360636520148858	1.214650648113651	47.09796	0.0003978678431318	0	0.34328
0.0116378947368421	0.0	1.4214684380986982	4.713564791924536	1.2241226097592512	1.5387601044168775	1.495577675485939	1.5048881905455385	42.88048	0.0007830817871628	2	0.38468
0.0299621052631578	0.0	1.2408034339408371	3.004312455160119	1.2022623943263508	1.2279661785994658	1.3716855964549757	1.26344651875218	43.66004	0.0007945565489898	0	0.39
0.0	0.0	1.433723348126998	3.5202640621284065	1.1431012184602851	1.5360103980963002	1.3976336444218826	1.339013318649721	46.81988	0.00061892185429	0	0.35992
0.0112	0.0	1.4687394962838194	3.597384448416752	1.244496312325899	1.4478979730550057	1.2450131978453014	1.364431665239202	39.78076	0.0009037065047003	0	0.3792
0.0184210526315789	0.0	1.4252262371363442	3.77931832770484	1.0613799358635787	1.516635765653524	1.5081870116826568	1.267174729331656	80.1216	0.0010038574572849	0	0.3422
0.058378947368421	0.0	1.4141102659798346	3.8124937098859855	1.2811052136124226	1.3992533451010438	1.3543968191746798	1.5568307970462114	132.28032	0.0024702718788473	0	0.36552
0.0248	0.0	1.4853882977720023	3.955771767963737	1.111167430022245	1.4637683045726342	1.3650402475040495	1.3164439329641084	117.94068	0.0025155736054304	0	0.36328
0.0536	0.0	1.4467492275780367	4.706617805493736	1.227444912530699	1.6941436307066355	1.4303659209549846	1.3747117046907846	156.7632	0.0016244242726003	0	0.352
0.0565052631578947	0.0	1.3663587090677434	4.572713959680486	1.4185398915081926	1.397802253295639	1.4346987239508535	1.4768459022342342	192.51888	0.0026869265428886	0	0.39464
0.0497447368421052	0.0	1.4147183733463928	3.823166859338484	1.1558425953412377	1.5393782629631718	1.3176139331822465	1.3551905386567096	166.57932	0.0011122875538775	1	0.34276
0.0727657894736842	0.0147213428767759	1.8871739822339677	4.053740650656218	2.197570280648939	1.5931926496739777	1.6793733837516107	1.8725390420731196	169.48	0.0045926142355054	1	0.446
0.0754734210526315	0.0	1.6971557457052242	4.086754960166438	1.336281562160316	1.3947162582807884	1.5573163209573886	1.309345954805467	158.11928	0.0029710421878362	0	0.36004
0.0452371052631578	0.0084285708836146	1.291235622484742	3.746290528104205	1.1558154359354087	1.2590948365253676	1.352360522823538	1.3078105405605551	152.8408	0.0028159034425195	2	0.36512
0.0292526315789473	0.0	1.3784616692539509	4.135207933512668	1.4202737271091468	1.4933661349263962	1.4694554965522708	1.483106705391663	158.9188	0.0033806473137175	0	0.3916
0.0422210526315789	0.0148000001907348	1.3518268060344585	3.829378368751457	1.3096136365336468	1.3615108877641549	1.279856285852895	1.4539584093396571	112.67808	0.0035452425586125	1	0.39552
0.0784	0.0	1.6742790718445932	3.834592050248884	1.2804439249469362	1.4044078336776284	1.4329283271291169	1.4769271374025656	73.27968	0.0027747174031594	1	0.36548
0.012	0.0	1.3828636958532128	4.062933397402146	1.3751039434578842	1.557065143107505	1.6256034885531847	1.4248967002353683	88.38108	0.0029922853403582	1	0.39332
0.012	0.0	1.4556462644998478	4.24155215377292	1.26507689703564	1.5400396104049752	1.3978021229190318	1.4724235831818968	124.301	0.003199725033483	2	0.36896
0.0352	0.0	1.5461379116383296	4.249292117002982	1.2575451648323566	1.4603781717834796	1.4581557075507137	1.4482865245342127	137.96	0.0029692467359935	0	0.34944
0.0440486842105263	0.0	1.577459801868922	3.870306497175141	1.3350158175380036	1.4085557558328972	1.4594153493655777	1.307232524460457	115.73892	0.0018256954458355	1	0.34668
0.0568881578947368	0.0140952382768903	1.393972490068099	3.571140467701776	1.4168679261088846	1.668587731081686	1.4929881709564288	1.4148825840244434	90.3798	0.0021295997058753	2	0.39452
0.0174802631578947	0.0225901530899164	1.3295271129398845	3.19633318868734	1.2682512119970475	1.5900753284671534	1.4328981988922973	1.4598759560840942	117.76128	0.001437912649326	1	0.41076
0.0379171052631578	0.0148000001907348	1.5186182755808129	3.196387055987989	1.744009580995613	2.9625138024198283	1.4741780777335312	1.921227790657073	169.12344	0.0017066636434372	2	0.37824
0.2178802631578947	0.0	2.0019978946084893	3.29994447952847	1.7778545620247412	2.7129163625380683	1.5596175714538458	1.8518392980041292	267.62316	0.0053412507712841	1	0.4584
0.2618013157894737	0.0445726333429783	3.106545331018421	2.5341804262252983	2.156668944291784	2.8501394327092258	1.4747593224342577	2.100971915498724	281.85724	0.0046876979433613	0	0.455
0.0791842105263157	0.0428238950643634	1.646351537568488	2.1946046758429487	1.4677448633208576	2.0333697635049925	1.3330319685575465	1.412989897940223	161.17612	0.0022736859641487	0	0.39576
0.137778947368421	0.0	1.7180647963208069	2.368870542970184	1.7321805874815237	2.554264359335862	1.5860513898144586	1.6629210375846	115.22028	0.0028354091226747	3	0.41064
0.1110447368421052	0.0	1.6328026937954847	2.4135122086919067	1.6887272097442314	1.9895417212075173	1.4227327691188298	1.5760342146189734	146.22148	0.0046130071281334	1	0.41612
0.1143763157894736	0.0	1.612568000201228	2.5496252463250277	1.418615729759478	2.9276192016636813	1.595867693810112	1.8404775704184533	193.60112	0.0055255496200656	2	0.41304
0.1585223684210526	0.0	1.5933382713779902	2.9439310504311926	1.4801051028541168	2.2491014311410025	1.671831495493228	1.933076540648034	273.66452	0.0048892242591608	2	0.4396
0.1489381578947368	0.0109307481971804	1.5159454733891051	2.4191355452127263	1.6993342738250805	2.29753451413041	1.879063358479048	1.7747693353144225	321.8998	0.0045115880334201	0	0.46416
0.1239210526315789	0.0198890029645217	1.583674381415991	2.469886352226378	1.6004143523992496	2.138430583501006	1.880622001257625	1.598533864008462	232.63376	0.003423647862813	0	0.46656
0.2174552631578947	0.0278260106413792	2.7011559242861667	2.9375139934267995	2.452773230423295	1.7362330538581785	2.744920072790778	2.255160166048793	136.3192	0.0013308320583972	1	0.39696
0.0991631578947368	0.0311434092418042	2.162108178195137	3.0445312966350087	2.490143375954581	1.5203673865499008	2.740155110545202	1.747276462584505	149.4614	0.0010848737028504	1	0.38088
0.2711736842105263	0.0219021913106008	5.325297190555539	3.3913091027679063	5.038311684884624	1.725199042299984	3.05339234670355	2.3041167226164023	169.2796	0.00237190947555	1	0.36596
0.2360263157894736	0.019370546742874	6.668610154000332	2.583006546817852	4.047511869350897	2.345484677091876	1.6035310244611285	2.2174184979067544	152.54028	0.0075012577913087	3	0.44308
0.2648105263157894	0.0513126583941045	2.1220611463046413	2.7042056770983827	1.6811886883890284	3.360721605004853	1.5975817348011694	2.3566122565354526	196.12416	0.0169705039943667	2	0.49628
0.4534355263157895	0.0564242492996787	5.182419933594404	3.034381980158051	2.587825097143436	1.7247828401017158	3.2068453236786945	2.286442721899419	312.0638	0.0069744637559441	0	0.3772
0.1287118421052631	0.0771353129435998	2.9326979199650203	4.7186284793554885	2.0195632557959784	1.5259838115875983	1.97653957996769	2.1366073039690474	410.90164	0.0195540043912565	2	0.52396
0.317257894736842	0.0860076092783802	1.7095763565905384	4.952472476474048	1.8907971505904209	2.908474516793337	2.629091144447962	2.354471074405065	452.62268	0.0146719439370141	0	0.463
0.3390031578947369	0.1024467470981598	2.1114345316143868	3.1382729230988526	2.0379098884897835	2.2928844221105527	1.7780670958982965	2.352117674333665	494.94204	0.0070734400131071	0	0.3992
0.1743547368421052	0.0233922430243625	1.7469793054911715	3.7544124943327537	1.8810783523996804	1.991768546373936	1.5555039431185416	1.828274329992789	460.01524	0.0033095880160261	1	0.35832
0.128278947368421	0.0141581831635771	2.1165838676732176	3.078504823198481	1.336514869181307	2.368874384851228	1.595536474507949	1.677993272912636	334.25524	0.0028416044447176	0	0.3454
0.1272342105263157	0.0183825740642413	1.6566967534628527	2.684695565622037	1.397492235804085	2.192729372004625	1.5958921768646073	1.4171402583156951	307.6214	0.0032771299447908	0	0.35264
0.2958605263157894	0.0538843031208957	4.422185552192357	3.502290720311485	1.7798457226230446	2.4492484429835937	1.8345323846786088	1.9227081274874955	345.06236	0.0058577486563605	2	0.34584
0.2032934210526315	0.0653304331393324	1.96380756545796	4.2516774428484725	1.587464588464122	2.377622861051301	1.965529718966812	1.939724300463947	400.78172	0.004130279217187	1	0.36884
0.6475460526315789	0.0352839934520232	3.326724673742243	3.804124336491444	2.2061844516630567	2.2741295436337605	2.189086194210649	2.352164623187827	437.162	0.0065693233295223	0	0.37796
0.3378381578947368	0.0335312169315357	2.719072452880262	3.3712808819099407	2.417739136528279	2.4425122031984823	2.2302569223996107	1.81402295236598	485.96152	0.0047053985345538	0	0.35772
0.2244307894736842	0.0148000001907348	2.0288286780113247	3.771321476667412	1.590230764274415	3.2058708994708995	1.764077989992909	1.8075973622375503	514.89956	0.0037740895119046	0	0.36068
0.178035	0.0	1.8006453653068832	3.4034775880947192	1.8816571514316196	3.589274446842484	1.7287380875722995	1.769302138556911	524.50076	0.0040873539817245	0	0.36912
0.2074086842105263	0.0	5.497424368665602	3.434722512040198	5.979343688455298	2.5092157129659376	3.925973788318787	2.295937694293667	497.13788	0.0045282193591664	0	0.35536
1.1384136842105264	0.0334264713727793	8.161613030120284	5.067760732241846	10.225137268534027	2.0242675932372327	3.6323937968754487	3.861616290078709	446.03864	0.0058382164422291	1	0.35364
0.2585647368421053	0.0	1.9768544080781747	6.809308565531476	1.7480435817939417	1.862909903177651	1.9607150739351131	1.814032760039732	488.2844	0.0028795766747786	0	0.37368
0.655431052631579	0.0148000001907348	3.967490624270909	5.48245129048583	12.984906061510396	2.089269591488529	2.963742159606292	2.094473908929018	526.43912	0.0045570966315269	0	0.3644
0.7117826315789473	0.0	4.683495981299564	5.899185694769712	7.441498824167818	2.018812386714957	3.1006664455654662	2.755879769074057	512.8768	0.0039637986663334	0	0.36464
0.6791044736842106	0.0148000001907348	3.088329685673097	5.243765159765364	3.9468715580494433	2.102327751800228	9.30740574865241	6.195637566318317	448.36072	0.0038071634613766	0	0.3682
0.6235081578947369	0.0153652239756979	5.219782858307591	6.194020358241931	4.662490187071178	1.8852653105155528	11.50977244232698	6.564171855941452	409.25916	0.0023292193440654	0	0.36252
1.443247105263158	0.014465316133583	19.260906617907253	7.538579606843947	10.769156280764848	2.0171112229491697	7.096028369571171	4.547534848943405	458.70188	0.0034879245923371	0	0.35536
0.6195855263157894	0.0173082463225426	5.478788143698151	6.329795402080763	3.265975947527907	2.041494431983025	3.064644724550825	2.09021302130213	507.40248	0.0038858164124979	0	0.37148
1.3400736842105263	0.0401338357043959	7.094260857007094	6.309519217663084	11.56523115252204	1.7958693864893929	3.498073674006371	2.555615390123886	522.11832	0.0037748473611824	2	0.35716
0.333778947368421	0.0190527182358961	3.272435892354136	5.5630268454852825	3.2401012633870687	1.6944505931746048	2.752901055060204	2.094696750248936	528.65956	0.0030102599309823	0	0.37852
0.3624631578947369	0.0082744213572719	2.550886584446236	6.182058902345202	2.128090585162329	1.7565784917364935	2.44250618750025	2.2359977253984358	502.13996	0.0027908972904524	0	0.36968
0.5998657894736842	0.0214905085900017	4.2242085146479065	5.861544714395683	6.088031734690528	2.0762820230896097	2.8809050485094003	2.747712864660266	545.82508	0.0023222530689747	1	0.3464
0.7236789473684211	0.0214551315347238	4.268394354467907	6.138647515136226	6.986731600986764	1.8590018248625744	3.4555321787398454	2.589718569091367	635.14028	0.0035541566060746	0	0.38116
0.4650394736842104	0.0214451983355093	2.6867924046693537	6.3195575	2.1516111262975355	1.8777361092499725	3.25023377987917	2.1005776028182668	496.75064	0.0037408864165491	0	0.36108
0.9807644736842104	0.0396213906377787	11.430992828359065	6.595826255070994	10.694979738191591	2.0009782203705586	5.827646887819375	3.3596580137086187	410.40208	0.00325569697061	1	0.36596
1.7996486842105264	0.0349770082613524	17.4334855847156	8.62930875	22.406082812138937	1.746913123844732	5.83037740963375	4.746253316463942	462.92112	0.0041854902105778	3	0.37352
0.1589776315789473	0.0229402309240296	2.2580792674917887	6.066479969817533	1.7672152155664378	1.7756540420782316	2.0381080344738307	1.6416280308953373	418.07728	0.0029724447766165	0	0.36884
0.1513828947368421	0.0111000001430511	2.226042947983701	4.405267528572023	1.655821444357364	1.806424292898556	2.0414889830938647	1.5830531539904953	425.58148	0.0030965177067676	0	0.35116
0.2800710526315789	0.0	2.0618112847455743	5.268076169825379	1.6476597741912815	1.8896688180147925	1.9310969718195388	2.0797768439772253	457.32032	0.0052221315075018	1	0.39624
0.4748973684210527	0.0	2.35027112546464	5.128837900111594	2.185445974236372	2.227903018764513	2.309252462376407	2.334220249083487	467.26188	0.0043260891437179	0	0.38152
0.2594210526315789	0.0188507638919125	1.988894438264815	4.25062893907563	1.6194407112975788	1.765861316437874	1.8528508172018083	2.0413423968609243	491.6804	0.0048815252862081	1	0.37736
0.0728	0.0	1.8981771132813685	4.072823072202905	1.7193253100852846	2.0099817343654864	1.882304316783872	1.7992632085964253	439.33628	0.0034091866102464	1	0.3694
0.1312476315789473	0.0110928903114388	1.8787752132130464	4.067987377279103	1.794650714897268	2.546620630560246	1.955230762881492	1.7881041466618106	421.07904	0.003586307485051	0	0.39896
0.2598628947368421	0.0	2.1479131168710524	3.37917891093035	1.89448818602248	2.0037247223176458	5.148361359113399	2.896148864361945	477.86476	0.0043049538697039	2	0.37072
0.2409076315789473	0.0	2.006656978948875	4.009204955869295	2.16301166113504	1.7667443282845272	4.942831716507657	3.176986672435361	510.72048	0.0041968460502344	0	0.3664
0.2407607894736842	0.0266586488431638	1.8936571328548717	3.913519310874752	2.153762850155211	1.75706411482586	4.690309366754618	2.5046165623098515	475.97668	0.0044697010980458	0	0.35284
0.1873565789473684	0.0	3.9449393151515455	5.290317770168645	2.9525451574988115	1.6476868206768258	5.535730544043156	2.7220091811272598	382.29708	0.0042520252676921	0	0.36616
1.153782894736842	0.0148000001907348	15.672086779848868	4.179345119190305	11.99565741369574	2.314735544308145	2.914394404336625	3.604983586002761	361.98044	0.0082696563245619	2	0.39192
0.1778960526315789	0.0	1.7439768326760885	3.608055413359631	2.027859336322734	3.055626503794188	1.7652120211180673	1.7031064958034936	408.7826	0.0045290585729129	0	0.3674
0.111675	0.0	1.684648471750728	3.2297899533044663	1.5461955064326731	2.813354382620437	1.7816899058860654	1.7485049251939986	496.8032	0.0044523944948175	0	0.37
0.1780852631578947	0.0148000001907348	2.0707835206433693	3.8024290891322936	1.6669326520152463	3.25945805000959	1.7277521439989814	1.9293726969148213	526.85972	0.0062954903323159	0	0.4014
0.1317778947368421	0.0	1.918715095767904	3.8370462672247503	1.6614775014897007	2.3884392384482247	1.7220086057756288	1.827979848278019	460.85788	0.0046649996932464	0	0.38836
0.1432086842105263	0.0	2.137668770839547	3.06378884135503	1.6613991829978108	2.576152260880107	1.89531787829568	1.8946059495269123	470.98036	0.0044934846133344	0	0.38536
0.1257334210526315	0.0	2.0087899721652733	3.3815719051179385	1.8557871953811231	2.6470113585474087	1.802985845927252	1.987626494622269	450.0776	0.0055227723337271	0	0.405
0.1285552631578947	0.0	2.058661375220963	3.849499266316438	2.279108170744445	1.91543575670192	1.720021300510112	1.7520953680045297	346.83664	0.0049130284350233	0	0.38956
0.1749273684210526	0.0	1.7720088235906422	3.240734909257694	1.6996571630241817	1.9643123950188872	1.84981698613617	1.6337624596400118	339.6812	0.0033983731430593	0	0.38048
0.2306042105263158	0.0	2.1460178362131943	4.08071589694883	1.6918604506713406	2.411536725336788	1.9335734660775208	1.730614020225861	368.36024	0.0051751627485892	0	0.39384
0.0951921052631579	0.0	1.5760342592135828	3.4923125292661714	1.8605508872709031	2.010523758099352	1.6810233731703677	1.7461335742790454	359.33844	0.0048541491806857	0	0.3744
0.1058973684210526	0.0	1.8162668105161268	3.51	1.4940436492047606	1.744110747372962	1.7993631615682688	1.6332839662083454	346.64264	0.0042441023376759	0	0.36632
0.0764236842105263	0.0	1.8047012405636196	3.849792928446605	1.4061130778357451	1.962219757025553	1.5471137217485436	1.7794825129069898	376.01868	0.0042680379765349	0	0.37284
0.0896121052631578	0.0	1.6684553855807662	3.3568801281504728	1.5019570208893	2.1247690847527583	1.424422127876579	1.594263096285225	357.04104	0.0041832178108657	1	0.3732
0.0612931578947368	0.0	1.5848616993106908	3.1883666465739844	1.5113534533837771	2.6074619600704407	1.7148035363457763	1.6972092329492483	416.8836	0.0060076581456731	0	0.39236
0.103178947368421	0.0	1.705017022808177	3.2240741649414315	1.6495795847751895	1.9606974694955008	1.558613232516784	1.588200395187714	425.03512	0.0045816129729677	0	0.36772
0.1550684210526315	0.0	1.7723302708256818	3.065359611131589	1.4023453094670917	2.0047692741797825	1.7168761371200354	1.8821504159890643	336.02084	0.0038428470805112	0	0.37232
0.1536473684210526	0.0	1.8237133097113247	3.6691926951109655	1.6464830315428594	2.7629598991570155	1.6684265097416169	1.7932993078738522	422.9228	0.0049375685482428	2	0.38108
0.0321052631578947	0.0	1.6341945015786998	3.451591418081307	1.629221609414775	2.370304646182088	1.7193170831617817	1.5190103360770373	435.67872	0.0046901873680686	0	0.37244
0.1103236842105263	0.0	1.6213961253922105	3.0180962258045785	1.4162736102303155	2.199610802223987	1.6205447302225378	1.392980856882407	389.52016	0.0038481045191077	0	0.36968
0.2135105263157894	0.0	1.8451372710276908	3.07104015003141	1.426347942504866	2.3695540518626625	1.6161023445072913	1.779406695805456	428.15952	0.0037987559294525	0	0.37232
0.0953368421052631	0.0177508890628814	1.6995439711228966	2.714206398899659	1.2921286674126369	2.3695433008642426	1.8356349588269123	1.4302180968535343	402.24016	0.0047131059951466	0	0.3916
0.1448184210526316	0.0	1.45670408473222	3.178637848577308	1.4650422683037672	2.259572383840509	1.7491369215672357	1.4999625383972086	345.37764	0.0033592219349917	1	0.36252
0.1118157894736842	0.0	1.6801094924951343	3.052313587196094	1.377376321282408	2.6999087377217417	1.871037150822097	1.652920949908785	311.17652	0.0035542632470236	0	0.37356
0.1230684210526315	0.0	1.887432729454858	3.251391735985227	1.7372918567639712	2.847401438816049	1.6550458251690792	1.67351143798089	267.07984	0.0039455599125518	0	0.3686
0.2348157894736842	0.0	1.7519604562047468	3.314774913895564	1.586491237730263	2.9118736912379584	1.7027067570234882	1.7066629483553108	296.56184	0.0042026362643347	2	0.3718
0.2196105263157894	0.0	6.316841825346435	3.4432721360230736	4.219673065872554	2.882224197674208	1.817049418604651	1.943835087638172	285.93964	0.0069730791842236	1	0.38364
1.016753947368421	0.0356352539775646	8.73745916197775	4.4808027849740935	8.948317276320747	1.7728674182523083	4.219901465826399	4.225792349726776	264.32016	0.0096337528039252	2	0.39588
0.3946644736842105	0.2048893131320618	2.808157452640197	6.107857776089159	3.841438436951165	2.13507067303192	5.837792162792163	2.3315216457218746	333.26244	0.0029426667626465	0	0.35848
0.2459105263157894	0.0725575908669313	2.404514030026842	4.719783820246374	2.17352511933002	1.6854806951958086	5.11838122690918	2.625270331713846	366.08024	0.0031532332983613	0	0.34584
0.2641921052631578	0.2176775188224483	1.9398070796890656	4.855290568745108	1.9504254191411483	1.700777664196156	6.737714436695837	2.2967226086293517	358.67872	0.0031275587440238	0	0.35608
0.1595178947368421	0.2812063692964633	1.7688485879718885	3.1055913330593	1.736008029779855	1.5317188781637725	6.108540120917826	2.582450945834802	323.09996	0.0030411084770016	0	0.34372
0.1163978947368421	0.3169569584940282	1.7548580028315697	3.5361836970294696	1.7718636807517043	1.3836648463347547	5.088472397043295	2.107354767994154	318.8594	0.0032840663046258	0	0.33504
0.1591205263157894	0.1465059209630557	1.801484759808307	3.8472083691587216	1.8204221593877905	1.35637550065761	3.147846169487556	2.7549397590361444	296.11792	0.0030834101285829	0	0.35732
0.1426552631578947	0.0227909696639829	1.7270196842516483	2.870190044064349	1.4063323904229124	1.5656906760899545	1.35652937567782	1.419234373535751	262.53956	0.0022387068732345	0	0.38596
0.1010873684210526	0.0	1.4669042411923	2.96138279633698	1.1982567764844794	1.751113299352918	1.4662280138103505	1.5365784232234996	311.305	0.0035598232737008	0	0.35524
0.132928947368421	0.0	1.6066607993201143	3.1538666501003862	1.4054307790706342	1.5231350181108962	1.6557593403592874	1.4730505199227018	363.06036	0.0036959099011386	0	0.36236
0.127778947368421	0.0	1.654244087353849	2.8616276711901425	1.252304122383073	1.6632526344969265	1.4672214457709598	1.5682390680398446	350.01804	0.003366562560113	0	0.37448
0.1180836842105263	0.0	1.573773856835373	3.567145811878532	1.391415058857617	1.5275173325420162	1.4665617623918177	1.5952201257861636	322.3192	0.0030740498637276	0	0.36312
0.0260947368421052	0.0	1.4366369552480411	3.8495240743393166	1.4317967135076008	1.5538640776699029	1.3268422743334405	1.446124392010763	350.08296	0.0043554346927562	1	0.3524
0.0697663157894736	0.0	1.4153867504784992	3.8931556114303474	1.318205010226061	1.5848065792865702	1.382718434904203	1.411689791394924	386.56016	0.0041418501845878	1	0.3594
0.0764955263157894	0.0	1.5025838380501997	4.094308601298155	1.3625415168633324	1.4750854376844524	1.795352129219599	1.3471599386122908	361.4158	0.0034457982307584	1	0.34396
0.044793947368421	0.0	1.452821444597289	4.351469212957921	1.3128213590698683	1.3185089849441478	1.5409072679162483	1.4483410136795327	356.9442	0.0035309410393588	1	0.3428
0.084078947368421	0.0040481712103817	1.5266803578265864	3.2912170931247693	1.205795488365922	1.9066022544283412	1.4597952057847556	1.3527368193914984	386.01964	0.0032022438520017	0	0.39456
0.0761736842105263	0.0040481712103817	1.600251450124296	3.733746464932127	1.4042295887022669	1.5595151515151515	1.606871382865802	1.3271063755863108	366.97924	0.0040178529003087	0	0.36088
0.0948752631578947	0.0	1.363206469013648	4.302836437837837	1.2868792786418668	1.6473834079849234	1.6888331784487045	1.4801412011639556	404.46356	0.0038029059511072	0	0.36616
0.0558352631578947	0.0	1.4637723699843506	4.047823001946107	1.2546923090094355	1.29209627956378	1.4045226130653268	1.266464471403813	415.217	0.0037371166981844	0	0.3666
0.0994947368421052	0.0	1.440883079211018	3.840906060379055	1.2314339146617277	1.6119651213817456	1.5513890140498912	1.2661535048640786	337.41668	0.0027237322440831	0	0.34124
0.0941763157894736	0.0	1.615806598102862	4.435467806841047	1.5180226047287706	1.3959432776880274	1.4142328786674003	1.2477295257968664	328.14228	0.0031244946142592	0	0.3344
0.0306236842105263	0.0064157890646081	1.508692191335463	4.551861842105264	1.1616739559717637	1.609243440156275	1.5456706167140486	1.2448135435452905	348.22028	0.0040723124564219	1	0.36344
0.1062684210526315	0.0	1.5791348620518206	4.172474226804123	1.0930342917706588	1.6953880775837418	1.5708215464916722	1.4496373676972594	348.37892	0.0033917026769063	1	0.32756
0.1104697368421052	0.0	1.5831609326567355	3.887222000174726	1.1873187639375598	1.4958855734585328	1.4945436327348347	1.4823180787809989	369.04216	0.0037242705609868	0	0.34212
0.085675	0.0	1.4873027504782306	3.9455629067077527	1.1009362700399328	1.4880805494356817	1.6089373991450044	1.3418355966258593	398.78132	0.0039299007542869	0	0.351
0.0980592105263158	0.0	1.441303378867385	4.00073747442721	1.3846363849606422	1.4918578077112263	1.4810295563395697	1.3468923853305264	398.41828	0.0041774744496626	0	0.38492
0.0953802631578947	0.0	1.5728407165652185	4.200267721131411	1.3792815319639082	1.4066925307605456	1.2798819260808068	1.528656037821862	335.47656	0.003145432721464	1	0.34284
0.1032421052631579	0.0	1.6169789595869963	4.380975214821589	1.284554399206334	1.3447746760363612	1.5947435847664893	1.2929584998427366	331.20208	0.0026287371194537	0	0.33472
0.0582473684210526	0.012569304138537	1.5525698809423023	4.444859347100307	1.1911252685540386	1.4599196008234687	1.518563402291758	1.5205426160382998	394.08248	0.0033313862856608	0	0.35316
0.0893973684210526	0.0	1.6385410271580343	4.02936393447768	1.3497501446899405	1.3417080873802412	1.383488262595009	1.4033786055138038	361.99752	0.0031059170609537	0	0.34312
0.08835	0.0	1.663037568026219	4.444213348550138	1.2013545834042982	1.3698014808947945	1.3817069831127338	1.439096034930971	331.48048	0.0028291161733427	0	0.34828
0.1001263157894736	0.0018581557781138	1.477593680810808	4.542974957451982	1.26637155222399	1.5606429349480615	1.7091933896285554	1.3065244588452365	361.70028	0.003604283914005	2	0.34976
0.1327842105263157	0.0	1.4749039567668625	4.1094539571009285	1.304432675219231	1.6520539086498105	1.578204644349766	1.2712945413639736	351.77796	0.0045365563885779	0	0.35948
0.0443184210526315	0.0	1.4795458568804205	4.761915449599083	1.2107525808265829	1.584484807325811	1.5563817738658543	1.212024855138422	330.94084	0.0047008684875947	2	0.34832
0.1194710526315789	0.0148000001907348	1.3768551628140684	4.797936172980149	1.2744827586206895	1.4468195016004086	1.5013432263016502	1.327897195584174	351.80176	0.0033542255010674	0	0.36788
0.1507447368421052	0.0084090903401374	1.580783084846913	4.217664646518346	1.3845077094879583	1.47939054456147	1.3863037974683543	1.3765019898231787	347.51912	0.0040385673957098	2	0.36456
0.0870657894736842	0.0	1.2210280039559074	3.985794524053224	1.3613308454603654	1.5007770598549646	1.4099475216541273	1.3192857820023451	336.05972	0.0028853317440958	0	0.34092
0.1232657894736842	0.0	1.465149356368323	4.59368091775539	1.5979682119893008	1.3136751571286802	1.4377550266332266	1.3186615955386518	360.9216	0.0039514986343155	0	0.35844
0.07415	0.0	1.5107025091347936	4.572713468422946	1.380730393115997	1.5619419348289512	1.5234089735991896	1.4315784787043269	357.49764	0.0027504418157566	1	0.34772
0.1221092105263158	0.0	1.5067068866637767	3.8965233533823422	1.3152704419835706	1.3801345025866545	1.5331539145907471	1.2346455169745625	326.15792	0.0029510939386574	0	0.36988
0.0932328947368421	0.0031111111512055	1.719860822680375	4.069339070070143	1.422791094859746	1.8148871034426708	1.4387871606022542	1.3462043865214783	312.52152	0.0031386240208411	0	0.35944
0.1708131578947368	0.0	1.536486156966745	4.422869871913867	1.089622645403027	1.7858837262850136	1.4775318272591114	1.4589084710847382	332.92256	0.0031164012327965	0	0.36264
0.1190605263157894	0.0	1.4677829446305375	4.451389116365511	1.3128746419612896	1.51271380382778	1.6183532520506705	1.2981755384761362	361.3196	0.0039799010743288	1	0.35588
0.0977552631578947	0.0	1.6131707541535891	4.984548595395761	1.4900495034240369	1.4522380340111636	1.5797441525051736	1.4804646016901817	356.39824	0.0036668965117019	0	0.34588
0.0625552631578947	0.0	1.5879582975885878	4.687106256018438	1.3149690423174083	1.4818769175844515	1.5811276535811505	1.3296561629875705	325.5604	0.0030046597872762	1	0.34092
0.0778578947368421	0.0	1.6377235072938845	3.4126868131868133	1.5291235887024264	1.4500699457346544	1.3522857852079797	1.4520180855166185	368.38132	0.0025078491910853	0	0.38652
0.0746715789473684	0.0	1.4818814651031624	3.77418169319887	1.1256506448812846	1.3525737915073082	1.4544036324867275	1.4300498962830075	390.62172	0.0028360706149216	0	0.366
0.0914126315789473	0.0	1.516474655830636	4.599122034634671	1.0597562710062338	1.3581922117912293	1.4141833044212035	1.1912788831835688	375.11856	0.0029537296539808	0	0.35852
0.0380973684210526	0.0	1.444445787199001	4.36624949885894	1.2646740397674194	1.3832220994329634	1.438449784219085	1.4040827603932402	411.12008	0.0027309953670554	0	0.33644
0.1112776315789473	0.0	1.3993325458641712	4.489959407216495	1.3463013698630135	1.426456875385082	1.6636300710447571	1.2288799166150612	399.02148	0.0021836770067583	0	0.33544
0.0995302631578947	0.0	1.5017334124056103	4.1567499363543785	1.1026376946620964	1.4997180844291664	1.639737906613076	1.334829460507334	362.51792	0.0032665477895824	0	0.34884
0.0870526315789473	0.0	1.277103523459379	4.248455569727891	1.1492231906577617	1.541493854876146	1.411843581259021	1.4843194882185722	359.65972	0.0038212235525075	0	0.37676
0.0489894736842105	0.0	1.3681404425266173	4.211810266901375	1.111413820860181	1.4819175777964677	1.57891081004502	1.4490953312050687	345.419	0.004143148862439	0	0.36804
0.1157078947368421	0.0	1.6941514728945368	4.3047000791669205	1.4330059216862807	1.4485618863882128	1.3194788240206887	1.490687749627742	356.98148	0.0030938684974172	0	0.37256
0.1163078947368421	0.0	1.579725935565377	3.5131119066175023	1.1285013962386186	1.498724947598973	1.4953659149587588	1.372488286783133	396.78252	0.0036943883087792	0	0.41216
0.0700526315789473	0.0	1.406348634313668	4.455430643221642	1.1909945153928336	1.5086848635235732	1.294860681114551	1.354468312627772	379.596	0.0028145143301434	0	0.37384
0.0671157894736842	0.0	1.2682169444813374	3.294097270844953	1.2921943645193363	1.304686443230992	1.2057246710642886	1.4551195531498793	364.3014	0.0025540329041025	0	0.3718
0.1245842105263158	0.0	1.3495221368679988	4.292113671028337	1.251242254493632	1.2601041367400263	1.4132505744947998	1.3529003762473415	411.64376	0.0041802518117164	0	0.38308
0.0713263157894736	0.0	1.4747696150468592	3.9657021346469614	1.212200152498515	1.6679013797126188	1.424173625574916	1.4153446169952888	417.63736	0.0032245566731165	1	0.34772
0.0924013157894736	0.0	1.3023156149001904	3.1144662763106234	1.1758105763438695	1.3648911812698008	1.416677658479964	1.261591370736149	343.61644	0.003179648025141	0	0.38552
0.1386723684210526	0.0	1.5959086967574323	3.766358435004279	1.2433029500246957	1.513152594265519	1.4197390885725636	1.3885230426757964	295.78148	0.0033921421264637	0	0.35476
0.0827447368421052	0.0	1.2814435067508012	3.2564867402433038	1.2854230808755522	1.3038507914448845	1.284912974265622	1.3135361013476037	379.00304	0.0047325121106295	0	0.41812
0.1097236842105263	0.0	1.3760029039312631	2.835585095984674	1.3468986633749187	1.275000513674002	1.3018729902172022	1.3212881734809383	400.43784	0.0028783817387766	0	0.3954
0.151	0.0	1.3457645604430528	3.180981912523273	1.062486775241399	1.4368106575010122	1.324134320913024	1.3063052820753245	358.099	0.0033798473409957	0	0.39312
0.0925315789473684	0.0	1.4937750900721185	2.692879200380771	1.6035539271811314	1.2768526559762534	1.2936662117684836	1.3540232700551131	307.23856	0.0032297509925681	0	0.41124
0.1676973684210526	0.0	1.3638791444264216	2.312836370329468	1.379061428027735	1.735396391334596	1.30623358941943	1.4471719038817008	296.2598	0.0039819191561201	0	0.39696
0.0931236842105263	0.0	1.5206808355218868	2.3938026674855704	1.556129640270847	1.9334598111725383	1.4158292299177813	1.746502107164359	332.16264	0.004983610879586	0	0.41272
0.2185315789473684	0.0	1.5414595763998726	2.429723768779295	1.4335226812676145	2.138128005128753	1.5087588610580245	1.7450376128755745	335.75848	0.0054248320627738	3	0.41468
0.3733263157894737	0.0	2.515586377963348	2.422894894561484	1.4566956302335277	2.107564626140271	1.4768910339661847	1.5281284074878951	308.9778	0.0044340951111562	0	0.42204
0.1265855263157894	0.0	1.6712657333640566	2.199047425602203	1.3577599868383412	2.307904251475892	1.6531128977465743	1.5007699056032826	260.27992	0.0037413542375406	1	0.408
0.2439776315789473	0.0240966226603533	2.413361953219021	2.467992932467231	1.376807700519693	3.408373540272545	1.882241868344921	1.733165919163275	294.34172	0.0082295176901449	4	0.4386
0.1505934210526315	0.0272160711742582	1.7637102078876168	2.409447810134884	1.31947123757512	2.818309749785664	1.4675433095532298	1.6099112929556696	306.8994	0.0051584213777675	0	0.4084
0.2097855263157894	0.0237931325009674	1.4218840409422264	2.692772012152935	1.3783851071617712	3.09495104519639	1.5914510825042858	1.658967849813787	316.63992	0.0049535501108625	1	0.39252
0.2171128947368421	0.0	1.5363013461288977	2.673552793334244	2.575890897112737	2.39267895443528	5.254371634137957	2.80141631528851	329.32296	0.0034453016227133	0	0.36316
0.4014660526315789	0.046556732092343	10.368408307838706	2.90367572858732	11.7752942444431	2.472630682423081	6.383030770436771	4.796390973571038	346.1806	0.0103512370382862	1	0.40372
0.1399552631578947	0.0246419984742128	1.545680387177189	2.6444117839301557	1.3063178687322683	2.651372129713848	1.4203224856611545	1.5480289408360357	376.3588	0.0047978474983572	0	0.39624
0.2192342105263158	0.0	1.6037791102061505	2.4677657640324204	1.7294874525161716	2.6163140454685267	1.5600691476590631	1.5132050721469172	355.29892	0.0048268938809107	1	0.41504
0.4576447368421052	0.0148000001907348	2.2797504996253517	3.0596623568714456	3.0870382061059938	1.921692470234666	1.497981304592123	1.8701033612328948	315.76176	0.0040025084036238	0	0.422
0.163228947368421	0.0	1.5275741411770196	2.790144902844192	1.4883229541698448	2.109135847154177	1.5867085055667864	1.4820838373615748	382.32176	0.0048330184960014	0	0.43284
0.3415818421052632	0.0	1.7046125315241136	3.305463958678444	1.592215563912882	2.3676990158216022	1.6648379460207057	1.500030343623029	433.79904	0.0055076663254814	0	0.40216
0.2620597368421052	0.0266609306450004	1.9192985829317308	2.976066734352276	1.8147093473223108	2.147171154940818	1.7000242224041244	1.5845736943243969	383.73804	0.0047052022716928	0	0.40792
0.2463505263157894	0.0443933359781901	1.7707029867719817	3.0679969169545207	1.731252482251978	1.783535201421944	4.279444155877469	2.091809729224405	321.05956	0.0042255335326405	2	0.36832
0.6497994736842105	0.0148000001907348	8.047602899339754	5.35049157733666	9.948687654172916	2.0487893656714213	4.828812773755791	3.810711142448572	311.21964	0.0092990372304355	1	0.39976
0.2031268421052631	0.0	1.867352030614712	3.0772939943658906	1.4743168368472706	2.2947265319815453	1.7735011890460664	1.492769716167912	348.36168	0.0048277832773327	0	0.3792
0.0836184210526315	0.0	1.5124295297867567	2.51520153792081	1.4059806269046582	1.8062234179939731	1.5645681893964656	1.6845138757822706	400.24304	0.0037083940122933	0	0.38564
0.1207623684210526	0.0098019073464277	1.6682228924500748	2.511570173508584	1.4692228499453377	2.1509267948135817	1.4984746546753105	1.6807505227775883	402.87968	0.0041974591549354	4	0.39924
0.2460692105263158	0.0157334997295466	1.588667976087384	2.5392004786104563	1.5734359158499291	1.8064094432699085	1.4035883653206045	1.6895212216468112	440.30028	0.0058252147850043	0	0.40668
0.146103947368421	0.0155784217934859	1.5332646481040706	3.151771778457205	1.269218148253833	1.4499093514728545	1.5415714734423307	1.4445138369872397	458.69788	0.0047502101189949	0	0.38196
0.133725	0.015578421542519	1.458451383485875	3.1788428902075063	1.3157035448320662	1.4128608340144628	1.368821292775665	1.2809286849823331	358.51904	0.0037353121074858	0	0.37068
0.2741157894736842	0.0178889970521669	1.4140326437066548	4.27997126221663	1.3001002659297405	1.666034269039271	1.6143413302125995	1.4033587822574254	345.28016	0.0040529720871588	0	0.38096
0.3184236842105263	0.0	1.457489542287629	4.352423361227004	1.306599087728193	1.3772356334399607	1.2703389726238083	1.3603554569158656	361.30004	0.0039316618771588	0	0.38528
0.1048210526315789	0.0	1.5250971160177274	5.05363283141686	1.4397416639542642	1.5999083040565567	1.6602362179791648	1.48243012419709	370.12016	0.0032216915652506	0	0.36032
0.1335736842105263	0.0171082653751263	1.4021165008319436	4.385074060265685	1.3920976707936787	1.5693692532545316	1.5342565754159958	1.3297717285425272	402.60152	0.0031981075636428	0	0.36484
0.1334352631578947	0.0148000001907348	1.5039077892243236	4.563048076923077	1.4007888534399335	1.4411638922002723	1.3344797586918562	1.388463957295675	432.50092	0.0030210029190252	0	0.37156
0.0786647368421052	0.0	1.5479206820984783	4.616729897415848	1.3594049415924214	1.4437353910355537	1.529287224193029	1.3789131903770877	391.5576	0.0043900891502815	1	0.37712
0.1134644736842105	0.0	1.363658297385584	4.3060932902080165	1.3407834739891673	1.6193751741154934	1.3912882188597686	1.3324870242594484	346.89828	0.0040062802380148	0	0.36452
0.0999407894736842	0.0	1.5014522419512433	4.28082725215895	1.2006077301756286	1.512945818788891	1.482639900241698	1.3414964556333429	334.52	0.0037082605019036	0	0.35792
0.1537	0.0	1.4469679341063308	4.520021994835995	1.2713211433937883	1.371708535472405	1.5423757065643438	1.449365977205572	376.28544	0.0033879856539386	0	0.355
0.1149684210526315	0.0	1.592644904927948	4.707198804578072	1.5499144371208051	1.5333365093732878	1.4914377616871282	1.3130599143761466	484.88	0.0038817673414332	0	0.36748
0.1333763157894736	0.0316477535880185	1.4210214837099489	4.279013074790426	1.1917057301312508	1.631343715182391	1.5807977305864271	1.466568536789138	402.23408	0.0050831893894164	0	0.34884
0.0754184210526315	0.0214447802391605	1.54756080013357	4.116884103071989	1.2423199080458915	1.5817172095345062	1.347206920323729	1.324903610470607	293.72016	0.0031415737376405	0	0.35212
0.1330368421052631	0.0	1.4407534902540595	3.5531647417906447	1.3885479102801417	1.7717162580263508	1.568770354313437	1.6696153384333907	327.36064	0.0041944793303398	0	0.37176
0.0944	0.0	1.509783819008968	3.93689640603789	1.3740485074278284	1.3393117917001576	1.4502809151462497	1.3491469858729643	324.29892	0.0035226649050502	0	0.3528
0.0516513157894736	0.0	1.4860650851182478	4.326619289291726	1.385832454491265	1.45809596552833	1.5093283399820892	1.4424945612762872	321.52096	0.0036051588301009	0	0.34892
0.0926065789473684	0.0	1.6935307648696294	4.745376021928636	1.2996489341904087	1.4374898072774882	1.5631239455503738	1.2971231800553766	359.42236	0.0031123860529328	0	0.3324
0.1096960526315789	0.0	1.382302794550866	4.628176608338894	1.227930323009227	1.4451506767367082	1.3712659164051413	1.2967586206896553	387.92048	0.0034528115840782	0	0.3522
0.0739302631578947	0.0	1.450029820008289	4.3352590874718	1.1157990508950888	1.4263143479996314	1.4909306400488256	1.4225388566376738	348.13604	0.0027703237508062	0	0.34616
0.1360394736842105	0.0058794518039651	1.463752650660729	3.833077681476632	1.16902151451568	1.3244093414379878	1.569688330379987	1.3598298636118538	290.81748	0.0030264447160941	0	0.36704
0.1113131578947368	0.0190938703475459	1.519667351193302	3.907430656894263	1.220848859156236	1.4547698920983458	1.3998052278205482	1.479037318704542	303.32424	0.0024151488664833	0	0.3466
0.1775631578947368	0.0	1.6006960500459664	3.832287923893347	1.3092757438527267	1.6459187534142512	1.608700191066305	1.4300051509060558	360.78148	0.0029866994730164	2	0.34696
0.0857947368421052	0.0	1.3697257440650064	3.959553382302682	1.3256768519529951	1.6444303301196652	1.597219537282975	1.4092603245581266	365.93788	0.003073748579893	0	0.35964
0.1448776315789473	0.0	1.397548977974186	3.417115118128697	1.2747657247988091	1.6685293845945532	1.4720338366778531	1.5541908749707392	318.49876	0.0028189396088614	0	0.32788
0.1149276315789473	0.0033817887306213	1.389663925942034	3.333900580752212	1.2958499254145188	1.343960441287611	1.7243273859432078	1.4151829044431858	341.66212	0.0026061455360493	0	0.3576
0.1491594736842105	0.0	1.6202246983507331	4.1423242633998765	1.6659832142437854	1.7486674342245534	2.2190588900319943	1.5566501418638732	384.52232	0.003604768652951	0	0.368
0.1284405263157894	0.0049299997091293	1.4378236472933326	4.080557877142292	1.51585492574017	1.4698160939143288	1.9339477711981008	1.5830307571783782	388.6392	0.0031374243842591	1	0.3312
0.1079315789473684	0.0	1.6087820871876806	4.042784801400512	1.433100608169961	1.3438368747791856	1.955346020873637	1.6305561083724265	384.58044	0.0023811372524938	0	0.34244
0.1636631578947368	0.0	1.7659248857724368	4.140164857443053	1.641042649876281	1.377674676115602	2.3113610339632893	1.529381700859983	427.10084	0.0029280642903377	0	0.34632
0.2058197368421052	0.0	1.7887469388609558	4.004010568489691	1.5815237045610973	1.6177545553496433	2.381553305855762	1.6112839817160325	406.09916	0.0031536962471288	2	0.35148
0.1977255263157894	0.0	1.6658946443124494	4.416870876601659	1.5063491087004115	1.5392934722310745	2.5325063928400198	1.6451254493300895	374.71872	0.0031192515642152	0	0.35204
0.2745842105263158	0.0024004929082494	1.8966219977138956	4.403364392093829	2.606276976530028	1.4513901294260712	2.713975903614458	1.6952454422804164	394.50012	0.0033960930037147	0	0.35656
0.3628731578947368	0.0254847389436049	3.783306955734677	3.670885835049461	4.087199865972837	1.6430907107691404	2.087437410638345	2.139564750022539	348.4602	0.0034384733673491	1	0.39748
0.127135	0.0242250551523565	1.5340420133796244	4.00874816802257	1.503214474415422	1.39189335254909	1.5883765928383242	1.456958639968268	364.79776	0.0030045725429671	0	0.35984
0.0929518421052631	0.0244403195464175	1.6002455021082893	3.91201560599919	1.3133537063544174	1.6044420010995053	1.5264100897609305	1.456730150529554	331.49828	0.0036927890434335	0	0.36168
0.1902776315789473	0.0173420310020446	1.5154455466996697	4.324104204015052	1.2640330350469575	1.6164356567472205	1.6460108429854532	1.4178207841282224	259.63888	0.0029874553924097	0	0.35376
0.0762381578947368	0.5103412222707091	1.5276706226722452	3.808294934657284	1.7410739726982194	1.407744721097107	1.4363883747322173	1.8024109638011692	279.02172	0.0029194516228227	1	0.37356
0.0658552631578947	0.0155784217934859	1.5272488300216749	4.51452114388075	1.2991693188099882	1.4777127886652093	1.5765355116176207	1.3683407181493843	313.2638	0.0029559173494226	0	0.34096
0.1509447368421052	0.0	1.5090853255203975	4.319817216678912	1.1815961508270236	1.5393241588670323	1.524809263124729	1.6231880582311615	347.51816	0.0042348435439257	0	0.36856
0.2195510526315789	0.0	1.885751660635654	4.4279963973369	1.4171977279264594	1.5542927571350598	1.5039664981990983	1.532673464894492	360.69964	0.0028897423726144	1	0.3456
0.1322805263157894	0.0231308682400715	1.65833193263219	4.1175494277145415	1.314795677400028	1.4756535777469453	1.646827051173516	1.447739746880532	356.24112	0.0029322344271225	1	0.33868
0.0801684210526315	0.0242140657396588	1.3129176513116798	4.312207363121461	1.36906641135273	1.3895988525132796	1.6711637801881705	1.3815194383317615	324.9386	0.0040002435935595	0	0.35224
0.0746315789473684	0.021406403441329	1.653362569258152	4.131579734651405	1.5007133101213277	1.5247661549446627	1.580637546068814	1.500821752526232	337.62004	0.0034231946056029	0	0.33676
0.1637684210526316	0.0	1.5505411013626484	4.4404795173070815	1.3707574073640247	1.5154621963838126	1.5511062170201098	1.3401037443087864	340.64016	0.0032202823482278	1	0.3554
0.0856157894736842	0.0	1.4856776907947251	4.479117046930068	1.3778823912484748	1.3032788296960014	1.378102298563583	1.339047619047619	371.54284	0.0033172403468016	0	0.35956
0.1475223684210526	0.0	1.444002625024011	4.170881998597589	1.391560885956611	1.443970980968989	1.571972466726802	1.5318096712369158	422.10116	0.0035507545199113	0	0.37036
0.1140618421052631	0.0	1.5735608546839497	4.13824807385558	1.2847848951902794	1.6130582788435992	1.4545154393759707	1.27622083501122	355.43472	0.0031195339612399	0	0.3516
0.0632	0.0	1.5863580946980438	4.216647358628538	1.4317038027661602	1.428545807543106	1.5106162411211363	1.346406943286221	333.86148	0.0032529351148447	1	0.3532
0.1203605263157894	0.0204099984004579	1.7275897689448454	4.258081765186184	1.623042561886045	1.6477953972682298	1.4325903657576409	1.5306126304850975	358.02228	0.0045078135097991	0	0.36028
0.1019131578947368	0.0	1.711100180161578	3.897838226138595	1.525432803990877	1.491035106222691	1.712460283735146	1.494755298212514	347.4776	0.004766591060144	0	0.36096
0.0801578947368421	0.0	1.5174692665765432	4.292946294289827	1.303805832157888	1.4977330478801094	1.7535258985307185	1.4149423489843689	321.49948	0.0045149166656066	0	0.35036
0.2673065789473684	0.0148000001907348	2.274835380423996	4.266112392203936	1.7881787605768464	1.5981416526502918	1.6562397620249527	1.4701355080449634	341.62132	0.0041435533531536	1	0.34552
0.1827671052631579	0.0	1.7492720258197618	4.280834224210966	1.3022856726148797	1.7988346538447275	1.6807703803790606	1.6978881943052833	380.181	0.0032279287134286	0	0.33696
0.1040026315789473	0.0	1.6167224703558	3.993789764541792	1.3186439794792637	1.386901477326092	1.9247785026281177	1.6104500998703413	350.27824	0.0029429657119863	1	0.33324
0.1730342105263158	0.0	1.759246296682404	4.51104417274634	1.4219093650829495	1.620483939112885	2.119679380563248	1.5720449927897726	321.17852	0.003597374780476	0	0.33992
0.188825	0.0252920521630181	1.589647433186734	4.334391266205283	1.4940013928633684	1.541667663194218	2.7837633658057928	1.705583597973204	336.6222	0.0029112696996506	1	0.3416
0.0754565789473684	0.0	1.809373720946438	3.985208485415419	1.4598749267922235	1.685498518306089	2.022763520971302	1.6217311502763585	345.71968	0.0027966879300334	0	0.32636
0.2375373684210526	0.0	1.87328456488689	4.471764961577941	1.5185871362974834	1.450259965337955	2.0262231126872945	1.691527099258578	315.718	0.003012044265165	0	0.32944
0.22906	0.0	1.736201611524282	5.56724139325005	1.4958792945489148	1.5197575613524277	2.111480602407108	1.8276649786233767	298.91912	0.0035101600260944	0	0.35692
0.4676194736842105	0.0	2.903350287618154	4.713561774485335	3.138380191898726	1.5558971352640012	2.410519386174507	1.826258310877396	298.28168	0.003527071049415	0	0.34328
0.4185173684210527	0.0	2.86433714823301	5.44534877284318	4.207915290187684	1.6961053261001728	2.267356076852342	1.5935834375010984	301.88024	0.0037125181615089	0	0.3576
0.5769881578947368	0.0	5.308207946437747	4.5744908601738565	5.803329069434332	1.5580740965433564	2.703605751135423	2.188792379943823	309.09924	0.0055634999248385	0	0.38348
0.208653947368421	0.0	1.5056201479971223	5.11394677126556	1.4381603501691471	1.708434804582723	1.88876533648555	1.663953571116804	328.44192	0.0035738632088373	0	0.37008
0.4663931578947368	0.0	1.908021940423766	5.322426414373089	1.6602230799858546	1.6995386480656285	1.769584685682284	1.6246384054826497	328.21796	0.0040332236330649	0	0.35656
0.37367	0.0	2.078448573978867	4.348908542208065	1.7439998987025895	1.791394915479835	1.7665736615294718	1.7252991883388331	268.69708	0.0038047552175732	0	0.3428
0.3889692105263158	0.0	1.7499637488833308	3.6383291896412953	1.468562396148107	1.5316863057317227	1.6342053231939164	1.4591263327278572	230.40056	0.0033760626642668	1	0.33916
0.7302855263157895	0.0	1.8839168536544268	4.461245107872015	2.01441359841724	1.7302661438913003	1.8002869494987883	1.480335983778373	265.541	0.0038921914542948	1	0.33444
0.1482	0.0	1.6495067357790911	4.513906335379769	1.4310665546616446	1.4845024787105254	1.5546799188766585	1.417101502011442	264.82028	0.0032778091037536	0	0.33988
0.3678557894736842	0.0	1.6489241517338198	4.881164745084552	1.3475789823449993	1.505757327765396	1.6205799663772795	1.3997633509505407	323.305	0.0033198061362697	0	0.33612
0.3788976315789473	0.0	1.607115072286174	4.294374656291245	1.4395345045317036	1.566686178945854	1.7729899086180816	1.4549431033050673	435.20072	0.0044122023609981	0	0.37156
0.4873444736842105	0.0	1.757712088050542	4.674110451461378	1.5850452889487672	1.4758215659769158	1.522210530243666	1.5565040809065531	374.73556	0.0034960192577803	0	0.33972
0.2807734210526316	0.0	1.7093653278193597	4.100193120313596	1.3146011102517696	1.5012853470437015	1.511505077783272	1.45266003195572	306.80272	0.0031795478605172	1	0.33508
0.2763155263157895	0.0	1.67501368158304	4.218922319421681	1.3822315042578963	1.5512576312576314	1.5645837952852508	1.4769263671614787	359.87984	0.0037099112741473	1	0.331
0.3396197368421053	0.0	1.7899316822382596	4.310744523298057	1.5569327165886508	1.4581981161187934	1.40432580103813	1.5074931782461565	308.75472	0.0034929615375837	0	0.36268
0.2747176315789473	0.0	1.4813367041984236	4.341097606141207	1.245109015647634	1.6556927201156435	1.716736247195479	1.2557001976274844	240.53972	0.0032973219381535	0	0.34
0.5385586842105263	0.0	2.340253110259763	4.622450673161598	1.8708084662864413	1.4867107208206611	1.7093418199538772	1.555428264726492	284.12272	0.0036786780072135	0	0.33268
0.3245807894736842	0.0	1.868738000065051	3.8996674248330288	1.4530245562500814	1.5899650960815452	1.4676091266594034	1.7003768736978673	339.22492	0.0043952209162186	0	0.35264
0.3600236842105263	0.0235561365329063	2.090014822813074	4.223790480984018	1.849137909035812	1.701571521437198	1.770046931821905	1.8180048510169056	408.18012	0.004718170593153	1	0.36652
0.3558789473684211	0.0247392147823109	2.2920131497653595	4.043385871563669	2.3803408371326733	1.6394973859415127	1.7162762319503684	1.5682897159035858	399.01708	0.0032338204955178	0	0.3326
0.1413736842105263	0.014907090322284	1.6695334821773735	4.4877266867211	1.5276346209063776	1.5974975809254537	1.839863808799236	1.5365867379829456	340.7798	0.0035286961192418	0	0.3372
0.1630447368421052	0.0182411240870118	1.7851756312064884	4.653333796457103	1.42571051719545	1.5247625384380226	1.7501595820802602	1.656930391282527	352.24112	0.0028432109328929	0	0.3364
0.4135223684210526	0.0182411240870118	2.89971567073924	5.543714638735676	4.207274978732676	1.7048092868988391	1.9606891061732103	2.2433224897103448	371.67952	0.0031572760850191	0	0.3688
0.2211855263157894	0.0206953145407296	2.105697675818817	4.716813556004958	2.7511626772941438	1.634565376580786	1.867249167692799	1.72915211240121	353.89956	0.0037972168902789	0	0.34728
0.2984947368421052	0.019353180366693	1.9421111523069583	4.40912504905277	1.9964038295140536	1.6235598040799704	2.057184483700601	2.392797639174941	370.28112	0.004728782693919	0	0.38724
0.2631026315789473	0.0	1.8761954836970305	4.199439686414049	1.397946917489238	1.5838114078470165	1.6822429906542056	1.5036074620104602	357.85732	0.0031880495697259	0	0.33836
0.407125	0.0251383144365782	2.148502410145776	4.513959308434425	1.808507609771788	1.6659940893915737	2.1969626313223105	2.073494629336151	316.11984	0.0045014362812042	0	0.34996
0.1950671052631579	0.0203417448423259	1.9596190455989264	4.459390228180998	1.6973568558260177	1.4520847573479148	1.864928457869634	1.536302285694284	302.64048	0.0032643460489897	0	0.35828
0.2107078947368421	0.0265480695184498	1.477727156918009	3.829669707556936	1.3465919418512875	1.455828946364538	1.698469854586917	1.629990052699528	309.59928	0.0038073330920233	0	0.33864
0.1784394736842105	0.0421972847657562	1.5973414130385393	3.778953476837615	1.407893356344922	1.7426952627045649	1.8974734781247684	1.3535720066461157	325.2404	0.0036404668664406	0	0.35472
0.2565486842105263	0.0	1.8262419859040104	4.437938619796319	1.4345268633184556	1.5077496321089794	1.7013668128130088	1.7830722574402331	278.05804	0.0042164479652748	0	0.35388
0.283903947368421	0.0	1.864497001401357	4.246870636995587	1.8004007528465469	1.5837497974849677	2.1544035063689906	1.572399982114912	244.05852	0.0039258147251781	0	0.3512
0.2997960526315789	0.0	2.751193282091454	4.060273637391442	1.5947268447707463	1.7098584370848746	2.021417736168805	1.7780144627615648	228.30036	0.0029297940878307	0	0.33824
1.2445171052631578	0.0	4.895474616065864	5.009589768425401	9.068104276561368	1.8060399272011016	2.6962355342751723	2.427978610488932	256.46156	0.0040694686632384	1	0.36072
0.2306407894736842	0.0199964851946444	2.133406543792044	3.8912440782698248	1.6051185326876012	1.6452723001099652	1.9549012741283112	1.7743939248498812	252.05844	0.0026848907727441	0	0.32696
0.2632492105263158	0.0148000001907348	3.204688051045153	4.511054217823038	1.6328373463137031	1.8540139872185597	1.856350049435516	1.6685383425525833	219.73964	0.0029548610144415	0	0.33676
0.4912060526315789	0.0	3.069922813906248	4.383193810683776	3.599984321536608	1.610466501320614	1.6977961142342377	1.921096101357788	282.02332	0.0035966353471927	0	0.33652
0.3330460526315789	0.0	1.6180905326717965	3.4758339032388164	1.374904715804542	1.8445824503913453	1.7352206678724726	1.5970329372046566	340.98164	0.0030337176188037	2	0.35268
0.3045802631578947	0.0	1.8184475686206147	4.2837633952393865	1.3833332679998325	1.5485259106912328	1.7390233137305668	1.6428119540368402	380.90228	0.0037638614992972	1	0.33956
0.2696065789473684	0.0254005577431216	1.718898249219705	4.236570507395317	1.5465398067699587	1.9535036227682283	1.6637011137347304	1.5685103965840488	428.66156	0.0050630201350766	1	0.38572
0.2230173684210526	0.0	1.7811796340263528	3.3240059720125177	1.4347889121313862	1.6801734166781557	1.518305028305028	1.4839295359531246	417.3774	0.0044144883931384	1	0.37832
0.2001905263157894	0.0176171433357965	1.5913402353573445	3.865627640165026	1.416117567688194	1.6043071283881547	1.6271334798980213	1.459327702120324	364.34004	0.0026917724285493	0	0.3348
0.1608776315789473	0.0	1.5262198747126878	4.49499216420803	1.3242780124047775	1.6920082560781264	1.3924333857209097	1.4254712958771314	359.39928	0.0029438164389396	0	0.3508
0.2365355263157894	0.0	1.540998774810086	4.149827967422608	1.3813951219451508	1.593208101769923	1.5481885985605155	1.4161889300196069	376.3596	0.0047813802342993	0	0.36776
0.362493947368421	0.0	1.9818364344385075	4.478408282731928	1.573606794803528	1.5405732690692835	1.5546571430033085	1.6299611386286263	359.32024	0.0037732352007136	0	0.3526
0.4144007894736842	0.0	1.8365397294210344	4.312208823672107	1.4310606778956834	1.614817278149286	1.688375641820411	1.5951318889617174	337.35856	0.0036140630245384	0	0.34008
0.3370836842105263	0.0	1.7430982511113011	4.866503391540424	2.0554888229442425	1.449916546122176	1.6437458478563889	1.5590388487308977	350.4214	0.0034639376030161	0	0.3386
0.2100005263157895	0.0	1.5855441795633962	4.245584378953815	1.4295743898640545	1.5463517737013093	1.6063556851311953	1.3571075529603789	355.63992	0.0034184931844823	0	0.36052
0.3150605263157894	0.0	1.7705937754259706	4.405273711584698	1.3912354682340833	1.3979023519870235	1.4331842678814768	1.506527922510294	324.05908	0.0041613587676952	0	0.36452
0.2784842105263158	0.0	1.529877369657198	4.38614040959439	1.3992980358549765	1.6150797159384849	1.559132792961596	1.5989447852760736	343.88096	0.0039225952317609	0	0.35388
0.2873763157894736	0.0	1.6195956987967608	4.213851741551954	1.3940629989784656	1.5079240501154785	1.512973115616276	1.347966750036781	396.9616	0.0041236705418544	0	0.36428
0.264458947368421	0.0	1.5424657456775763	4.312666339129411	1.4080462860325438	1.5081018615040955	1.4215464560094098	1.4281519610806703	396.06036	0.0038526091869438	0	0.35768
0.2837542105263158	0.0	1.6701047472084247	4.546570744255078	1.510229596412556	1.5300793178871814	1.3402072838578796	1.542222688965318	408.6392	0.0042969318820623	0	0.37328
0.1776394736842105	0.0	1.802441487132764	4.133541244135804	1.249844151625663	1.465753053652195	1.500184962514993	1.375681314168378	385.55952	0.0029508111346118	0	0.34676
0.312228947368421	0.0	1.637783193496153	4.307574599310862	1.4619164154343829	1.4527399471954716	1.6332850964329222	1.575182362585939	375.44072	0.0045730738696981	1	0.37148
0.4491552631578947	0.0	1.7222678781914034	4.576614342727671	1.4459764631025918	1.6006256172952409	1.536295759333092	1.398560557238118	399.12024	0.0048122775433168	1	0.36268
0.2444065789473684	0.0	1.8183214428400216	4.499758315248472	1.5391997504947372	1.7319846467683058	1.6393513544923966	1.3617220520673812	378.89924	0.0039157116697816	0	0.35816
0.4662223684210527	0.0	1.8072919047504972	4.518595697962835	1.415328344401484	1.448376494974703	1.714377116285999	1.6842067340067344	392.38116	0.00431912569323	0	0.34928
0.345428947368421	0.0	1.641579241751692	4.034425341367682	1.2739043748435817	1.7155702879585983	1.4332491244339678	1.4382692718505858	381.41804	0.0039921784354658	0	0.3534
0.295321052631579	0.0	1.4612639028424868	4.149790768058295	1.1348425973208487	1.6701092508033148	1.5203987532327383	1.34826647193414	352.73852	0.0043203132209181	0	0.36252
0.1284210526315789	0.0	1.571951007396141	3.706470351031671	1.149751775484096	1.5969224980410377	1.5211466333584072	1.423354813512986	318.45964	0.003547333921755	0	0.34376
0.231228947368421	0.0	1.8961631976953288	3.335114542685621	1.3088294756727763	1.4759668181333991	1.4596569480030543	1.5946789629371845	288.95944	0.0035245661469417	0	0.3406
0.3812947368421052	0.0324585498907627	2.9510269527157758	3.305850207756828	1.5685218308571345	1.8758371116708648	1.4845573615275367	1.8438594352704407	317.82052	0.0081014680874347	1	0.38812
0.2256447368421052	0.0	2.1418423291311184	2.9689904105888707	1.6458753523634548	2.198221672750108	1.877749491114138	1.8338418020809688	306.2582	0.0042193397019891	0	0.36336
0.2158315789473684	0.0	2.5198081280498483	3.292779177991928	2.025344389621246	2.097080522038907	1.9788907908599545	1.708507393955659	256.69932	0.0035446909351822	0	0.35884
0.2059394736842105	0.0148000001907348	2.0650330691619923	3.2274944967150274	1.4339070052946898	2.2438726040099044	1.7746471232427543	1.5996385760440872	241.88016	0.0033578883541945	0	0.335
0.3497842105263158	0.0	2.145669248392211	3.2832240777877018	1.5520208706920309	2.1501920830205923	2.0450188431520337	1.9191097326056463	234.93876	0.00373227132238	0	0.3524
0.2890763157894737	0.0	1.8270079027281825	3.6713166260442858	1.552823586611238	1.9566275544983829	2.194538817101477	1.7087110041805424	230.50108	0.0030108719228909	0	0.3414
0.8856013157894735	0.0775242116021913	13.069706529054832	4.944836618957601	12.019446507407748	1.808589216062746	4.378844494370548	4.008842245704257	266.26204	0.0033007636847478	0	0.34532
0.7791502631578948	0.0296701289726864	9.266462971931931	5.040990524876782	10.69750389957158	1.5650556576905286	3.8410055415941744	2.978485913824636	321.70132	0.002831088203367	0	0.33696
1.3478392105263155	0.0228068835592444	9.846461846017071	4.259617637592533	17.225551177716504	1.5017410894431928	4.651106639158521	2.8700271655096614	376.14268	0.0031652061181033	0	0.3492
0.3706113157894736	0.0440306808872599	2.7894834640921125	5.607701338738967	4.052695227856657	1.484630786600311	5.203640713852608	2.9045652305736405	387.179	0.002903183445089	1	0.34932
0.2699676315789474	0.0254033995539218	1.7588257044142368	4.382825925440321	1.7722224592891564	1.541166311893659	3.1503314319253133	1.9210178857156108	398.0412	0.0025511458802924	0	0.32744
0.1852302631578947	0.0226790789705778	2.005420137256565	5.671683879658735	1.8244274849845312	1.5478121602666306	3.4022587856568	2.5491064769269487	459.36352	0.0044875567646412	0	0.3542
0.1061905263157894	0.323299124521413	1.9125873321433304	3.262029305254783	2.030871090953781	1.5248049329039228	5.14091097718675	2.064191625199512	441.31752	0.0034414535575666	0	0.33396
0.1430568421052631	0.0857665161537119	1.9475068078816264	3.654368589238248	2.016894066199688	1.537561845041817	3.562772224671356	1.9392573308042056	381.7984	0.0034379933233383	0	0.3348
0.1949842105263158	0.1560722839381848	1.9048409660109928	5.082008312964135	1.69736387392694	1.634055252463521	4.224433213962984	2.455661150755649	436.92296	0.0032437971135798	0	0.34616
0.0565026315789473	0.1862185315780732	2.0020867317535904	3.1787133709569426	1.6608770030581168	1.5099735681312072	3.708879670859929	1.5829772098422858	465.37852	0.0026607873154738	0	0.32564
0.2094157894736842	0.0294454633056197	1.6826959848583531	4.305858675288333	1.6100045501201263	1.483408649979483	3.9575183917008503	2.4730605650744053	367.99552	0.0031649275184378	1	0.35876
0.12665	0.4828900087694673	1.889570249209166	3.662678968498917	1.641903393771385	1.5326788215048164	3.447694870198698	1.7018213690343202	352.90188	0.0036181520497798	0	0.33504
0.2001894736842105	0.1096331555771555	1.566921577821639	2.97658011861227	1.4750989423448602	1.325538816738817	3.274390468416208	1.8594864389816408	411.22268	0.0034058682218194	0	0.35832
0.1467657894736842	0.4681474402617859	1.755598953848252	2.9973493576591985	1.7047014914096614	1.6033435550385955	3.8097835956285104	1.7768526828501543	367.49524	0.0026085382602495	0	0.32228
0.1110460526315789	0.134608540063191	1.5875124780123075	3.593756629367858	1.490494405728194	1.3503561014631125	3.1169859559279955	2.022673853136651	289.1196	0.0031716705147834	0	0.31476
0.0585302631578947	0.0384838015555929	1.743916421563466	3.079726140222337	1.46553491828834	1.615719135226322	2.019579638004368	1.6281162220067291	314.54068	0.0024592396231784	0	0.32016
0.1560973684210526	0.1867615639490568	1.8497486688247653	3.100918838120028	1.250318735870224	1.971527243487768	1.885772506639802	1.5817066374226094	297.1374	0.0029762096637487	0	0.31452
0.1024315789473684	0.0	1.7112841142694923	3.4820702119243254	1.3692183772170754	1.9476651872226045	1.4850829166611696	1.5595893264873335	273.52136	0.0046416040464709	1	0.38168
0.064533947368421	0.0	1.549818088114897	3.951089073910415	1.2902047316600167	1.6869314742758323	1.6420977087857722	1.5500932752509875	296.79976	0.0031698001784524	0	0.35696
0.1264476315789473	0.0	1.4804460557385133	3.416513614058172	1.3625258028018208	1.8377289968810704	1.6112653469472806	1.5202153259833948	272.51896	0.0028748224798809	0	0.33988
0.0989421052631578	0.0	1.683355649173523	3.8380946396257385	1.2604345406477486	1.7203807072803496	1.6196208489873474	1.3418285731666515	258.14052	0.0036385467501598	1	0.3686
0.0874736842105263	0.0531977306712757	1.4893617240532662	3.46281174044957	1.3340330312357034	1.5756991019912368	1.5042343541944077	1.4779438551588644	258.91888	0.0033038064576597	0	0.35468
0.1087960526315789	0.0	1.4977755559717472	3.693735197049117	1.3281391378789744	1.5758112825758248	1.6619534418022528	1.5259685966066652	201.19768	0.0029623891419259	1	0.34108
0.0399513157894736	0.0	1.6048379697060446	3.46075852992287	1.3095461442431442	1.5154035858082655	1.3592551035328255	1.285183221217164	235.56568	0.002365049098879	0	0.33448
0.1738671052631579	0.0363717904969966	1.4213898805178855	3.547147453314912	1.4625084289127102	1.6001714883234577	1.4859671411201991	1.468117396601964	382.0226	0.003253833213168	2	0.36336
0.0801565789473684	0.0290130696265526	1.4147555573480195	3.958125055473893	1.5161939265788775	1.5960307561573994	1.612423319827182	2.1467459767632704	389.95824	0.0038785047234594	0	0.34184
0.0647710526315789	0.0288365406867785	1.3933202995683869	4.333665080721702	1.2559847349850912	1.6377561160137692	1.4547357913202446	1.6350623477081785	353.14132	0.0036919290243615	0	0.3532
0.0448421052631578	0.0	1.5453684699321808	3.75033684628387	1.2317871723530842	1.543512953772811	1.5656258667784393	1.6049084766467523	363.9402	0.003682025922081	0	0.3446
0.1145565789473684	0.0295900011062622	1.469478955373555	3.921689573788699	1.1343076310744962	1.6491036400325767	1.645210074022598	1.3899625218622471	395.48032	0.0046745855188369	0	0.3534
0.1122092105263157	0.0	1.7395662633610944	3.621968726264207	1.3440470347036688	1.684344643571496	1.4348405371246582	1.4058500719207507	407.36072	0.0044430419719394	0	0.36628
0.1323671052631579	0.0	1.6723613014200212	3.950912883680911	1.6035120835107288	1.620903738872156	1.5005278238576385	1.449847328095944	443.28224	0.0040598063001211	0	0.3602
0.1371776315789473	0.0	1.466497581038979	3.592326060147449	1.5802663000981942	1.7134261397809916	1.618960440887815	1.6297955203214738	441.79864	0.0046089006540003	0	0.37628
0.053528947368421	0.0	1.62092985027612	3.5607921984891897	1.3277824481758878	1.7943309217582648	1.6169862610582844	1.4132947433117211	379.396	0.0027509341663823	0	0.34364
0.0933657894736842	0.0	1.690630339266438	4.2908736243664976	1.3663343957624856	1.5409499899578227	1.4886930782375922	1.417030795158572	316.51808	0.0032033052194644	1	0.34672
0.0727657894736842	0.0	1.676762449373761	2.9560637215680985	1.2442212007082127	1.502195996249931	1.4642445976683525	1.3386178861788616	311.50132	0.0032384657557045	0	0.35772
0.1186605263157894	0.0	1.5116376879252111	2.795141079780848	1.3821339679615663	1.849800806905656	1.637051047599143	1.3039329972857696	353.12232	0.0038007545308681	0	0.36664
0.1355526315789473	0.0254013732779179	1.4724341833406571	4.890370529306987	1.3446330478781567	1.6347456704791152	2.043000846623011	1.9745791619378523	349.19856	0.003558009742735	0	0.35932
0.0731	0.0	1.7866510366187458	3.187820011103148	1.4670722643046623	1.5580109825083166	1.901091270410612	1.5736234783245102	354.56064	0.0023875688081015	0	0.32772
0.0750736842105263	0.0	1.7760188478026198	3.9806428374075553	1.5857084220147453	1.559012276959995	2.06865389109605	1.9719343623358505	399.80296	0.0025112595393377	2	0.35344
0.1208	0.0	1.8782365246291908	4.254290257159082	1.5774202888225184	1.646982593491106	3.7473186083043473	1.975215428536759	397.91832	0.0041153282140633	0	0.3668
0.1696281578947368	0.0	1.8549330584696155	3.7583429746139503	1.7190381219264874	1.695769043927046	3.051244410693652	2.0590186559952706	339.89724	0.0039775992350893	2	0.33908
0.1249771052631579	0.0	2.073945417119984	4.178556796286565	1.7008242403298748	1.703922777558991	3.518353918984789	2.2713584746880984	266.49628	0.00241703149494	0	0.3444
0.3948052631578947	0.0	9.378900565968166	5.402700756365481	5.788656977885435	1.654922087844814	4.017441050505908	2.6638542592999177	191.53708	0.0030202102721438	0	0.35064
0.4677894736842105	0.0560684800215395	7.971432644462092	4.0379869866458975	6.606021863868033	1.629296123816877	3.653011704496616	2.343572304102668	195.482	0.0022722301806597	2	0.31776
0.1348855263157894	0.0670298576506353	1.9044621956874253	3.37838947368421	1.673274429364769	1.6897349631093528	3.3893578755502123	2.2987186319097344	258.92432	0.0029272780662161	0	0.3336
0.0503144736842105	0.029926270084751	1.9273309658714544	3.8298300094633912	1.6571317066487037	1.3805747054498576	2.6041304690579423	2.162982608008795	344.92248	0.0029502226015311	0	0.35508
0.1105068421052631	0.0339411327862471	1.8421581263782152	4.465983451300967	1.3530471795621517	1.5090411289974537	2.5232843591849714	1.85946666259956	354.25876	0.0037853930429676	0	0.35832
0.1364952631578947	0.0231772604015413	1.6178429662683296	4.384170332911926	1.695209491349042	1.5599725550487276	2.1738724530299023	1.5910511238824825	340.38188	0.003159221504839	0	0.33244
0.1434702631578947	0.0271632643757517	1.5770474270828985	3.5781358077409218	1.576523308198763	1.5737029193237	2.111272252163972	1.9130569736877636	432.70308	0.004944109140617	0	0.3766
0.1199276315789473	0.0315135129017182	1.6403096123405558	3.829312033097786	1.4736490445576995	1.696614080797091	2.073905369761308	1.7975426654166646	452.85692	0.0034912363014151	0	0.34664
0.0862828947368421	0.0493806301653389	1.696508588223261	3.333518694717553	1.5232106184034917	1.585127436281859	1.736189270631462	1.4919505863137432	345.89676	0.0027199927246833	0	0.33468
0.095853947368421	0.057918966618346	1.536123943587433	2.992755748656215	1.378442528853937	1.713105459861215	1.9027457052610348	1.765106494044252	285.07952	0.0027897694898615	0	0.33568
0.0854786842105263	0.0306442840907824	1.567217446411136	2.898182374581644	1.7418792970329695	2.1358339202040124	1.64885140932284	1.570009090054227	308.82084	0.0040698464783938	1	0.35428
0.132045	0.0174615559697802	1.5605864103225977	3.34979397004974	1.2944801201197609	1.6962684619055162	1.5884816931597243	1.631205734725976	308.1588	0.0037435474571147	0	0.35652
0.1494302631578947	0.0214313462433169	1.4301019226045333	3.62429060652836	1.363658119479296	1.6430178611236803	1.6403414193004902	1.4217652664949776	266.61828	0.0030523525156256	0	0.3592
0.109925	0.0172076742778452	1.4002538137256757	3.816636858302852	1.644499746836964	1.5400197411619596	1.521392165640672	1.5392236113957776	281.2234	0.0033826317562338	1	0.33836
0.1123907894736842	0.0	1.5736751012784067	3.9867863362559657	1.2669655003234883	1.8325745666223268	1.6745859889818535	1.4541998773758429	346.22116	0.0035988503471805	0	0.35616
0.0909907894736842	0.0	1.6468342438690864	3.5955697646642277	1.5609687642543113	1.532572665714215	1.5845438829239875	1.509896712905857	326.19736	0.0037557991287199	0	0.35204
0.2104026315789473	0.0	1.615971128856175	3.716150401102416	1.2616161349049686	1.6366805091558834	1.4845770955426354	1.4184059171055845	270.83944	0.0048438423571867	0	0.37268
0.0786105263157894	0.0	1.584126959491703	4.206470926118627	1.2590921882875254	1.5422306820369145	1.5401643678196044	1.5927031458485117	305.86188	0.0038315137734833	0	0.34804
0.0629894736842105	0.0	1.5053484647184607	4.637642610318942	1.2453456767342317	1.356144244105409	1.5693913782433195	1.3662397491651035	353.92064	0.0034091716695357	0	0.3418
0.0848	0.0	1.522423373430723	4.138632511680361	1.372712894268628	1.3282515483563604	1.6559898330752958	1.3467284125633998	343.9802	0.0041389115116876	0	0.34388
0.0879184210526315	0.0	1.6420972401709168	3.913073502231621	1.5037106224360677	1.3243697478991596	1.4149160575952684	1.5135509253104462	350.74108	0.0029251113508291	1	0.35448
0.0949921052631579	0.0	1.511494487004725	4.190077184687487	1.15519945053108	1.6006156213928433	1.4114229018365776	1.4022608793957425	373.93964	0.0036221348597635	0	0.3694
0.0952118421052631	0.0	1.6631308408974408	4.302160459819263	1.2855933384749982	1.5125835041294975	1.5148290892326557	1.470485201358564	327.01756	0.0030739057319918	0	0.34548
0.1721671052631579	0.0	1.5287486420840746	4.02036353638084	1.3056810718768883	1.5167264260568665	1.581323591777214	1.3606662499243816	281.81812	0.0035168047639552	0	0.34548
0.1241105263157894	0.0	1.4697074624873308	2.907156236768566	1.346109446239344	1.161868202175304	1.725711340105917	1.311718980792539	307.98292	0.0037194537935537	0	0.34512
0.0388842105263157	0.0	1.5973880636624105	3.83974733180748	1.1720989743579644	1.4260429835651072	1.4785334735355502	1.3696091554008836	338.60176	0.0033432857563653	0	0.34656
0.0379407894736842	0.0	1.57286283707703	4.70940427513835	1.4737588166869269	1.4188508471836865	1.6677829508400912	1.5186548310003416	353.05956	0.0028235639230644	0	0.35232
0.091175	0.0	1.5852421864652475	4.142743877230986	1.3539386131192692	1.3832488631786783	1.5475092444395386	1.5389369966962625	395.74228	0.003485723195374	0	0.35732
0.0712	0.0	1.4267291013482262	4.577616872872208	1.343480781349176	1.3680878232033693	1.4366774496504229	1.447172737905066	401.038	0.0035873860046442	1	0.36084
0.0709157894736842	0.0	1.501548650190642	4.198757479400672	1.3094081092010368	1.610740690526559	1.4271403136341847	1.5103570785833529	342.61756	0.0027272335119633	0	0.34136
0.1386842105263158	0.0	1.6461172130432231	4.451007483385977	1.227114141605986	1.3588026429147335	1.4918275575077913	1.3311219999959354	299.38068	0.0030190556586402	0	0.3346
0.068	0.0	1.484655838028432	4.542918770187252	1.2499551831516782	1.508200684054808	1.499053124148212	1.3786891998152748	358.54276	0.0027502856903216	0	0.34856
0.0970447368421052	0.0	1.4134370775664145	3.9640250077976273	1.3173323049679844	1.48471615720524	1.5454007659266942	1.3194754797409214	431.40136	0.0030506780342319	0	0.35624
0.0975657894736842	0.0	1.5582891691175773	4.381047972205562	1.320995896290335	1.6151160402546725	1.582490541861505	1.4362398035037969	386.65668	0.0048205289648999	0	0.36
0.0553052631578947	0.0	1.4157788885966032	4.524990090309212	1.0967804782178852	1.6126656224865596	1.3427307465234188	1.383845479236538	321.29852	0.0033323370239576	0	0.33184
0.0688368421052631	0.0	1.4721177100497411	4.337234793305494	1.3225328072923832	1.6158705097475543	1.498492859256876	1.2475264871590224	337.30228	0.00321512579335	1	0.34792
0.0397013157894736	0.0	1.425394643562648	4.811281349602395	1.3717741935483874	1.4550766601794276	1.4928596205803175	1.312412710184382	365.00096	0.0029139228284358	2	0.33236
0.0728197368421052	0.0	1.4380272782803094	4.410235476452355	1.3667669243272955	1.4448627306950694	1.6273328068498278	1.4640848043839554	365.33756	0.0028162528595153	0	0.33884
0.1023657894736842	0.0	1.447270919249639	4.197550875555467	1.291562086018441	1.5006142577828678	1.5239629466808486	1.390061368058674	344.73964	0.0032002968126097	0	0.34512
0.08559	0.0	1.630277793980767	4.596164365458057	1.2402533172496983	1.7997648286528891	1.497647116112648	1.3567919235969368	346.38276	0.003071197064703	0	0.32444
0.0465060526315789	0.0	1.5197764482866711	4.454113121208896	1.3281488021230936	1.54813125361986	1.6523561995221108	1.449240851956603	348.07784	0.0032596239116787	0	0.34352
0.109853947368421	0.0	1.5866585322439013	4.241224100266996	1.3732707299675064	1.3456295524870512	1.3667386091858649	1.322928517324498	326.23912	0.0031993330726816	0	0.32784
0.0848776315789473	0.0	1.5645760174073442	4.630370488635792	1.2940564100124965	1.3921316712385847	1.3282026009680603	1.377068691073834	373.04344	0.0031667433597498	0	0.33628
0.0711460526315789	0.0	1.4170866713706975	4.788879670436736	1.258148384788387	1.3000466635557628	1.5807880199059483	1.415856503614181	384.59936	0.0028083710188988	0	0.33704
0.123853947368421	0.0	1.558054798237872	4.2091124189660905	1.4381040026266303	1.291665302001371	1.363656581247736	1.4083429648079673	342.71848	0.0030046620659617	1	0.35212
0.1130328947368421	0.0	1.687039490910833	4.787375382429037	1.3860711843310325	1.3846316652382904	1.4393053267874565	1.310607646297449	350.5786	0.0030836847857079	0	0.33352
0.1108894736842105	0.0	1.5837688075781415	4.515823711779417	1.3671835794956433	1.5210992779783392	1.4137757032925444	1.2227608713200109	311.60136	0.0043393535513737	0	0.34288
0.0966657894736842	0.0	1.556821932496831	4.319119990911009	1.1662634151367652	1.5570066676124272	1.429126213592233	1.4175588371953685	361.42268	0.0032157426594636	0	0.3668
0.0543447368421052	0.0	1.8658272093326596	4.065837123180873	1.1724870908970535	1.531487025422578	1.3941598232995414	1.5449248495503156	406.6978	0.0035043211601236	2	0.34432
0.1025684210526315	0.0	1.5033687698427272	4.6475	1.376121938055882	1.5782038472129345	1.6694846095375324	1.4084196791030348	339.3588	0.0033844664247421	1	0.3468
0.0630894736842105	0.0	1.6805042469145606	4.560045043942324	1.2732319451459686	1.4986208079821564	1.5472600476568703	1.4097945121200937	345.3018	0.0039771437843757	1	0.34248
0.075948947368421	0.0	1.618074429735658	4.474820311175345	1.4210899845658105	1.3436220038912678	1.3688873619938473	1.5184895305350734	365.49996	0.0026677468466583	1	0.34348
0.0531036842105263	0.0	1.6492175848183923	3.9737288107535433	1.3853659789960968	1.3689985385770225	1.3470892753532282	1.2837757499112934	357.1786	0.0033793735990454	0	0.3396
0.1090526315789473	0.0	1.390011665775595	4.504919549157043	1.2277690516762023	1.3275503855991877	1.4007895021944123	1.5252251235003529	338.0594	0.0023880926422161	0	0.33148
0.1253210526315789	0.0	1.5693024252898005	4.358558365037885	1.47202826668056	1.3729577352486924	1.3386190675880174	1.2875107459165518	331.36152	0.003280005029212	0	0.33884
0.0995921052631578	0.0	1.326409969128303	4.069778720709529	1.2958406812679684	1.371368729467952	1.4227784730913642	1.4465199853923334	364.8622	0.0030683757453455	0	0.34784
0.1107473684210526	0.0	1.539641683557728	4.4554177777424	1.3183588358907907	1.574079191327113	1.8199458616137505	1.4439169096955078	428.98108	0.0036916693136096	0	0.33196
0.1063763157894736	0.0	1.5629116033439705	3.9637461955305344	1.3752579489787289	1.657580766020412	1.4272702919903562	1.4050384552310824	429.35912	0.0039177842056488	0	0.35492
0.107	0.0	1.4903682619525602	4.291161040861114	1.3079711042806326	1.449952273232475	1.5622585103331523	1.4798370738198396	378.59736	0.0039333962186732	0	0.34804
0.096	0.0	1.599339257207554	3.7945473908413208	1.2583797789284283	1.5179526355996944	1.7318696683194237	1.298492404952147	356.07992	0.0033199064039658	0	0.34816
0.0528855263157894	0.0	1.6045287986401686	3.8668183837999113	1.41404760632245	1.7490183508293933	1.517226601397862	1.395341699304612	369.76232	0.0035729873806062	0	0.34812
0.0669460526315789	0.0292991726311913	1.4474816495401148	3.934790381995664	1.3036473829702857	1.9424010354870025	1.594278172761718	1.4698704052780396	370.45868	0.0039902902104749	0	0.36364
0.1209868421052631	0.0	1.7825191786586676	3.940422985029001	1.3841108795708554	1.6094818518574978	1.4587648309443797	1.3876513317191284	360.21796	0.0041327035400534	0	0.37968
0.1377921052631578	0.0	1.6319948532106352	3.631445975634112	1.3924639846254718	1.6138975561848263	1.5594338968957873	1.4179034411473357	329.07856	0.0031121562017851	0	0.35548
0.1435144736842105	0.0	1.967955333182699	4.110720338845699	1.802175825226093	1.6672614557907903	1.6276723401542676	1.3788002730744124	301.60144	0.0038801653092748	0	0.36324
0.1719802631578947	0.0211395865992495	2.904051853424612	4.031358625504724	3.4214836551554444	1.694138022690164	1.7364317363187067	1.7083921252574517	342.46164	0.0041334975876615	0	0.38464
0.1095394736842105	0.0180952587822278	1.4589755039043284	4.883065995652914	1.4155416444250335	1.7436772601510502	1.668316060837293	1.456383971177781	372.12	0.004022924308733	0	0.38488
0.1733868421052631	0.0194832508268847	2.002493085893194	3.992354072134353	1.660972574334819	1.7691431477056463	1.8006613518012182	1.7481675752346852	404.42372	0.0043874569845199	0	0.37744
0.449046052631579	0.066446432446863	8.977292164656104	5.221605874875515	8.291556115595437	1.4687069145998262	3.735801431054696	2.374011428931915	420.29836	0.0035114064810556	1	0.3866
0.460233947368421	0.0553896831488972	2.905001210881732	5.090650199230094	5.102355524536828	1.605523395415846	3.5861280978435786	2.305791662995749	378.17588	0.0050347518113606	0	0.36508
0.2303402631578947	0.0429008582711289	2.1073751778024388	4.785634617259059	1.35367997843286	1.458788618400519	2.6868589455677783	1.713178514430152	358.08248	0.003888373164517	0	0.37308
0.1983097368421052	0.0421390860665546	2.056821442356984	4.007869376704671	1.6492851019684085	1.6601790950727808	1.9421540088987912	1.9733350079384475	371.8408	0.0051833594752409	1	0.37828
0.0890384210526315	0.0201324492084736	1.575260312030234	3.4072148987715103	1.3539327785888036	1.6891643015913518	1.480692116539596	1.4743262398317036	362.6582	0.0039289391519392	0	0.37652
0.1312	0.0	1.467227629048451	3.891368866700248	1.4092161283082991	1.5861860803810772	1.5110812973551369	1.3484357191273568	374.40112	0.0038927858725277	0	0.36904
0.0908460526315789	0.0	1.5884200255727805	4.23845872490615	1.3908953599318528	1.794176468904725	1.4975890298390129	1.4767139774236382	370.65956	0.0035172939909381	1	0.34536
0.1201828947368421	0.0	1.4718237425221212	4.2391423125	1.337308497038627	1.681922196796339	1.5352915421547466	1.4005368684978194	388.86356	0.0040525552915562	0	0.36476
0.0854907894736842	0.0	1.5305302729177472	4.243801946302343	1.2773317414999843	1.540090802240096	1.5230828949658004	1.4678929487623933	430.03784	0.0034200967897737	0	0.3514
0.1089823684210526	0.0	1.6156492711318782	4.171110822558907	1.5385593268414632	1.4970093040081618	1.4838411952876591	1.265135809186959	383.71664	0.002794443227675	0	0.32684
0.077168947368421	0.0	1.8074034062392923	5.25557055054967	1.4197296326884503	1.635459102961164	1.6544020381498366	1.7594528633861173	366.88424	0.0030009121110421	0	0.33172
0.1086684210526315	0.0	1.6008241012029758	5.53709492909053	1.4523407119954157	1.6740297537266025	1.7288693692785524	1.644806357790406	394.61788	0.0035412461768879	0	0.346
0.122328947368421	0.0112366907888179	1.9771124864281755	5.510467712740087	1.496215470807539	1.5012247772558454	1.6915313678272064	1.4190249756165003	386.34172	0.0047423623734011	1	0.34492
0.2166473684210526	0.025509998716157	2.153913771562616	5.605442552190247	1.5147344640284846	1.731561250667396	2.0263731152366518	1.7985613831365717	438.30236	0.0043570633446118	0	0.35664
0.1226184210526315	0.025873393343206	1.9488391736410968	5.727169971805251	1.496855003625573	1.6931332948643971	2.035519793899047	1.6703560065808505	441.39808	0.0034632871172883	0	0.32892
0.1751257894736842	0.0182692577809463	2.507606171349046	5.717733009823835	3.7758435594233135	1.7635152060339756	2.016954515749104	2.4296823279943456	411.3584	0.0037914281540933	0	0.34788
0.1347847368421052	0.0148000001907348	1.9229508670604365	5.145250843651652	1.6493505191630398	1.8327056386719915	1.7227907100974102	1.8533676088593785	413.32176	0.0041965162622928	0	0.33716
0.0875552631578947	0.0	1.886417720095728	5.849654093604141	1.7284639001766529	1.8991145776714853	2.057031306678116	1.9566143910105749	415.48072	0.0039558686148945	1	0.3518
0.0472	0.0	2.188236667725111	5.677348771256337	1.800532765041121	1.720226079935406	1.9435087938912183	1.784340518238952	449.29884	0.0034187530877835	0	0.35112
0.1526447368421052	0.0	1.8738188491336396	5.367435557240334	1.5233231937749954	1.7539276780783457	1.7749141396627235	1.627964728312679	424.03864	0.0041394083880589	0	0.3388
0.0977934210526315	0.0148000001907348	1.83171772509883	5.8567607385794505	1.4274862152868102	1.833928945940216	1.7138166246919206	1.6635906281443154	408.72152	0.0032153814100254	0	0.33316
0.1500144736842105	0.0295899987220764	2.0043207725938834	6.15680115970041	1.4569658243882433	1.491490466850975	1.5655083609945513	1.652775272752993	436.30228	0.0036259575413255	1	0.35736
0.1633276315789473	0.0198793155019969	2.00096324188782	5.619230623100304	1.5441426497655388	1.90473906417976	1.8721638341747848	1.4512430110845616	474.05924	0.0042487837538649	0	0.3544
0.1317776315789473	0.0194767109872654	1.95200703474288	5.601206796821753	1.5829562700352675	1.897436883664781	1.7737383842098813	1.5215966156863934	463.55928	0.00450644138948	0	0.33748
0.1275394736842105	0.0187909534999302	1.867443929727889	5.173444193324062	1.407224449172635	1.6952856874186035	1.927559496968786	1.6676968756687354	415.838	0.0039536064593756	0	0.345
0.1097605263157894	0.0	1.848512161591664	5.333148524923703	1.2901350431072656	1.5108264885755194	1.866655501240409	1.3541128811905965	396.48088	0.0036792232684002	0	0.33372
0.1451776315789473	0.0150989795217708	1.70749585982639	5.484962435233161	1.5009482646957706	1.965419736859326	1.564045037061625	1.6296667371064175	443.38188	0.0039399237217184	0	0.3582
0.1690381578947368	0.0	1.6552026457785267	5.4076845763592045	1.5720502904956946	1.5541181664389296	1.652541803348873	1.446755109358193	446.51952	0.0040159903115472	0	0.36184
0.0705263157894736	0.0	1.4623440475110758	5.177475325338504	1.4565283001168932	1.374477698670974	1.7235075334901873	1.6382928672824144	409.01852	0.0044126064979504	0	0.36192
0.0988210526315789	0.0	1.7426024941054994	5.479185921717172	1.3113187745981667	1.7155086540895494	1.5474185025691067	1.3612217398025246	431.03968	0.0041568276140093	0	0.34504
0.127578947368421	0.0	1.770540545328214	5.452236338100102	1.2321462353991883	1.545420178009652	1.7862492651630175	1.5319680855352806	429.34164	0.0050763102550541	0	0.35648
0.1712921052631579	0.0	1.806384352482756	6.0199712667993	1.4522132558858647	1.8271576391698945	1.4249748887558875	1.5388072478242258	428.939	0.0041424980742615	0	0.36324
0.1450473684210526	0.0	1.7511758550581549	5.360150959298509	1.147686494438536	1.5033253148436394	1.6517181110761614	1.289913009994224	428.9996	0.0041915953010495	0	0.3414
0.1532394736842105	0.0	1.7431100897406993	6.0530370995996	1.3189760355661204	1.7053685902940423	1.639161047572924	1.4491527657072316	435.68216	0.0034271862392039	0	0.34684
0.0736210526315789	0.0	1.859968232919756	5.60218359375	1.467593300029652	1.8609491014071216	1.5353231209304077	1.622901539137547	453.95904	0.004056723765538	0	0.34744
0.1024342105263157	0.0	1.7099895591049652	5.563206920546559	1.4591706697104252	1.617226678763162	1.685836477987421	1.482333949405907	424.1188	0.0042161823091787	0	0.35508
0.157128947368421	0.0	1.640393569961909	5.6075905432595565	1.313875299106726	1.662970344721392	1.8128808775960976	1.3964679268546285	408.80144	0.0037218388382126	0	0.32928
0.0742578947368421	0.0	1.5650837908855826	5.6606632258270375	1.4401038121736611	1.649430042740177	1.566440208999324	1.5653517815715037	449.58076	0.0047657602351553	0	0.37276
0.1231578947368421	0.014012336730957	1.8275162882713687	4.8799144637627965	1.4149643121499234	1.746226300041125	1.4590478464404817	1.3804660547692629	447.05836	0.0051078426109692	1	0.37268
0.1307684210526316	0.014012336730957	1.7326199386820311	5.492870279354409	1.3004247591573732	1.7350036736399377	1.5168563626239129	1.4034238428219692	394.39776	0.0034889880787011	0	0.33868
0.1305802631578947	0.0	1.6869519535989113	5.831500693743694	1.2255159001139853	1.7428814096305054	1.8135777049810864	1.6039716164558604	367.92048	0.0038598069543084	1	0.34844
0.0831523684210526	0.0	1.5333653867544512	5.368344705240174	1.3997567690561965	1.4261390349584178	1.7267854544915138	1.555250548201088	422.80296	0.0040685602697554	0	0.35712
0.13212	0.0	1.576135229574076	5.437730617266426	1.39471061497271	1.5681841704212134	1.520918829134383	1.5819580116659158	456.541	0.0048774559710656	0	0.37476
0.1000947368421052	0.0	1.8743934393797983	6.020908456502137	1.3998739145885268	1.6329061549060375	1.587840340346978	1.8005560759256196	478.0816	0.004415816887284	0	0.35852
0.1526836842105263	0.0	1.8707309281455244	5.748613844737158	1.3604403588813263	1.7436508562112194	1.8692635675205265	1.6411729093317502	557.32264	0.0065783926053082	1	0.37476
0.0898742105263157	0.0	1.7383703741103491	5.543065540952215	1.4274758797788325	1.651870369323002	1.612952835920967	1.5956112250890626	613.14116	0.0055651122579679	0	0.38384
0.115403947368421	0.0	1.6489198722246925	6.084594011506277	1.2003713070560682	1.807230757471528	1.6771221226130586	1.4699282047360018	609.09764	0.0048602186944554	1	0.3472
0.1033486842105263	0.0	2.0000516770002084	6.102311433232932	1.3696737591746373	1.6757825928807673	1.6877823298392338	1.5678740622023204	559.97892	0.0048089015445639	1	0.36548
0.0969947368421052	0.0	1.6933068976236667	6.350180533634047	1.4218715325518478	1.5162486450158266	1.3703744103773583	1.6321212031131471	507.09964	0.0049054878622644	1	0.36472
0.1482747368421052	0.0	1.7465530380883416	5.752407886901136	1.381267793602367	1.6514948221650891	1.7604385306476746	1.6519939913207968	517.31984	0.0046406975233204	1	0.35608
0.1752047368421052	0.0	1.7320955215525988	5.7428658734742175	1.3045294203295004	1.5787976516642863	1.7539879074959213	1.600982635342186	498.09924	0.0049279302586001	0	0.37036
0.1914784210526315	0.0	1.6649814377266667	5.640995677899918	1.481557738867008	1.905986799487688	1.629394889650385	1.3336900565900756	441.45684	0.0040337217962566	0	0.37736
0.175253947368421	0.0	1.5222744996143072	5.91025095177665	1.4558357696728403	1.5506031148376052	1.6700968309859154	1.3705084123535327	455.50092	0.0055067989263113	1	0.36544
0.1499881578947368	0.0	1.6926164154911565	6.230171699604743	1.302080241887407	1.5138718799403263	1.781957370199445	1.6336133632470586	455.06244	0.0046394621626068	0	0.35604
0.1929105263157894	0.0	1.760707353908181	5.920239315701751	1.4476090640215276	1.7801724176393905	1.6074428098685225	1.5420672341979056	502.30172	0.0040571541669789	0	0.34088
0.104778947368421	0.0	1.7849132183586756	5.5956180344478215	1.424482199117511	1.594548418639681	1.6246950644419134	1.3784138510674064	544.13924	0.0042026629951771	0	0.34896
0.1751381578947368	0.0	1.731207059793361	6.399993958376392	1.3133088000303763	1.8858487136925897	1.6630442892566066	1.8044232740775012	507.97812	0.0046228785196034	0	0.36136
0.0784355263157894	0.0	1.6514548799018658	5.859885805964515	1.401960140744532	1.7493492182330312	1.634567502870673	1.473827152174129	463.3588	0.0045019267363495	0	0.35292
0.081925	0.0	1.6484255101360248	5.480752817703262	1.4513369904713227	1.5641362331974022	1.4024960030732554	1.8090911177415647	449.28088	0.0036874201161195	2	0.3636
0.1530723684210526	0.2078847175787303	1.6674603513551862	5.274973744877049	1.4965941160728409	1.710022830066767	1.7043375037836743	1.9506916749727177	527.44464	0.0055049568084057	1	0.38196
0.1552434210526315	0.0	1.7928433965775377	4.394696483572895	1.4772009799664474	1.6773266665407485	1.8299929016217351	1.824751520545913	572.21964	0.0065471603994685	0	0.3902
0.1647381578947368	0.0	1.5965091278506032	4.745866171954964	1.1762146813608452	1.397064103919252	1.4526100068066696	1.5426165537071268	533.21764	0.0052920221031413	0	0.37004
0.0867605263157894	0.0	1.5490357235979233	5.441034135370053	1.3638247524538147	1.3825041016509585	1.4638128230491465	1.617295081483057	524.23968	0.0035324286547829	1	0.38116
0.1734315789473684	0.0	1.6842247365164862	5.880175468019538	1.5323109231837335	1.665051991744371	1.632915915000546	1.6496450160524443	488.07864	0.0059467179527528	1	0.38052
0.1448197368421052	0.0	1.6795332346545382	6.471191505595117	1.370968007963394	1.842139422627135	1.840195755562049	1.607266289825647	515.64248	0.0054891730604978	0	0.37344
0.1525355263157894	0.0	1.6970646907585056	4.5844903006166495	1.5470180032664171	1.6275948274579248	1.6476106538268254	1.7333348993595317	596.4036	0.0048973916062712	1	0.37208
0.2331355263157894	0.0	1.6458820761456263	4.250030072527862	1.4427495858544743	1.7917108272438222	1.5894643724245043	1.733091595008004	601.61788	0.0055748613047775	0	0.39128
0.3375013157894737	0.0	1.90649748153844	3.5211045377748644	1.6266998904768473	2.087726965448353	3.15087375993639	1.9555126442278952	556.05756	0.00798643850593	1	0.39168
0.2371	0.0	3.562847377894938	3.5059655597243875	2.21094342142714	1.786801333907743	7.047841034737855	2.600005774505558	543.20232	0.0055236208225699	1	0.37148
0.6982526315789473	0.0251185622806257	8.200784123860394	3.3839064950339783	4.5191473236071	3.2847524776234014	3.561986478907241	4.177468293046426	579.12032	0.0093098242983572	1	0.409
0.2064407894736842	0.0195347531007068	2.1003053377398904	3.862445141065831	1.702967597599442	4.2984346931779225	2.0262410565808886	1.8570262957639296	537.097	0.0068277644511969	2	0.41132
0.2619671052631579	0.0195347531007068	1.824861654186429	3.4884278207777824	1.520097294990822	3.044852104201164	1.7004719383741034	1.6886649257385344	464.41764	0.0036079357066662	0	0.3848
0.2318381578947368	0.0054811426571437	2.1394848421055928	4.391273055818771	1.7586052883387149	3.2382438305973635	2.1575718318740056	2.018055529564409	433.38092	0.0052306439402173	1	0.40728
0.4184434210526316	0.0228911173277796	2.393295311782208	3.6799443401287553	5.082768957559535	1.8621308349187	6.008359008013263	2.994649322748828	477.69916	0.0062979328231951	0	0.39624
1.1389710526315788	0.1789466736908425	14.926452475293695	3.81388412462184	22.384669682761704	2.240599758814096	6.963657837347774	5.5604781728720925	428.236	0.007454509441011	2	0.39488
0.2545605263157894	0.3685996113176275	2.0615313577616923	3.5284261968129016	1.8718616115075568	1.8416334534272567	5.995000461005886	2.2223329064398256	297.09788	0.0031261497233194	1	0.35268
0.4560073684210526	0.0168647005347444	3.769352826828261	4.099436050894405	1.9671274282931808	4.312208083709139	1.9182200149554856	2.085168534730803	335.32416	0.0060373565427345	0	0.4096
0.1956452631578947	0.0222506021198473	1.876276835779236	3.324107498675814	1.5463121098904002	3.6975417589302633	1.7522125413347525	1.652991542664806	465.86492	0.0051524436317471	0	0.40752
0.0843736842105263	0.0271476124404767	1.7116882222172036	3.340565933414952	1.7157103015456692	2.7227673186906114	1.7298970658814368	1.7268019995123138	536.08208	0.0079724785037952	0	0.42348
0.2466473684210526	0.0	2.2154272088677947	3.750042242671023	1.769648373575767	2.8079605647923795	1.7386167414376978	2.147085726412116	620.64208	0.0063860806630288	0	0.41496
0.1791947368421052	0.0224194541121974	1.7985351957976308	3.068952923339762	1.6923307225785436	2.295449607724804	1.8647953839325344	1.9249206272938617	588.31496	0.0058042135167297	0	0.41356
0.1131842105263157	0.013520032945077	1.8806763014249177	3.1278822394972634	1.6282130856993606	2.2035512965050734	1.5687752692931975	1.9886208901254157	450.59704	0.0048108191608506	0	0.41248
0.16445	0.0	1.673151556141207	3.069102613627799	1.4690197358700203	2.109827525416747	1.4258487006068687	1.6126116093759024	460.40296	0.0060061358765293	2	0.39744
0.1112657894736842	0.0	1.6114677889313431	3.802221149514063	1.548306021843672	2.2024890134935355	1.515108182569012	1.698282997079951	524.2634	0.0041949783798175	0	0.39032
0.1685668421052631	0.0	1.7264652289186015	3.7896035004139	1.559914782688389	2.3240000385731783	1.6110465722065928	1.745551169731395	583.16128	0.0064364612924702	0	0.39424
0.1239763157894736	0.0	1.8224698164762043	3.565000083624626	1.399932084845525	2.201247718599635	1.756351030110935	1.7676397963294117	603.65644	0.0059138381024318	0	0.39588
0.1596747368421052	0.0	1.6665375998311562	3.873502526505936	1.4636284601410927	1.7690993676993767	1.6014410458626145	1.890190169051588	552.58172	0.0056328559565368	0	0.39576
0.1384531578947368	0.0075267175681718	1.5958099792549774	3.842947864065119	1.395909145958801	2.0587419432191227	1.6208481376083803	1.7179510031551397	533.53884	0.0059175089749869	0	0.3984
0.0936802631578947	0.0	1.950455561997176	4.0507961837084405	1.4970480403568718	2.051741030111276	1.6932365406522183	1.6310988033988716	531.53908	0.0055200442570623	0	0.38364
0.147275	0.0	1.4920850669468904	4.454188235294118	1.3434697836656162	1.80851985211768	1.695399184074205	1.686588074491714	509.43992	0.0052886087206181	0	0.38996
0.1148918421052631	0.0	1.616334757197292	4.033307281005889	1.6066834118284674	1.8965577450627555	1.5519782720308717	1.7568478104328658	488.63992	0.0055216841155641	0	0.39116
0.1662634210526316	0.0049299997091293	1.7343768171485878	3.68991207734336	1.484202681956138	2.063680796468615	1.7443569303038446	1.6007543034989824	565.76304	0.011122116489796	3	0.416
0.14705	0.0	1.353450488371854	4.221716721263662	1.5157862008236953	1.9181450504314408	1.4716000156366051	1.5224145579077988	597.0578	0.0062066055411976	1	0.41936
0.075578947368421	0.0	1.6585690813571503	4.459506933820631	1.3186569480380534	1.4875302394220986	1.6541022665478171	1.444339568399572	505.55864	0.0052906430194132	0	0.40848
0.1225697368421052	0.0	1.5800485670359798	4.580921961399975	1.324080921726236	1.3212767769886662	1.5386696992892293	1.614326991854748	558.263	0.0047430678977159	0	0.40216
0.1752381578947368	0.0	1.7359303951523577	5.323576070336391	1.2422087015306906	1.616920029469495	1.6114057325932156	1.4686811339891606	655.62356	0.0056414882196398	0	0.36872
0.1882368421052631	0.0	1.521272368134735	5.679373837033871	1.299571630041918	1.6084500503980987	1.477237440079305	1.6284739915931297	617.83824	0.004810840324812	0	0.38808
0.1080078947368421	0.0	1.6089427969320016	5.037897426876362	1.4110763946337177	1.44252460419341	1.675567434139049	1.4560691972295012	569.57556	0.0046005445490339	0	0.37976
0.1278394736842105	0.0	1.6570353769418142	5.0338479100882605	1.4628785939041775	1.6942676418264482	1.6173407220760097	1.4875113791253938	464.11664	0.0035430080893986	1	0.36772
0.1254157894736842	0.0	1.6684797295993776	5.365240333686441	1.3142046130776672	1.5631214355778502	1.6335450757663927	1.5520006551731054	385.19928	0.0048482504174288	1	0.38068
0.1356184210526315	0.0	1.723434923989737	5.936865596474662	1.3440964473453123	1.6768884812193166	1.5549267340784108	1.5912378982219388	483.46524	0.0055224656543661	1	0.40184
0.1468736842105263	0.0	1.598645309462736	5.5646156313139405	1.4974485073093602	1.6397318258696614	1.6233640404813978	1.5080512109181932	594.80336	0.0067621282107339	0	0.41528
0.1280684210526315	0.0	1.6829387501211537	6.277613108957156	1.5224693885430176	1.6958170465880962	1.5672217340792651	1.5074964197370135	630.16088	0.0061285001172388	0	0.38396
0.1127	0.0	1.6220129057604529	6.887313957910751	1.5033699341176363	1.848628472443894	1.654056036472396	1.7779239929295747	609.238	0.0055769497403677	1	0.38008
0.1680894736842105	0.0	1.754134275733079	6.091335055443548	1.527780844089695	1.7001390480065242	1.5994177772273928	1.567839985758427	602.23928	0.0056472184751664	0	0.36768
0.1123999999999999	0.0104033332400851	1.6462034717838685	5.936604773242538	1.3467288958476331	1.5623452368771105	1.6430454178807183	1.6560818224567635	603.80104	0.0054132712920273	0	0.382
0.0635921052631579	0.0	1.7316886184295035	5.743829827900643	1.32777261061945	1.5398008909036012	1.669499197252098	1.50077382967125	572.3992	0.0052178280095493	0	0.37428
0.0837631578947368	0.0	1.6628708079740488	5.93954939177356	1.3980171851613514	1.626259881059098	1.8879749217945607	1.57394470355411	582.49996	0.0062592203049449	1	0.36628
0.1621473684210526	0.0	1.5236094397109727	5.626673085574032	1.1847561751879192	1.7132457147088225	1.6469623767054515	1.5787005298483137	583.3196	0.0040208818075148	0	0.37248
0.1202394736842105	0.0	1.6070673460212512	6.079319401859192	1.4000215620211138	1.5510711569047786	1.678832116788321	1.618794746388212	529.99632	0.0054351222646674	0	0.36956
0.1693910526315789	0.0	1.5559524002876366	5.296041943645901	1.2580404934061151	1.7425467237710246	1.6465696465696469	1.504334124730636	470.70036	0.0045785094862299	0	0.35412
0.1277326315789473	0.0	1.7021979034983747	5.80070312101586	1.3647004158300988	1.6796926745264271	1.6220863498749505	1.6294435923171582	493.9616	0.0044401236018363	0	0.37532
0.1472197368421052	0.0	1.835531385686165	5.869525916164658	1.5301065945514485	1.5128612662499648	1.6226469321613373	1.4792259122909646	543.6198	0.0058573126008756	0	0.37004
0.2068628947368421	0.0	1.5606880171270916	4.711547738688084	1.543154651989027	1.5349355138117329	1.5881453977399844	1.6740785119251398	582.303	0.0060350315216008	0	0.38912
0.090998947368421	0.0	1.730325385766737	5.18412930630889	1.501976329133231	1.7314182673960572	1.6570006109107442	1.5803557202039515	617.92	0.0054222270003837	0	0.39728
0.1755631578947368	0.0	2.032204299518606	5.472208479458918	1.3967026166475125	1.5862142783830149	1.7172941142195095	1.6594967948717947	549.45716	0.0050442760187036	0	0.37504
0.1426618421052631	0.0	1.7824210127670126	5.212826310380267	1.311160353374567	1.7008244749805546	1.553337185325902	1.8497534403669724	490.35744	0.0055872014683134	0	0.38656
0.1307928947368421	0.0	1.709517973098107	5.376463445807771	1.4876103801254037	1.643588250351978	1.6729792299015405	1.6027619253884888	527.54516	0.0046916211164698	0	0.36076
0.1824057894736842	0.0	1.7064790344187164	4.535953156952965	1.3750450310240545	1.8343292473652768	1.6000423263627104	1.7331398027850866	570.95856	0.010729716174322	1	0.42008
0.0667921052631579	0.0	1.8144860212724176	4.129023576825363	1.6055321063814032	1.5495136236127496	1.497652355257254	1.2603479833145648	498.99544	0.0057244314252804	0	0.39752
0.1392	0.002819047655378	1.676620062540938	5.562324435250583	1.241259586335115	1.616143383672983	1.7104609288822792	1.7495128641100453	489.2024	0.0047640681890529	1	0.3648
0.12	0.0	1.720263819532994	6.04731584258325	1.3708864039019475	1.6524136320262577	1.7724532802624628	1.589369347368564	536.3616	0.0048119728113798	0	0.36656
0.1097594736842105	0.0	1.6095304750018935	5.6551301559356135	1.3483877194872818	1.740849579076578	1.6757454464856123	1.5823369979325512	562.06236	0.0048806216233793	1	0.37376
0.1387036842105263	0.0273988909191555	1.684530758845971	5.203018105156771	1.393161633386	1.910948744670772	1.7160485875905116	1.5409202903708288	585.87832	0.0096591058823466	1	0.40816
0.0961894736842105	0.0	1.773404265348932	5.774736357649001	1.4291298618796595	1.6034815112776786	1.7179649314595586	1.4856017215652837	507.65652	0.0041236763680945	0	0.37064
0.1457894736842105	0.0	1.7667733027498598	5.5030139193195	1.2528128348986756	1.5301650599392012	1.5752915727748025	1.5251880023859756	497.20472	0.0048106067981001	0	0.36068
0.1380607894736842	0.0	1.4698676449358656	5.385461704559888	1.262872400006254	1.6840257322812966	1.6761975317565003	1.5749263124096966	610.32152	0.0050363853844123	0	0.36604
0.1320418421052631	0.0	1.679435417718511	5.790857469512195	1.5178819172828113	1.7905010010669122	1.467745704824812	1.6579632845140828	591.25468	0.003894013065573	0	0.3804
0.1813342105263158	0.0	1.6398635247642417	5.345251407369498	1.3655486645573096	1.7027411619621813	1.628866169473667	1.672840771239778	497.96008	0.0055493862140529	0	0.37932
0.1449210526315789	0.0	1.673504234318509	5.427544959473151	1.36529388015267	1.715229938683018	1.5045549832510896	1.6006920693059234	488.75944	0.0051976672753516	0	0.3632
0.1428763157894736	0.0	1.553016458298737	5.848074358974359	1.305210465231567	1.6478293291832833	1.6533192335450768	1.6463162607758248	471.6574	0.0057976144652682	1	0.36136
0.134528947368421	0.0	1.6469157321063943	5.315669642857143	1.3669591635137386	1.6181801137038825	1.722082003210747	1.5231610219845513	414.939	0.0048771108245674	0	0.36584
0.0717947368421052	0.0469741291469997	1.6941413266076375	5.509621077935223	1.3415498895280498	1.4990923373562806	1.574921894495184	1.424329731892757	377.85884	0.0039935239831489	0	0.35088
0.199178947368421	0.0234861903720431	1.6851316077225205	5.891338449803561	1.2166926181568802	1.8519363395225463	1.5753749293313462	1.4246370262677066	373.62116	0.0040524936813466	0	0.35088
0.1114394736842105	0.0	1.888974584435768	5.787875395811631	1.580953929782816	1.6852034273003145	1.471018383386667	1.5811019047070751	405.02172	0.0047461367880246	0	0.3582
0.1519868421052631	0.0	1.7293786631578263	6.444509644288576	1.3651183771726094	1.6848673910418046	1.5967287122832068	1.4561431659034494	437.91968	0.0045828827428642	0	0.34808
0.1117710526315789	0.0	1.890286063383969	5.311976751512097	1.0938659212687676	1.5328627176888578	1.6597459501157112	1.3854962992460345	461.3616	0.0041882671682799	0	0.35976
0.0638657894736842	0.0	1.5618588143988783	5.97748872745491	1.338467787243943	1.6112974319486069	1.5702580385280664	1.5596602575750496	500.10116	0.0039681688893893	0	0.36192
0.1828486842105263	0.0	1.5419777694978742	5.528382701286217	1.3343009828008594	1.5837728194726162	1.3730890754653426	1.483872981365189	467.97836	0.0036150993925508	0	0.357
0.1188565789473684	0.0	1.6891247220170245	6.5795189732824735	1.3719308451444674	1.843514240397214	1.5283101615653776	1.5772274265384674	448.48	0.0036421734270453	2	0.3538
0.1380592105263157	0.0	1.7804108842598647	5.539642840372937	1.436775657935096	1.890689961396959	1.792388682548278	1.5229339982090495	496.18252	0.0042425049528304	0	0.36564
0.2075513157894737	0.0	1.7464356400523091	5.857991845136232	1.5720391920411	1.4569853943353586	1.4395988507219588	1.5794106813996318	526.46004	0.0051219079333894	1	0.37364
0.1166605263157894	0.0092146124469635	1.4737986816187305	5.92332463394794	1.2720969365505197	1.6707008081471164	1.6100876760910254	1.595872781903736	503.07848	0.0042080944212219	1	0.37904
0.1543026315789473	0.0	1.641460215463571	6.25801075610998	1.3363865928693843	1.6883261977573902	1.6868213722424736	1.5364260183324854	507.0012	0.0055075257062911	0	0.35776
0.0776302631578947	0.0	1.7511792451425148	5.982477157360406	1.4756463560260702	1.6356658599193252	1.577817429968406	1.4885052464565705	481.67736	0.0041674454639238	1	0.35428
0.151075	0.0	1.6394089103190643	5.506130150050864	1.41911924010194	1.5447171958762889	1.817914990669708	1.5763607704709526	426.53932	0.0046517852010972	0	0.35316
0.1436210526315789	0.0	1.6495499590953056	5.249553202479339	1.4383399443668776	1.4885827514625405	1.4530122675460877	1.7223515933664435	488.58364	0.004109645587276	0	0.35416
0.1263526315789473	0.0	1.6071323202874852	6.097467948717949	1.4664896964549974	1.4572418070699735	1.4386073024187334	1.4312608061075558	504.43856	0.0045529692031004	0	0.368
0.14355	0.0	1.613058786586916	5.745669434913057	1.2735950192996393	1.7092170697889386	1.4486259198077789	1.5131907748530793	466.2194	0.0035396177114984	0	0.36264
0.0945321052631579	0.0	1.49026480995553	5.868672007221031	1.3353262225409592	1.5232302126762165	1.8852733284534096	1.505001133481251	465.41972	0.0040024207750839	0	0.3592
0.1453784210526315	0.0	1.881909007827987	6.000544969512196	1.490308614921245	1.67234798002826	1.549286941034285	1.4666813772989362	442.01892	0.0037373730516346	1	0.34768
0.0857552631578947	0.0	1.782046010133424	5.776286975680453	1.3544741833382985	1.637759250123335	1.682306823795075	1.5641230870049092	432.29996	0.0039919723151974	0	0.35048
0.1747986842105263	0.0	1.8183135364846408	5.5151039764778425	1.4710404360894158	1.649889086247858	1.7427740262983238	1.5579748285276684	502.38364	0.0048412755610224	0	0.35204
0.1231486842105263	0.0	1.5729208080657284	5.88231852725367	1.6707397509526298	1.8377072795193845	1.779272998210225	1.492758245098536	548.882	0.0042597687900855	1	0.38236
0.0858315789473684	0.0	1.7816210072184675	5.671669981075956	1.467458768632833	1.7767221492527872	1.6047066558267855	1.4854943844534922	521.89596	0.0039384911784179	0	0.35352
0.0844305263157894	0.0	1.7379646178500363	5.684310613957264	1.3941852870187992	1.5196918401546582	1.621874437848534	1.4722583199981014	501.0	0.0044695031926035	0	0.36236
0.1412471052631579	0.0	1.5553722355099853	5.231084436558024	1.4295665232150845	1.5784817760464336	1.529284323074388	1.3684607789172032	505.04152	0.0042805812406189	0	0.37072
0.1416013157894737	0.0	1.5605330107460798	5.334994889485116	1.494669790431168	1.628607011849778	1.5873002418742077	1.5846309295894492	493.47752	0.0049837250935856	0	0.38268
0.0935723684210526	0.0	1.699879145016068	5.192815305771645	1.352169356401747	1.5451277561142371	1.8694232658216008	1.3744874680646968	367.89444	0.0035303638102245	0	0.34928
0.090953947368421	0.0	1.4640197120912823	5.1143090330391	1.1520215515709282	1.5703495054612235	1.302657447986	1.5361899518238131	244.9956	0.0014967753059679	0	0.365
0.0728	0.0	1.6895932172431969	4.728834476626016	1.3890632885638574	1.55558280954571	1.45733261973442	1.2265243633151774	212.48216	0.002069785418598	0	0.35888
0.1020421052631579	0.0	1.4107077283678278	4.336608053007136	1.271087469984408	1.6954459833795017	1.551044051597244	1.4427745395549845	263.56128	0.0020175541413356	0	0.36364
0.0779449999999999	0.0	1.6140003854723282	5.115370471249459	1.2352315781593377	1.614851935595234	1.4791930094352503	1.403748037468063	299.97828	0.0030926698750608	0	0.36504
0.0702497368421052	0.0	1.5696827659101988	4.933066037335417	1.1800479311796497	1.4543717831555043	1.5754848575814042	1.504493823680792	245.00056	0.0024564786636566	1	0.35992
0.0929631578947368	0.0	1.6747845020066408	5.233185998978027	1.4523903457441227	1.5351252465871357	1.5544326093424576	1.4092124157800414	264.8428	0.001722114733589	0	0.35288
0.1673894736842105	0.0	1.6160943585172138	6.139318068068068	1.4779270361587875	1.4239605022179205	1.5933543694157504	1.537303792714983	339.49988	0.0030679088760824	1	0.37888
0.10865	0.0	1.5872869215540966	5.203226534296029	1.265264551920971	1.652374251796403	1.4491140841778156	1.5833974552252306	325.4	0.0024489836157332	1	0.37064
0.1028605263157894	0.0	1.79379935551014	5.384430369828667	1.2384221226184449	1.5050896894994	1.718274485723058	1.5593945392094082	428.64632	0.0038718527789413	0	0.3648
0.1505552631578947	0.0148000001907348	1.681413650755093	5.284448506329919	1.5383868253462711	1.5562484923338726	1.5663173377459092	1.4157794503763343	524.00136	0.00472829575181	0	0.34624
0.1713657894736842	0.0	1.6957758049326712	5.993535372803358	1.4616880298501196	1.4462001426359825	1.6358413755163317	1.5938373923534757	499.90012	0.0047729524020237	0	0.3458
0.1476565789473684	0.0	1.6334722685448912	6.0162769435941925	1.4731504867236105	1.6721392789186438	1.714204595045565	1.5051492903467532	543.6808	0.0041728368902732	0	0.37208
0.0891723684210526	0.0218445700042101	1.414099849195883	5.409964935771371	1.3179357926691069	1.4825621722603974	1.6407752967880638	1.6247353357736936	502.05772	0.0040753450908555	0	0.38356
0.1333881578947368	0.0	1.699516101264845	5.96918493236473	1.2137814547810877	1.604380387565835	1.6381703827400511	1.625174647026862	454.01988	0.0038047856900797	0	0.3568
0.1764565789473684	0.0	1.5304638301953135	5.92641829393628	1.425919635430868	1.4566589702540864	1.3717360858753924	1.63314652470592	474.83872	0.0047190691350663	1	0.37108
0.1381052631578947	0.0	1.7490505445799984	6.06488140060241	1.2880871952339623	1.5335292329516663	1.4755450303573066	1.630586429439892	469.00064	0.0051784144876984	0	0.3452
0.1322	0.0	1.6988965800075333	6.097644255050505	1.3167132682907712	1.6806162141344116	1.7144798705679316	1.6118526400966886	498.38284	0.0036009921433995	0	0.358
0.1373065789473684	0.0	1.6986400556786887	6.0841287209889	1.694275772052434	1.5946718146718144	1.6612458779242172	1.634166934331607	534.91984	0.0048057645566323	0	0.36912
0.0729092105263158	0.0	1.5968484023930831	5.867209889001008	1.5486091195870375	1.795031498301635	1.6605607749103155	1.4895516946783165	478.29724	0.005671428841142	0	0.36816
0.1474315789473684	0.0	1.687364737582234	5.726206819736821	1.3867395264116575	1.405286718215457	1.7306618204187167	1.6753343592835273	427.31824	0.0049682581789703	0	0.37096
0.0932263157894736	0.0	1.6990651169635496	5.551539809352344	1.291348251415763	1.6300983999768408	1.616899918016926	1.4952282928339269	528.72576	0.0031641174557542	0	0.34196
0.0673263157894736	0.0	1.7193052496666883	6.612764080020387	1.417814998182002	1.711837954224654	1.6230285211187114	1.6314140376247923	618.6638	0.0050559362804977	0	0.3798
0.0954947368421052	0.0	1.6444451777232014	6.210385839806444	1.4970526004891385	1.7442504713386018	1.5872687309088451	1.7189404815722429	579.59544	0.0061719332274443	0	0.37496
0.2007618421052631	0.0	1.7855043762510572	6.022716753793191	1.4765118942496096	1.9732206786215492	1.6215032127833378	1.7979642352096004	516.47736	0.0045760285499691	0	0.372
0.1569565789473684	0.0	1.6561130752037507	6.031601641414141	1.3485957503209824	1.776026088739467	1.667063036056291	1.591579689703808	540.66316	0.0055559985241644	0	0.37288
0.2090144736842105	0.0	1.6336479967152495	5.7000203704605	1.488200527228759	1.5443830172611883	1.83216024874432	1.6194882203696992	596.56312	0.0057085084535619	0	0.37572
0.1761723684210526	0.0	1.6900936006697909	6.498554112290117	1.3527635037174084	1.637046440650004	1.764958042769306	1.5651684637377834	578.93732	0.0060540313904075	0	0.37384
0.181375	0.0	1.7901527348932516	6.211296307963709	1.511190106261456	1.7553462653216536	1.7235519332245406	1.729851817789373	534.79568	0.0059489664142797	1	0.37264
0.0476460526315789	0.0036030594072385	1.6590458208035146	5.013125336383208	1.298710108965223	1.576017545928354	1.5055308976453246	1.5325244055068838	465.3002	0.0051572036932671	0	0.37232
0.1966407894736842	0.0	1.7420085662507516	6.152714485743381	1.5195828856089648	1.8469711210824868	1.783882891411061	1.7658017093550142	511.08312	0.0061013650412594	0	0.3782
0.139875	0.0	1.7393724412674232	5.2468483271865125	1.3506706767683767	1.779457847538083	1.6239336277369063	1.7075443135107131	567.9628	0.0043080592783409	0	0.37868
0.1512631578947368	0.0172334734864813	1.5966715614122324	6.3350418357714	1.897900809491539	1.7597376903412247	1.8042423004926167	1.6519143313560245	617.16032	0.0068099915763735	0	0.40492
0.1312	0.0068951049051084	1.7722790407589313	6.0064277106844095	1.755849829724332	1.70468218573879	1.706911678199502	1.8010630496898956	554.15616	0.0055882575345828	1	0.37748
0.1325907894736842	0.0	1.7702282875183837	5.158650585881681	1.5463667921338733	1.6991737536611873	1.7118335646201177	1.696078356510375	535.06212	0.0040882023065493	0	0.38016
0.171403947368421	0.0	1.6248100407713943	4.674113918583194	1.3678252069685934	1.8549177905923844	1.9779657632300347	1.697246137902235	676.0642	0.005204449348923	0	0.38176
0.3157828947368421	0.0	2.595021667608137	3.6946851499821647	1.843528529271314	2.1374616057929496	1.9380140158895016	2.094775681557038	703.8412	0.0064754622805995	1	0.40852
0.1474460526315789	0.0	1.8016249126314756	3.375260730510309	1.6970257311274828	2.623987721323829	1.6922642136081114	1.9805674519326797	719.20016	0.0054050340839168	0	0.40204
0.2634728947368421	0.0	2.110601465152343	3.855988328044453	1.684827758542063	2.984409503279493	1.9387454513215756	2.1606929968721835	668.8966	0.0047199824125801	0	0.39524
0.1798823684210526	0.0	2.020244319997434	4.160836205535092	1.4910000408487345	3.189233796819047	1.7915954705145238	1.97227625772286	638.3798	0.0046097303242017	0	0.38836
0.4086934210526315	0.0	2.109834936978524	3.868872328670891	2.194611458814653	2.767273284984991	1.8617341999103536	1.9721540035258016	666.78332	0.0039250364908926	0	0.38312
0.2348644736842105	0.0	1.9655756113983665	3.5798350443977287	2.0146625241080987	2.3584232211695624	4.77381161007667	2.865475207736535	655.2368	0.0047867042365494	0	0.40684
0.931507894736842	0.0	9.714953658454975	5.413129001642172	11.23118127093425	4.988287272662926	3.5389508184079124	4.001671313591496	571.3338	0.0084401814988781	3	0.3842
0.3320342105263158	0.0	2.7197086589408976	4.491454581500052	2.102407917656051	3.491770898608848	3.306587481323473	2.609695129305541	431.85636	0.0048274824224061	0	0.3834
0.271325	0.0	2.273402189976355	4.149166622058886	2.175853652896072	1.9621811527904849	8.957928710487018	2.6297065856119444	357.61988	0.003525156934086	0	0.35472
0.2250328947368421	0.0154162496328353	2.0066940330108167	4.483076324452024	2.0134237120558183	1.95860611499634	9.888102932095146	3.078829799218364	418.62252	0.0029570424506155	0	0.36812
1.6398802631578946	0.0246113818797153	15.217008554491768	4.270546137134831	15.035001917659976	2.358063618132133	7.015995305557884	6.904585816288185	417.61732	0.0091590124876884	2	0.41012
2.017282894736842	0.207249814855303	21.09887222004314	4.225992730984352	26.22160496984164	2.13090339762731	4.835810000612676	7.162321427648012	369.4804	0.0088979103363962	3	0.45276
0.3329223684210526	0.5034154223696855	5.714105583047055	4.6107516177202585	2.3830777935044147	1.741149641030454	11.21922439759036	4.146255026555386	409.3014	0.0059361660520644	0	0.38172
1.2847592105263157	0.1626083516648513	17.116175598008173	5.587426452651608	12.5790837613441	2.2775444021898115	13.0621965546227	7.534402540826566	460.4222	0.0067368574215559	3	0.39956
0.4368776315789474	0.0199604219276999	2.926504988377353	5.030022138090349	2.2833661675897376	4.765224673752186	2.329439462164102	2.333685481436764	572.42492	0.005208412122481	0	0.40944
0.2489092105263157	0.0147999991541323	2.054891413275255	4.002895212738701	1.982911687946575	4.823104966250367	2.0237265025721727	2.055684651172801	607.54148	0.00638104402195	1	0.41628
0.305957894736842	0.0	2.17679035578733	4.473235072002506	1.8590984277614675	5.241783760906368	2.014215304642531	2.296531056455768	625.37988	0.0051576337060507	1	0.4064
0.3582684210526316	0.0177225752504999	2.556425625871463	4.823671797539132	2.053313760084777	4.821516149211471	1.937016316367835	2.2538963531669864	630.73972	0.004297650693988	0	0.3854
0.2947697368421053	0.0	2.7402676725721524	5.13474408436214	2.0535691089185724	4.356973215463782	1.9701050173127843	2.103879169835923	697.04608	0.0048273007954131	4	0.39872
0.1556723684210526	0.0262087594091364	2.113177616520989	5.198456554878049	2.209475556842114	4.009572232391024	1.989862183827864	2.6416567824743087	797.07952	0.0057351652560076	1	0.3924
0.4107536842105262	0.0087500003076368	2.1990260144736427	4.682965384615384	2.052587267926539	4.045164906905287	2.217618472811963	2.0602048306823937	673.57188	0.0052265739698182	0	0.39468
0.2163436842105263	0.0	2.0801723700192616	4.999744029766965	1.7097251903973454	3.580276457397768	2.058804929941921	1.9763056081754045	547.52096	0.0044403894973765	0	0.38428
0.8415489473684211	0.0498071173746415	10.584145510848035	5.574127634942839	18.77556491078184	3.7258831293714234	3.610766003456211	5.790652439702123	590.94188	0.0097160374075349	0	0.4196
0.8783905263157895	0.3077231823800859	10.438116518364188	10.243616340361443	17.620709067998472	2.5177153997619914	11.39239729458918	6.434664796231498	619.13884	0.0042372498502801	0	0.38796
0.435815	0.3253791414926262	2.738943536191863	4.801031747944942	2.7985514382492878	2.1281505046574964	8.776877530364372	5.326346447213266	626.02292	0.0047272102218515	1	0.39172
0.4066665789473684	0.0619878959151136	2.2032286570926614	6.475867102586228	2.765262644691331	2.073225298324343	6.667343953250031	3.694064903592878	706.62108	0.0077704423098353	3	0.43204
0.2453736842105263	0.0239704992933443	2.049383018566639	4.593596837944664	2.029518548446308	1.7755932167547033	4.04148664651864	2.548847285567162	693.69532	0.0054766168323509	1	0.395
0.25735	0.026380721121037	1.95509792631686	3.980466911764706	1.8614361854836616	1.8926657201244184	3.5663127784444915	2.626599500348118	579.11744	0.0051046080457988	0	0.40228
0.2274378947368421	0.0215317959093865	2.1893335602017445	4.852750069384356	2.068482136620526	1.9596896420028536	2.649343735658559	2.1975737652301035	534.56232	0.0044514250988995	0	0.3852
0.4605542105263158	0.0235917819192296	2.226001113365763	3.844876187274103	2.461954751260444	1.904546681916671	3.4394425844449508	2.6146214795305927	615.18428	0.0057764990408105	0	0.40504
0.508138947368421	0.0221138989824638	2.4881390480986125	7.032237772079492	3.128405702162842	1.8034976599154109	4.338076953972206	2.4968403218975013	737.64296	0.0058452520701113	1	0.41732
0.2544584210526315	0.0229771334984258	2.3627473630026032	8.404766403798346	2.1865976005037777	2.063550779377369	3.4464226855713096	2.705126025791325	714.23552	0.0056431797892381	0	0.40836
0.2615942105263157	0.0247840451052518	2.051258077649434	6.596324106597738	2.0638507543159395	2.034204467604811	3.6571154224290487	2.326207011377301	570.71312	0.0045940113717843	0	0.37616
0.4078794736842105	0.0291511206422809	2.145573674833082	5.049200235011952	2.623116779430232	1.843337916302112	3.819708750693765	2.0920704891449424	485.32136	0.0053747994442547	0	0.38372
0.3969565789473684	0.023878544356742	2.235470654650306	5.279253631498471	2.135067037652313	2.352930554418148	3.282633799035105	2.4551475667252203	534.46252	0.0045790449189964	1	0.38336
0.4342855263157895	0.0180586797924966	2.938019523256296	5.997463869168357	3.07052397201292	2.2398311239835134	3.4455455164356734	2.424519577261511	564.81708	0.0041753832995015	0	0.38008
2.6329494736842105	0.0245606359758258	9.607584215130812	9.751362944162436	44.254741294338565	2.671186911497376	6.284534922051504	6.916759259259259	451.11688	0.0047087816923506	0	0.39388
1.538313684210526	0.0314885405234192	5.898948846993895	11.69827936746988	22.61639110720851	2.638774331082024	5.560915708373546	3.885881644704136	424.64192	0.0038656626741763	1	0.38632
0.5394486842105263	0.0171667287516213	2.657284538440824	7.457767855651506	2.6591146570307065	2.196778669240514	3.1005798147479853	2.218064884058318	488.32136	0.0046304952401886	0	0.39524
0.4412997368421053	0.0171877011466386	2.5928772309516432	6.419442687583001	2.416896349779194	2.1469952823949563	3.0541847675568743	2.3362809763161083	544.50212	0.0039085953949479	0	0.36664
0.3936042105263158	0.0161604013926578	2.6674360544706284	4.880744439823599	2.2910971056805343	2.3243664312422103	2.48488226919286	2.2938489867653145	607.76216	0.0042132035733496	1	0.38656
0.2764736842105263	0.0148000001907348	2.4999877321939934	4.641804115654018	1.8593196534388687	2.293166010675581	2.5436642643129	2.3424762639907373	597.01884	0.0057153142678036	0	0.40104
0.3968710526315789	0.0	2.3987742007481514	4.981436858974359	1.9838953995579471	2.181258975455712	2.239374856266769	2.3827046497532254	592.92	0.0051894358215787	0	0.38384
0.2919447368421052	0.0	2.222584199317591	4.634247545317221	2.0547788140412915	2.7586111947431027	2.1517994197789285	2.119440496052338	645.3818	0.0046722824510756	0	0.37088
0.3565	0.0	2.378457796244099	6.092972604639227	2.2628684383562585	2.1881360300105004	2.6708597547703694	2.129493538906488	641.30036	0.0053473013687659	0	0.374
0.3198684210526316	0.025509998716157	2.1226000560560268	4.45785752412674	1.7523159702150677	3.598973248061573	2.03013422075593	1.958617764536285	637.89988	0.0050230381651836	0	0.38104
0.3043605263157894	0.0	2.0015364147842374	4.08420758971872	1.82468827465434	2.9029035470773	1.780725141002158	1.997152974504249	593.17932	0.0044409825975667	0	0.3742
0.3930868421052631	0.0	2.0305507118290453	4.530667042200629	1.6672664392568943	2.14827517333866	1.9761377958269148	2.00425840108777	573.89932	0.0041538713898641	0	0.34824
0.3624276315789474	0.0	2.4584829379338187	4.131417076008273	1.873648581441149	3.526864075870917	1.7982999477442954	1.9869981311492948	613.15848	0.0079021182311808	1	0.38776
0.5454171052631579	0.0	2.697018401464337	5.437408504870284	1.9442330811882171	2.111110428946982	2.2007642031171444	2.0362550202564056	569.8186	0.0046397202657075	0	0.35028
0.5039947368421053	0.0214447802391605	2.371445241760909	6.182878056425063	1.821748926964154	2.047697281055921	1.8673627720541957	1.8476222151513324	494.21812	0.0042493326154526	0	0.35396
0.2004815789473684	0.0	1.723462099578999	5.0472758142992165	1.4091784998652384	1.950970922028104	1.8458130410645568	1.7505127686789232	510.58084	0.0046161312611664	0	0.3594
0.2012394736842105	0.0	1.872666958528746	5.19788950537319	1.611346568375542	1.8234759306969432	1.769597001508388	1.72392068513232	518.8804	0.005038910795345	0	0.38324
0.273221052631579	0.0	1.7396193740256478	5.030580221112582	1.4044996098965197	1.818040912023145	1.72321039938209	1.5730993071034438	512.68288	0.0041862343572869	0	0.36952
0.131953947368421	0.0	1.7998427933898071	4.42219169246646	1.579096376636551	1.791331826036186	1.8398125690014075	1.5670027235067556	582.06076	0.0045485347895411	1	0.3676
0.1936328947368421	0.0	1.5605392831202194	4.587942136886102	1.3542957805810625	1.7248337810738203	1.6541802649552266	1.7130335719303589	622.77876	0.0040590025719824	0	0.35472
0.178753947368421	0.0	1.7641408002472991	4.760611638713248	1.3936956776588354	1.8170123038320165	1.6415170663282346	1.881330745741392	573.68024	0.0055211692740636	0	0.3888
0.1731855263157894	0.0	1.6500669903191574	4.711097165832315	1.5801606502755698	1.908689118712985	1.5888051153483451	1.5852785810680543	542.37788	0.0055039920961769	1	0.37512
0.1201394736842105	0.0	1.623987616967458	4.525344400234818	1.4504850344966034	1.8613014387043043	1.726119127740071	1.6491993208376337	583.7212	0.0046485131575517	0	0.35924
0.1864526315789473	0.0	1.7014659962928629	4.800268232705624	1.4267160239726908	1.840637916678687	1.7219809111281057	1.965597792383185	523.21716	0.004601581509832	2	0.37016
0.21175	0.0	1.6217369359117058	4.894722579922736	1.651245781303088	1.8793321840736843	1.7050225592867194	1.9517147314624943	439.99808	0.0045016891825725	0	0.36792
0.2541152631578947	0.0	1.6992000639629414	4.533524671591106	1.3794420557655882	1.7993853732331233	1.656896756846789	1.774812417721822	490.3232	0.0058850650825395	1	0.3828
0.1831478947368421	0.0	1.5284179441847838	5.552456962221263	1.3879029338923152	1.903602718354518	1.8252275063725565	1.6523658658866658	517.80016	0.0041613639891147	2	0.35844
0.1031763157894736	0.0	1.591442027693991	5.734824847939299	1.4756294919840187	1.574310068323118	1.8074273921578496	1.500132264529058	487.2186	0.0046668720076189	1	0.35532
0.1689052631578947	0.0	1.7697919643229862	5.246714524628443	1.5622929302662063	1.8112324732241207	1.6710959548447788	1.61254360962262	470.27848	0.005515126058354	2	0.38608
0.1384668421052631	0.0	1.4030793972308158	5.62380876121843	1.3004707601716912	1.633457694527054	1.6455737529932075	1.5153553731759566	471.76064	0.0040377215516216	3	0.36636
0.1610028947368421	0.0	1.6347196888153237	5.803621526489831	1.4799843484152984	1.5048281951160585	1.6243296039417068	1.4269059470641308	488.14148	0.0049339149648477	1	0.37432
0.0931197368421052	0.0	1.8059254356861247	5.75760341866688	1.3082253059285165	1.5202440504095085	1.6824889078628384	1.603815695462938	516.9422	0.0039630555059804	1	0.37024
0.1062355263157894	0.0	1.7148775341431504	6.247932478820899	1.666559305935704	1.5570304143625484	1.8081487202514597	1.732766636103297	546.09892	0.0051373186852826	3	0.36356
0.1857960526315789	0.0	1.6392921870215782	5.805915327073056	1.3946266360537607	1.8898921250798328	1.5880090265668274	1.4741381381381382	528.03824	0.0043306275123708	0	0.36772
0.1072684210526315	0.0	1.6669836856651137	6.190279007978526	1.458590641203032	1.6169948783150017	1.7648385154085722	1.635816259825729	453.27904	0.0043083245895014	5	0.36188
0.1796052631578947	0.0	1.7161002404592969	4.984010077196755	1.4292340090469338	1.6021378905128765	1.6470837028942291	1.505693185233739	390.09668	0.004288717409793	3	0.35284
0.109553947368421	0.0148000003861599	1.822089710221693	5.891114089303734	1.334268545021454	1.4951443095669554	1.5616742969260955	1.4284090719385707	398.82052	0.0041011856514303	2	0.3494
0.1866986842105263	0.0156781569123268	1.578843719318567	5.636206695966908	1.350631334447974	1.617556906077348	1.6541656331817556	1.592633713000848	448.12256	0.0043960172552483	1	0.35012
0.1340973684210526	0.0162404522156682	1.5728970088009917	6.431105	1.413627383429642	1.7168306578558357	1.651456813251824	1.7251645426823894	516.20352	0.0049266453496848	5	0.35672
0.0944921052631579	0.0	1.649323768041182	6.811302609643752	1.2604525251320784	1.74247589537356	1.8678672985781992	1.650292027909502	488.75616	0.0051833576128237	3	0.3834
0.1221407894736842	0.0172076752019483	1.5687519365505382	5.904145099811547	1.3044564167767096	1.7146015865207531	1.5306832941058033	1.4321577087595314	402.11792	0.0054212468378333	2	0.36452
0.172603947368421	0.0	1.635524274719972	5.875656702898551	1.4255978990777078	1.5158843732940863	1.7468026049252503	1.6728190080870249	470.44568	0.0039350442628825	0	0.37212
0.209803947368421	0.0	1.623315407297391	5.672696983197556	1.4070517365927528	1.629898464732742	1.7732065310799197	1.5099755108595287	527.03944	0.005076405186057	0	0.3696
0.1290302631578947	0.0	1.550947997496517	6.290399833149393	1.552590750766952	1.7683183199538162	1.7283250514225708	1.3522699718669082	494.53796	0.0037840329234565	1	0.35996
0.0700842105263157	0.0	1.590063321591168	6.548708583158003	1.3131011005949875	1.692583251087473	1.559555909893365	1.4621784949428551	499.72064	0.00458506100744	2	0.34212
0.1038342105263157	0.0	1.8581608037179085	6.689663765575105	1.4487892613656137	1.721721336385923	1.7812308747000716	1.697062393490587	474.63984	0.0054325735133886	2	0.36708
0.1294131578947368	0.0	1.5738446929507812	5.575239945353896	1.4259104295891674	1.654116527462301	1.6146901065896218	1.5022324924143071	477.981	0.0050457824285065	1	0.3622
0.1355842105263157	0.0	1.707596982080093	5.92692880122185	1.307111754565013	1.5151094529122608	1.617631449276326	1.5643984362417094	530.93964	0.0058583368896386	2	0.3814
0.1207684210526315	0.0	1.6980309482577125	5.526848169842973	1.3583373925160802	1.6167637069383791	1.7099262861494815	1.5311874875080582	521.85892	0.005200756530376	2	0.38264
0.1056	0.0	1.789692398334571	5.261758652944686	1.629834900914175	1.787000122620009	1.4845059975662054	1.6413679344915093	488.6214	0.0044966995568573	0	0.38016
0.0704	0.0	1.530037461700602	6.104835328804782	1.544764782287032	1.8219211094026784	1.614184957225255	1.86931118177878	474.0396	0.0054976494514679	1	0.38068
0.084	0.0	1.8349005935489835	6.1243301793023575	1.4054225099714086	1.6533627742876005	1.8456282610322376	1.6674150073976506	508.5814	0.0055400645621208	0	0.3744
0.0925657894736842	0.0	1.748414825216647	5.55462225346877	1.4327077787241955	1.5155731628871034	1.662433438198304	1.5938364443084454	620.12544	0.0079332069508293	0	0.40424
0.1258342105263158	0.0	1.733077176071788	6.171519123606889	1.357882592857166	1.6115934987564344	1.6210579736156436	1.5518686772284789	673.82044	0.0064072293494378	0	0.40944
0.0884605263157894	0.0	1.6535723890536074	5.809207870837537	1.3977438124769166	1.6652250923708485	1.6235450176672963	1.6694732201895526	691.42044	0.0070152457838198	0	0.39716
0.1702131578947368	0.0	1.4564275343195636	5.723044969512195	1.0975777486210452	1.588787192191035	1.6951816408509417	1.6567164179104477	650.678	0.0062630238131214	0	0.40284
0.2147026315789473	0.0	1.7032957798652133	4.906962338928803	1.4653253478414037	1.618711334961335	1.595279280153283	1.6730873169070055	607.99824	0.0065101179934424	1	0.41036
0.1400973684210526	0.0	1.7492213368414535	4.503429964965309	1.5075239716958289	1.7863183973957348	1.6803151082230028	1.7906148240099309	635.31976	0.0068170524126641	1	0.41436
0.2765157894736842	0.0	1.6518803925935353	3.435814153002416	1.537149394013262	2.0486640507209786	1.6474229399362594	1.9529260947288745	576.8582	0.0088139001725175	0	0.42172
0.1916842105263158	0.0	1.7920709531326249	3.1806348352869493	1.6048799310891213	3.835309603665788	1.7129752382166417	1.7956219016883708	536.26068	0.0074422760494842	0	0.435
0.227628947368421	0.0	1.5894354444699812	3.038897463549785	1.463177363978421	2.782309600191525	1.5507206074184137	1.810363831120568	570.14036	0.0069137702880361	0	0.4208
0.2125473684210526	0.0187315186367759	1.689783049850646	3.5694597921689555	1.5320258520705494	2.9951603935930806	1.5708358938985387	1.8753494000201671	543.59784	0.0064055500645146	0	0.42036
0.2351	0.0	1.6813431146700664	3.123133838359153	1.6887057393031368	3.376006203170697	1.7680478872054122	1.8696455082433128	495.8784	0.006904962329584	0	0.42416
0.1368942105263157	0.0162627474292294	1.629127001884323	3.1020451026550786	1.4662277982115406	3.653832617576202	1.7036802335903505	2.0404775229250456	492.44208	0.006532197412305	0	0.41192
0.1202071052631578	0.0	1.5785353524455068	3.629662724988934	1.4491595170022251	2.7164246702039625	1.4902777267580742	1.732221572707929	630.36704	0.0070894773456804	0	0.42336
0.1314960526315789	0.0	1.69222589254819	3.160254541323996	1.4595206519887958	3.483215597086831	1.7035390898626437	1.8928830599442357	746.52112	0.0106066124621208	0	0.43312
0.3458610526315789	0.0	1.972867815179313	3.26910842147448	1.766224998815959	3.3103394227651064	1.6342965276101329	1.848103419794157	600.75056	0.0075428801294985	0	0.42396
0.1865915789473683	0.0	1.5621758954103453	2.7934180297925884	1.5080001782080157	3.7033771974915184	1.5128108581436075	1.7330271462530689	519.48136	0.0052775375938064	0	0.43936
0.1965381578947368	0.0	1.781794411527883	3.355733666853744	1.8615567693644008	4.0021358728235805	1.7764203826049256	1.9135645798243504	567.28248	0.0096050905664177	0	0.4414
0.208153947368421	0.0	1.6316879389037124	2.8971864067865942	1.5126034863729008	3.689392661631688	1.53327232717459	1.79026515581907	551.93684	0.0065012440348372	0	0.4296
0.1990728947368421	0.0	1.545749805854617	3.1464562627943287	1.6510208539394504	3.397466161529189	1.724974863663986	2.1375577557755774	583.14324	0.0075836505464069	0	0.43356
0.1994728947368421	0.0	1.6397720904394326	3.0067457667574238	1.6068481469427445	4.235930963457509	1.712541562055861	1.8851664944708424	593.44088	0.0071101936624155	0	0.45144
0.2502063157894737	0.0	1.5187773537710867	3.0672955904443584	1.4792038241768053	2.707386933345081	1.818303038937725	1.93456842715002	591.99928	0.0062153321018639	1	0.4398
0.2127557894736842	0.0	1.5144692749483446	2.809983293033356	1.6339095806467596	3.843822950535397	1.6427888960619754	1.7395295691306665	653.70276	0.008291143050369	0	0.46532
0.183	0.0217080197882244	2.325189416669603	3.9871876677158378	1.7036852431968563	3.215367476851852	1.544115208991921	1.8644204530339188	685.981	0.0079941128260247	0	0.46336
0.1836526315789473	0.0	1.7947665988865629	3.0946902628047823	1.858655120115177	4.653737797709861	1.5573290171620586	2.326199303890938	663.53628	0.0098721266990549	0	0.46124
0.1721894736842105	0.0	1.6859202410966545	2.885775402349801	1.8905951485772772	3.987376528667559	1.5511156688708938	1.7545924522678304	597.05956	0.0074745065682074	0	0.44716
0.2547921052631579	0.0	1.602671188641338	2.9313832948675493	1.6256410505865655	4.253271810937819	1.6006767403672313	1.793570014180129	530.3782	0.0132131377315521	2	0.48408
0.2418105263157894	0.0	1.7899026254655426	2.8276999960494607	1.664743552131115	4.155529579842847	1.722798014975557	1.8688655871969333	552.93964	0.0086026431201135	0	0.46268
0.2991973684210526	0.0	1.6528397597223832	3.8825691767621135	1.7272283600447498	4.743131570096843	1.8396376142679645	2.108761364164948	565.78084	0.008107634539236	1	0.45276
0.2483447368421052	0.0	2.565827464802493	4.652136926772782	3.1675068567452533	3.7743761753218577	2.174445170130752	1.9785992013584357	504.05804	0.0045528927391416	0	0.4318
0.8776578947368421	2.6675643446180555	11.10738398740053	4.608589846252403	8.09450919084434	2.029083007573256	9.46379480155236	9.228970163306386	500.93948	0.0117253169755725	4	0.44048
0.1882618421052631	0.0170100009304353	2.421614689373543	5.050247660278856	2.622708367899439	2.064732097945716	14.235905905905906	4.890490370078223	447.73548	0.004862614136645	0	0.3674
0.6224934210526316	0.0	9.114483313460726	5.185785275685257	9.520074338453504	2.213028677459548	7.877332578046325	4.550397768776147	374.87888	0.0045369611997201	1	0.37232
1.2983947368421052	0.0880339403785288	13.030047281148624	6.261087771458119	16.995948700784894	2.67138360468694	4.405353826101124	5.889206662067607	345.73932	0.0088866382745258	2	0.446
0.2458	0.0159655320536342	2.280093037497008	4.244693684097372	1.9952015974145028	3.815690878494461	2.1529998206641667	2.348921249823272	410.08496	0.0058448213789042	0	0.42796
0.2811894736842105	0.0218902379350408	2.0638343372372403	4.741302795150656	2.557750583187421	5.5759849966856905	2.181424656746046	2.534430246796528	519.2222	0.0079805165024014	0	0.4545054064877853
0.185478947368421	0.0269009091637351	1.8102538774496584	3.91418056438476	1.9735459854953097	4.548455684381595	1.860572992797725	2.129855996131635	464.81876	0.0053864541581623	0	0.42196
0.1218144736842105	0.0148000001907348	1.8300940418030287	3.883427313354364	1.9359045123439889	3.746863505268481	1.967611480605276	1.9521905027122968	503.72424	0.0062227252900425	1	0.41656
0.2955223684210526	0.0	2.084824997691844	3.6575745817352354	1.8790501065776315	4.789878885790861	1.6253515360549289	2.090673176887911	645.92192	0.0146097330121433	1	0.46676
0.1764092105263158	0.0	1.779223788299647	3.4626214348388697	1.998101261132689	5.1864050233817895	1.5604264752677977	2.229444476056512	732.40592	0.0080773552776785	0	0.4516
0.2719960526315789	0.0	1.6740783379424151	3.4998642672227813	1.8091006621537595	5.067159600306454	1.402702673118531	1.83537073613574	789.12168	0.0113300004074854	0	0.46584
0.2193210526315789	0.0147999994682543	2.1828736618767235	3.4293480088833816	1.88335511566872	4.5451609516552365	1.7099949271196184	2.2749730023095767	784.29636	0.0093354162464071	0	0.45292
0.3100489473684211	0.0185591245690981	1.7820623766898729	3.5102771198496177	1.6766948339479126	4.611348906437343	1.7295106348355618	2.037335048451468	748.56176	0.0091188020067004	0	0.44128
0.2150102631578947	0.0182692592526659	1.6705052631847852	3.1029389520552795	1.926759464463524	4.823325666856207	1.4347577616371086	2.3205502952113624	767.9584	0.0106251555236297	0	0.47388
0.1438776315789473	0.0	1.7378900493080158	3.4409772815962265	1.593724224786638	4.204441394219633	1.6927319378798105	1.9360167593704527	799.07976	0.0091321875874084	1	0.44476
0.1711326315789473	0.0	1.722180884470742	3.7117249285238	1.645738597281002	3.6461763522656634	1.9335277342761596	2.2180669508766813	768.6028	0.0074660374068162	0	0.45928
0.2300036842105263	0.0	2.2396767944254243	3.9918797230534486	1.964318725217761	4.363418800629788	1.6905789322458282	2.4483860980155683	722.4768	0.0091156918282018	0	0.4538
0.2255005263157894	0.0	2.077296892296024	3.677054336938957	1.676440559984221	4.1641649674406365	1.634414738030482	2.065812984462938	687.45708	0.0098689918765601	0	0.437
0.1249768421052631	0.0161298912942247	1.7943330931799155	3.987529260286211	1.670612761620868	4.021542296937641	1.69108761036189	1.9168870366993984	678.80088	0.0078599390184528	0	0.41788
0.365938947368421	0.0251376148356433	2.181042912335939	4.315175335874124	1.9714045935377025	4.778503933103547	1.9745608500747136	2.529415430404013	676.54028	0.009352750437733	1	0.45112
0.1895473684210526	0.0213495960737416	1.6851244213903067	4.008704239295943	1.694216778218874	3.6565775640865934	1.876562013344505	1.784196395152278	703.5204	0.0046080250511625	0	0.36716
0.2297165789473684	0.0246140101916444	1.6890765310122693	3.4961931289507246	1.8180564176850484	4.479805994442891	1.844113510095348	2.167017641305529	675.23688	0.0072288679000559	1	0.4498
0.1099623684210526	0.0	1.64781390950181	3.700949826756253	1.624706956933078	3.0490950664651395	1.6784609097683512	1.986814818844522	548.99656	0.0051715112900032	0	0.41672
0.1330857894736842	0.0	1.8491481649391788	4.57636564346165	1.7353773954556426	5.5737736900780375	1.8164906317895329	2.2834710433763195	541.62076	0.0077655048239231	0	0.4278
0.4524605263157895	0.0217599991489859	6.677211109512211	4.079040118952707	3.230983989587981	3.8718690281718406	5.49711888092508	2.6803890188354056	544.0776	0.0121694688811722	3	0.43312
0.7156392105263158	0.0578908109825649	5.961756119463443	4.315172530556519	4.728995946223569	2.059632407002824	4.270860639661079	3.889489559164733	476.24144	0.0056371495215682	1	0.43496
0.1893397368421052	0.0199369622805304	1.9059503970926728	3.732166655493732	2.56347632565285	2.1138102694762217	9.685473637739657	4.503696055185902	611.66892	0.0116283677438076	1	0.487
0.1801076315789473	0.0	2.16341670212213	4.96512216632913	2.5735133030159094	1.997679313357783	12.32414	4.236285444298155	801.04216	0.0130952523490611	1	0.46856
0.3255918421052631	0.0	2.0201756599334764	3.62687258438027	2.601359195725646	2.2808960375697094	12.764754375	4.086627830611113	767.19512	0.0096257933500233	1	0.44632
0.8447315789473684	0.5733542457363959	12.826839601720687	4.491269275966052	9.22577929158777	3.159086172344689	9.083765779966638	5.5468759008165405	627.89644	0.0108441975444555	2	0.44972
0.3757910526315789	0.0207122775932758	2.9344010776086846	4.001788421459014	2.315912550997105	5.244798779696223	1.9315919739718237	2.629870732852123	515.07576	0.0099416903782153	1	0.46736
0.2647947368421052	0.0334231916168114	2.198054597443723	5.349332083970344	2.2699738075150813	5.943272194415174	1.9216211921495456	2.684529423419853	530.60272	0.0050704361962132	0	0.46868
0.2251894736842105	0.0	2.1644536554454192	4.609747786552906	2.165755763999387	7.538026717709456	1.8460600945307224	2.474811557788944	579.72224	0.0103366834089861	0	0.47556
0.1931631578947368	0.0	2.3373077065305043	4.1006651664818	2.034746655559273	6.210535164271047	1.9198930489840127	2.377327337135392	627.82148	0.0075855099864742	1	0.45424
0.3035736842105263	0.0148000001907348	3.0825385319042766	5.553140313188721	3.0933583200928023	4.829374064287058	2.39514190130841	3.453959938171499	690.14092	0.0074662619071672	0	0.47252
0.4962197368421052	0.0	4.790804166709946	5.503274975583376	10.650603642185123	3.650372951435108	2.8840112011645265	3.5259973319011078	556.37324	0.0060232480355395	1	0.43784
0.6203065789473684	0.0214902592892468	5.412879026472146	5.119121587462083	4.746160586015661	4.602459040844424	2.776757230626348	3.105064504897016	519.28192	0.0076097867343881	2	0.43268
0.5213697368421052	0.0	4.139785498159143	4.371866192076708	3.525848671520327	5.992457676005428	4.395879355209817	4.057560372610481	593.70076	0.0086442246186207	1	0.48104
1.0083618421052631	0.028638740508787	16.349871224000292	3.882445436665281	13.256434278187022	2.7783926897021107	5.804958792463864	4.006211474984237	470.0546	0.0086740558754521	4	0.45092
0.2501368421052631	0.0	2.332045213887412	4.058597991023723	2.477992199679153	1.7471538442992502	6.052446111191244	2.4941432136686505	404.7988	0.0065127442473874	0	0.38064
0.2568342105263158	1.7143082931052127	2.439213336039025	5.685564209670815	2.108222196995486	1.8317600129239104	6.411229109238403	2.3849482725711013	411.43976	0.0046492594802905	0	0.38536
0.2656078947368421	0.014509802939845	2.495040995662461	4.41328095365418	2.357496285364794	1.886351702928542	5.55005845903885	2.2454576883186723	423.02228	0.0042814424948657	0	0.36204
0.8689105263157894	0.0	4.161308025451345	4.539035265073623	3.062832697819017	2.058588879904416	5.206967435139607	3.1151653514103805	493.4622	0.0074588842454727	2	0.39312
0.4303460526315789	0.0372026139454276	10.612203930628375	4.046432964721629	5.463971534551254	2.0639186061688712	10.09837616798828	3.547834462434185	520.93924	0.0083529895832082	0	0.39376
1.0339881578947367	0.0282324504802161	11.911020505618763	4.333319030110468	8.122956352308444	1.6072811245067808	11.016029104628444	5.108685721257969	413.356	0.0084342760016813	2	0.39708
0.2017657894736842	0.0323268029468047	4.356780608885096	4.839249643531225	3.59638019479121	5.760165867565116	2.150032969146247	2.2966914525444286	403.32256	0.0060790323485346	0	0.41112
0.2904421052631579	0.0205324331326951	2.1933046414376567	4.372007475532991	1.8210691395058125	5.758334660896557	2.055179602768977	2.432331154684096	510.58564	0.0071385918333249	1	0.43092
0.2432355263157894	0.0222172064108175	2.0171752201737685	4.40013348700729	2.022047291695988	5.446944415282365	1.7952809459611043	2.0605628021472846	559.79992	0.0050132522306722	3	0.4102
0.1603171052631579	0.0193169625706642	1.844579207644504	4.242993559760019	1.8685040277928928	3.900787810889536	1.730712483479515	1.852100847984709	636.40024	0.008082241092219	0	0.42932
0.2398802631578947	0.0	2.582300289058704	4.166151678573905	2.0865798295562983	5.272969724830893	1.860951877313591	2.1266437502082933	663.86212	0.0078333970556539	0	0.42168
0.2146565789473684	0.0	2.0753131452060933	4.515356254948872	1.7541494063158718	3.2731457200164664	1.7650967081075617	2.231330124831808	623.4606	0.0073992175393595	0	0.41432
0.3212463157894736	0.0148000001907348	1.8467422196330092	3.9200025884361738	1.7317466466379674	4.844773229911215	1.6425613305215934	2.308553871924381	658.0618	0.0085847001658117	0	0.44796
0.3479905263157895	0.0	1.6584787019899427	3.39475734991955	1.94718223200864	5.8784560327198365	1.93711797636326	2.118578083052438	735.44032	0.008277078209309	1	0.4358
0.1481434210526316	0.0	1.620875897384508	3.583233555486899	1.5403623468074743	3.917088179106479	1.6810364465110137	2.2138436393943004	764.36232	0.0075517567432277	0	0.42076
0.2813281578947368	0.0	1.559408779226339	3.084835728369617	1.8078274836535613	5.698762257501346	1.5511917454806023	2.171850211522859	805.40192	0.0201601139500561	1	0.50008
0.3984863157894737	0.0	1.5023258966632804	3.5333549613384867	1.9545804161056608	5.102783961853826	1.6058167631665567	1.8891323354086635	826.7604	0.0203913474926527	0	0.48888
0.4847605263157895	0.0234861903720431	1.7655047173420857	3.971749906776585	1.9154376086452436	6.034276383196722	1.5645210363883073	2.349888392857143	774.65548	0.016424852589509	3	0.49144
0.2685794736842105	0.0	1.773532730318126	3.379547644539614	1.8957554487272343	5.224311277033985	1.8835586416773384	2.1895946068502674	713.27784	0.0090700613179627	0	0.44752
0.4230231578947368	0.0	2.252906519129904	4.404005019143528	1.971917770461804	7.75569907466092	1.6356648885053025	2.5642752917168528	708.36552	0.0146932176134866	1	0.46144
0.3166157894736842	0.0	2.5218524922989336	3.6738244734457446	2.192236061808573	7.154548233046801	1.94244275511034	2.14127427954624	741.53708	0.0119300823425896	0	0.46652
0.2798636842105263	0.0	1.836413172797768	3.918897515899678	1.7888875007497882	6.110607407407406	1.867175566323891	2.036475283683318	757.57924	0.0096197544463592	2	0.45444
0.5526626315789473	0.0	2.409505431996537	4.484542910613138	2.2109369305639226	5.722036326426196	2.0910079969247444	2.550944125962891	730.01868	0.0072982904851086	0	0.42728
0.9470315789473684	0.0	7.450469215333277	5.317867947317284	3.698914567461516	2.151043386243386	2.646926030992493	2.7047248878815644	601.87424	0.0057054642284179	0	0.4266
0.5998986842105264	0.1095574881384787	4.385486981450455	4.275744736017172	4.03032981978061	2.2271901603334	6.4788088481770965	3.753344308316149	517.899	0.0121314963438318	2	0.44076
0.4062565789473684	0.1463698487285621	6.941698651580814	4.002530335317013	3.741027024198316	1.8917484625353	5.23373637621703	3.7932477323008458	578.18476	0.0111776223418291	2	0.44988
0.4369986842105263	0.1522511971645527	2.7892919040012027	4.212929771734717	3.53940967530143	1.909819184968352	4.883363630912097	4.028840099319151	614.97884	0.0092727843428709	0	0.47868
1.0947881578947367	0.0303381932737764	13.228185461541065	6.670396546563106	8.044014575684983	4.3954877046172856	2.9900231458369264	4.7136813906876345	544.63528	0.0068645412379503	2	0.41528
0.6794118421052632	0.2229719461578631	3.809760340587608	6.852796261930011	8.69206542779993	2.2317686620116617	7.996119171770568	3.6760386055626606	451.43944	0.0064363076899858	1	0.4072
0.6030223684210527	0.346049637247054	3.82952354273203	6.871593221685257	2.5263864143429857	3.199829784029072	3.8724556956660106	3.851425515632636	478.72216	0.0070750622379253	0	0.43176
0.8806855263157894	0.0148000001907348	4.937992557090556	4.229306694688829	4.729465713007776	3.296950308732726	2.107890299868134	3.769097254704422	531.82092	0.0086652510744683	1	0.48072
0.4329381578947368	0.3874422284880394	4.704039706139596	3.884842786916199	3.6209537383234767	2.0874261110705685	6.491372271147552	4.059935129828006	553.83936	0.011806739455216	0	0.48088
0.5383605263157895	0.2892666641049079	2.171112826783148	3.364152816717888	2.49606587262154	2.137508924925241	6.180977766220257	4.0660652313083325	474.4138	0.0073187945974574	0	0.45416
0.2275105263157894	0.0	5.212548532868774	4.308606360926739	4.00150904110899	2.3085700606099686	5.021824873096446	2.770786986445812	353.4776	0.0080379769921653	1	0.40888
1.536596052631579	0.0179372722452337	14.095257702903266	3.724054338079941	7.676765682558193	2.455569598347514	2.813561471183593	5.106434685487055	409.58756	0.0109153850987027	4	0.47572
0.295075	0.0167332991439113	2.58717331773503	4.574272595900843	3.437802015486157	2.2358335366790683	12.56581742870798	4.928057490071616	519.92096	0.0053444202763894	1	0.4156
1.7149986842105265	2.130798955510209	26.14840122319917	10.255731138162425	34.38693811923921	2.57642353608683	16.81898476837865	16.67070360040568	549.76032	0.0079525530701875	2	0.41856
0.524003947368421	1.5190767489477524	2.8204951281799318	7.374520432968303	3.000506539923496	2.141136794478367	17.55646875	7.927328577854894	535.14076	0.0051574183585713	1	0.37192
0.814982894736842	0.5186210316638941	9.89542850019054	4.585632247523047	7.889965417178826	2.0229251984545824	8.208628593406054	4.919465212876428	495.49604	0.0105965958922224	1	0.412
0.4039355263157894	0.0024699999392032	1.8463405166487503	3.747222302088794	1.9190052905841088	1.807166922795463	5.0174375269894815	2.709391466915938	450.04168	0.0048490748531678	0	0.41124
1.7396578947368422	0.0335869864811972	11.72885185234875	4.281892183678085	8.888820327256637	3.043514141181881	3.4910989330042823	3.2261820842505053	515.9224	0.0120527456486751	2	0.4218
0.5700147368421052	0.0	2.377871632856475	4.8326961270679805	1.9794194736825248	4.048428791651844	2.335060562945872	2.429493016219259	552.15752	0.0055288920918808	0	0.41692
0.4149760526315789	0.0238431160876446	2.1757113918002418	4.259491533744052	2.112597126556809	4.202303605605279	2.214707022581976	2.190746297222883	475.89908	0.0043601871560075	0	0.40292
0.3723565789473684	0.0417962102675792	2.928695602626828	4.397706606300566	2.2617217372556317	2.801281932734499	2.059680565812669	2.26064764711893	485.94116	0.005581852843516	0	0.39384
0.4302665789473684	0.0581317241841553	2.380178731724277	5.16706287655933	2.274172604162348	3.218440178656782	2.1297643843993046	2.4510910177475163	510.5204	0.0054121666360953	0	0.39832
0.459473947368421	0.2357142531228497	2.742137373416476	4.26473607401755	2.8372409303024715	2.700213310410535	2.929334584295612	2.5447801086568584	452.35544	0.0067320353538499	0	0.40004
0.3058242105263158	0.1533963411854015	2.083288497931825	3.883944857577331	1.7621556256100337	3.087703396308835	2.6867083349213003	2.159613079952063	444.56152	0.0044748209684911	0	0.37436
0.4250405263157895	0.0559860132428224	2.344652224830949	3.978151804339613	2.124461568973788	3.816828106931501	2.397795788612699	2.589947270471464	539.92672	0.0083489181646704	0	0.4128
0.565928947368421	0.0598191169766926	2.006844461905356	4.26808758391757	2.04668398105272	6.423168059777102	2.0760759754832034	2.773361769382373	616.06036	0.0135081152236812	0	0.47952
0.475757894736842	0.0	1.9386651192852808	3.5463014655476286	2.170193581827796	8.076305418719212	1.8547376429588185	2.6890394243659546	620.54036	0.0142682175342826	0	0.4942
0.6109018421052632	0.0148000001907348	2.745508216897784	4.1970627379467	2.5663346581662423	6.499235912129896	3.4207025539952367	3.854380841521449	546.25444	0.0113536217518764	0	0.47392
1.0543165789473683	0.0355972166475371	13.7673282569963	4.753252874889831	11.956390614483054	2.507225433526012	9.739184146311404	5.493613744075829	404.4368	0.008597272274161	4	0.43508
0.9369552631578948	0.0528644748086005	8.958977961486946	5.162895553129099	11.25968692701858	2.315960165522259	3.920241531838685	3.6711834927662266	420.72368	0.0051100752745305	0	0.43896
1.1711489473684211	0.1098355179792277	5.180381455638818	5.678007544237807	9.6033008358701	2.5257223574893595	3.203660726242189	3.092953280077463	595.52544	0.0065117763363087	1	0.4202
0.8246036842105264	0.1255758232035826	3.747469565851987	5.455292627799239	6.829353176265872	3.63815398837354	2.6290747575156246	3.306333207118516	642.23952	0.0078887338564676	0	0.46452
0.4281826315789473	0.0234650938239405	3.2433722243487213	5.981252624212736	2.377917705537642	3.80804466689793	2.277484737101096	2.6725909435623945	555.21532	0.0059531181879078	0	0.43708
0.8327413157894737	0.0223513815286276	3.082036490565505	5.50110960689184	2.897421865083355	4.790038202655994	2.146421620463946	2.6173549827530613	562.2444	0.0063975891430588	0	0.40848
0.6396513157894737	0.0960247975522071	5.707989034807633	4.704520012542573	5.350015751677672	4.315124733633977	3.980613109354413	4.083980620018958	634.66212	0.0109849168810598	4	0.4594
0.4464760526315789	0.2787887591654605	5.9831715982057165	4.632966226484925	3.9690087055179104	1.9087292984467048	9.203657921291624	3.8290735694822886	594.5758	0.0075160292278843	0	0.38484
0.4480113157894737	0.186125777326456	3.5852316175824783	6.04420535826327	4.623155602831242	2.111548215614236	6.967537840565086	4.550898712438359	608.68288	0.0046774485068636	0	0.39272
0.3867455263157894	0.2641455260538813	2.428456969961977	5.88879789775442	2.414155965355445	2.489327662499463	5.916858162385212	3.1706987752751146	638.36064	0.0091474321405326	1	0.4424
0.3645334210526316	0.0212576927800037	2.091728030502173	7.798309919401174	1.8077497575312136	2.4465096463022507	2.2110455966738822	2.272730720779382	639.3188	0.0069710557859084	0	0.43236
0.7433834210526316	0.0249928627450017	4.493030173765054	6.060835848115344	3.688957240076365	4.302591962207788	2.3693445179836248	3.1966078433783838	619.9814	0.0117522903311252	1	0.45128
0.2794618421052631	0.0267593285345262	2.3886618034126363	5.188433681262729	1.8731176178853692	4.088302566411526	1.8695819856234477	2.322966113601819	570.57404	0.0072125599005643	1	0.42108
0.2167302631578947	0.0194933642049276	1.7143985713499932	4.952564524291498	1.7724343071610522	3.812549787063703	1.7535267641522636	2.077124204413606	576.40232	0.0076997191516441	0	0.444
0.2466328947368421	0.0275978720727915	1.8383674836406196	5.018739482457533	1.5818310028491167	5.3575120239469936	2.009454238541306	1.9717345763437888	639.785	0.0078732457774526	0	0.41208
0.1894855263157894	0.0252920521630181	1.7669952463867364	4.591709920269369	1.9754943836841852	4.722063932126394	1.880314186110428	2.0044362317868645	623.77548	0.0099757806653485	0	0.44276
0.1257934210526316	0.0236270261143971	1.963115186218038	4.309090041817054	1.9409256403249573	5.648091626045258	2.057108024989312	1.950368033957948	514.65628	0.0070896392555096	1	0.42308
0.5106894736842106	0.0	2.3520123714367687	5.054892331241878	2.0213382152530364	7.123198642146305	1.967525595413799	2.3102410021069644	460.63936	0.0116956657268194	0	0.46972
1.0366868421052633	0.1129776165580079	5.87323364935839	5.553915899370444	2.9250984733354524	4.671575643579784	2.3525170296863176	3.805155202192225	462.48064	0.0110954136002764	3	0.43992
0.2867868421052632	0.1393847234855315	4.059989791481019	3.6345864966089687	4.047894189350291	1.9959570486994929	5.1548787213660585	3.027504505238755	513.7006	0.0089732855898667	1	0.46924
0.2158684210526315	0.029041292046915	1.8425749894732344	4.2907509161973945	1.7404027601045848	5.631177732518671	1.8674588410176436	2.126904669580871	481.478	0.0113486050074591	3	0.45372
0.2589184210526316	0.0	1.8001429577593315	4.9404897690992255	1.866240349581335	4.679013296309231	1.986392698850024	1.8537081841292236	466.1616	0.0094626893616774	0	0.45452
0.2187736842105263	0.0231193769723176	2.365902513484896	4.481017791224906	2.051365103210738	4.374851946029668	1.969048948847238	2.3786276011441005	520.30324	0.0101270202500592	1	0.42172
0.3900105263157895	0.0	2.5977067032235266	7.036540412358943	8.888486404762684	3.133623247468691	1.9720854564334875	2.3235296105705907	585.36224	0.0052640009545315	0	0.41896
0.37125	0.0287284457567826	1.7243610078806078	3.873183469873151	2.0837552646092083	3.6957953595163433	2.6839080190049143	2.6753791795157653	631.93988	0.010555999101225	1	0.46424
0.3088671052631579	0.0197853263706217	2.245907737929286	4.934012209008097	2.7242726292422748	3.742608784998715	2.5304958756405616	3.370087247185217	604.75928	0.0088785321830651	0	0.43892
0.2477934210526316	0.0	1.9021170093132629	4.720229141436676	1.907706638030022	3.709424157303371	2.684551449925627	2.535650822855093	606.5398	0.0089808632827155	0	0.4318
0.3076092105263158	0.0148000001907348	3.5544494774078736	3.998583392614629	2.446958490711752	3.789781888621479	2.5685029087543274	2.856913531148807	597.49956	0.0075830638251935	0	0.43792
0.7049797368421052	0.0	5.655358360843642	4.178864960354956	2.82607382137705	4.363971010296284	2.45480756086346	2.9212374164156074	562.499	0.0158186222878273	1	0.45128
0.4805281578947368	0.0	3.194535420946934	5.0255199762864216	2.971933638090364	5.618326441418726	2.0883565047311943	2.5943238537434707	563.39992	0.0105283600809293	0	0.4504
0.2980802631578947	0.0	1.7013144603844936	4.95368338544924	1.609510981827416	4.88763662171753	1.88796653954976	2.1799141484600377	560.96104	0.0111162781425083	1	0.4448
0.3692973684210526	0.025662977279947	2.221277433828633	4.301731263900211	2.0500765520844046	5.43007127291793	1.8479233769334853	2.040247900187556	693.80744	0.0098559379254018	0	0.44788
0.2954236842105263	0.0281620393536708	2.5404837066045416	4.297561156352447	2.4233319465972616	6.783228795495677	1.82987485815032	2.8952436407069406	846.82436	0.0096823368422073	0	0.46388
0.4551034210526316	0.0265610134938326	2.100373296108659	4.250748744954041	2.2444308905063868	6.863977153308679	1.9076373910621196	2.177809175932244	754.9108	0.0105104490911259	2	0.45756
0.2513123684210526	0.0270059877585458	2.081917206014861	4.645641279366701	2.1365762535842823	5.317857785200411	2.012737514881052	2.357580314547506	617.4776	0.0073348657448502	0	0.41456
0.3547118421052632	0.0216716263534837	2.024660876974289	4.652645066462168	2.611572693308525	3.4425769876543213	7.481585237004248	5.05211169631257	668.96608	0.0103265584267938	0	0.44064
0.3795407894736842	0.0	2.284929319634974	4.851760302214811	3.101437501754752	1.9661060368417944	10.242894539078156	7.441828240003782	819.0452	0.0095903655179283	0	0.45632
0.2772434210526315	0.0	2.333528909310201	4.269382942706315	3.1143385013010327	2.30122469351645	11.024627087550607	6.761698648288344	857.71912	0.0091422659517737	0	0.44332
0.2863186842105263	0.0	3.760218563409083	4.132328082549606	3.709920559750476	2.2279336644681487	13.354961760280842	8.08495810211318	772.5944	0.0056264611019983	0	0.45468
1.4456926315789476	0.0558369435685316	18.28145684381281	6.027792664592602	16.900425073365415	2.1669804714839174	6.686054470956858	7.559228695127034	669.33788	0.0140454817743336	0	0.43924
1.3880526315789474	0.0177384101791887	4.918989260519942	5.250147132796782	12.484165170420862	2.6848595598056484	3.988730193969593	5.172564742616468	629.73788	0.0050029752993758	0	0.41768
0.7142110526315789	0.019643296182683	3.953291668857526	5.1998892348698185	3.978694378865389	2.616192957035638	3.668454458166408	2.8375499827873845	625.31992	0.0052748867096269	0	0.40076
0.6517299999999999	0.0132421704203889	3.33701698215328	5.017538774671301	4.017800968965866	2.728403252106509	3.3154680075337377	3.292342927021007	629.52224	0.0056608066899636	0	0.42536
1.04194	0.0	3.888040176143879	5.086890888994158	9.017984265690718	2.830121070613668	4.388720017596472	3.993751940808591	682.64224	0.0063235753778149	0	0.4458
0.7732010526315789	0.0	6.34659743947154	5.207368023658215	7.126523123398949	2.951171040408732	4.413644147867401	4.684525588655308	720.34092	0.0070612574508961	0	0.43404
1.3518168421052632	0.0	5.76961028912975	6.07902256819628	12.425576416065882	2.6121060932511324	4.727135914250525	3.8424910891089104	695.95552	0.0073188300205328	0	0.4468
0.5257184210526317	0.0	3.893586302665215	5.699659500367521	4.018214909129899	2.340627822791516	2.522779024048323	2.4503048535131926	591.0776	0.00566833922579	0	0.39996
0.6494278947368421	0.0163978116994419	4.335590820836095	5.973995158907296	6.962244552406444	2.284337860438561	3.1356916075834014	2.913405485926566	491.05588	0.0050620547865068	0	0.40536
1.3281	0.0163978116994419	4.999718370776628	6.702307462545786	9.356690603894467	2.5426927708341984	3.5246708564124414	3.5908906890381176	455.51696	0.0047110236007325	0	0.40148
0.4243552631578947	0.0259573689678259	3.2159844940891587	5.8904687450142	3.4756027019547853	2.36586705113022	2.960405898035802	2.6504258870256465	446.58388	0.0052255260068002	1	0.40464
0.3961657894736841	0.0337155698760738	2.9550298971971944	7.498005122345934	2.520223515775511	2.43212239570158	2.685376165289841	2.5482918301728352	475.48016	0.0054283583306214	0	0.42344
0.3335578947368421	0.0	3.157396524306499	5.020627224161507	2.736784911562968	2.816895223132458	2.390757186042937	2.5353329420970265	529.28304	0.0047280214871203	0	0.391
1.0182894736842103	0.0186137953144449	5.208377046464601	6.338625139726792	6.968956977531055	2.9567958238364827	2.942693510519684	3.279501462142832	578.72272	0.0071854544923761	0	0.4196
0.4749078947368421	0.0	2.662728390142485	5.898227304950634	2.311223500481535	3.1608968858131488	2.383305388910447	2.687433687619828	587.7172	0.0062665475609197	0	0.39924
0.595371052631579	0.0148000001907348	2.787380068507523	5.901423240938167	2.406884178057175	3.6984970984497383	2.21033109353226	2.471342519580198	548.61828	0.0045337870209707	0	0.39168
0.3128184210526316	0.0	2.311416857197719	6.3787516259105095	2.2830030275348188	3.477260945379141	2.44204886747443	2.3994369436430274	539.28544	0.0042741100077769	0	0.40448
0.2924605263157894	0.0	2.5574457449617385	5.110156565020161	2.458361581822812	3.631362683438155	2.415698215952383	2.6324431441640943	679.2816	0.0075337093941955	0	0.42472
0.392582894736842	0.0	3.653185717554264	6.675702581103481	2.8592380601823018	3.725342457119705	2.6828961746008813	2.906004491528139	665.17468	0.0068688303239205	0	0.4118
0.2578907894736842	0.0236739997863769	2.346879525090771	5.243447466497503	2.124204667326284	3.2780692627692742	2.129181870781099	2.2977992621310253	508.55728	0.0042753729613914	0	0.38464
0.3251078947368421	0.0	3.237090151906774	5.146196667098949	2.5951832621002326	3.2703445336676795	2.5209081341151705	2.512658389427818	545.20344	0.0050985855520122	0	0.39468
0.2523552631578947	0.0	2.2140909744259742	5.773131497747626	1.8152197503786072	3.887315744417912	2.173018468529703	2.530156124165217	627.46252	0.0063750859297198	0	0.41376
0.2133697368421052	0.0	2.0026009777260376	6.336914416079595	1.9359029881898355	3.5673930706654584	2.2071654034057784	2.4321035245074976	575.63528	0.0066962456943883	0	0.40984
0.2498602631578947	0.0	3.322739599743051	6.798785605289929	3.2695018927984023	2.1899242795111484	2.8869777777777776	2.715121932366124	486.07688	0.0054423597666971	1	0.38592
0.3566713157894736	0.0153257127241654	4.712677647542685	6.590256370295333	5.30941873190002	2.7637029747937323	2.994612256385	3.348755214702891	435.86052	0.0051485457001714	0	0.39968
0.2326934210526316	0.0164433338023998	2.706927264336168	4.841642601626016	2.1937005159991645	3.6708255696134415	2.366636306249876	2.6600420615943072	459.5818	0.0069107921198361	0	0.41264
0.28337	0.0	3.8962155408653607	7.129407688552215	4.076739052627712	3.5311495481823827	2.4804899629234187	2.504634190010591	516.86108	0.0068733340155727	0	0.41356
0.1314115789473684	0.02405878004989	2.9695795820077464	5.179681678887159	2.289779749353538	4.4158581102870045	2.0137740737021788	2.4702820139950536	567.50164	0.0070756395184117	0	0.4086
0.1337565789473684	0.196600615672576	2.122240896494638	4.866141387542731	1.817636043197501	4.743139020782426	2.20876269229988	2.4843038981702468	599.55976	0.0057572430796482	1	0.38348
0.1717723684210526	0.0	2.2794462758731555	4.664400195340192	2.1763386588128792	3.729920855866843	2.0309859034167745	2.186310634913992	612.0416	0.0057833680678115	0	0.38976
0.1024357894736842	0.0	1.8069970299750884	3.689861300034023	1.87622882709744	5.2199604729614615	1.9727337324824	2.1005984220109246	634.463	0.0056007657988983	0	0.4036
0.1629747368421052	0.0	1.777860350847834	4.176167203178157	2.0945459881496555	4.957325831593376	1.918183401207695	2.046290763250956	671.3996	0.007208136189317	0	0.42812
0.1091210526315789	0.0	1.8049721054420624	3.563139083486378	1.691359529148551	4.542689092323737	1.804727273410348	2.1899580730395747	687.04184	0.0065924939437298	0	0.41452
0.2490021052631579	0.0	1.7026446767592898	3.262249179358795	1.885543167161256	3.2423080428037814	1.7116478844859022	2.000135540094692	690.3382	0.008475932020019	2	0.4222
0.0996426315789473	0.0	1.6379451187098717	4.286685174159345	1.7438194950133694	3.234875902219027	1.8014582566307824	2.109050779214816	671.57772	0.0067869389945093	1	0.4244
0.179878947368421	0.0	1.824243818903972	3.536145636743216	1.8208489137265984	3.3487755939948944	1.7734436385874068	2.1343702300000205	595.47944	0.0056881974717974	0	0.39196
0.1838407894736842	0.0408851074735267	1.7049277986672842	3.873283604357211	1.7263749450194152	3.131412124744972	1.8129072642171675	2.030497504914562	525.51672	0.0050073216685828	0	0.40384
0.1637776315789474	0.0	1.9437974093756745	3.5480768585534896	1.8493034561424269	3.874110952917991	1.8806585333216008	1.632324939216916	538.60128	0.0069078611304479	0	0.41028
0.2683368421052631	0.0	1.523200064568328	3.5301876559748493	1.6381078041670083	3.958558641185964	1.8339605608261316	2.024717372480316	616.16256	0.0069367604912729	0	0.45264
0.1413947368421052	0.0	1.6488000549580728	3.830645193558067	1.988570040926032	3.5297211225788208	1.7256579396483067	2.067994612854084	570.83552	0.007704244674339	0	0.43156
0.209503947368421	0.0257879830081458	1.8639165273692155	3.893712042138234	1.7817486164794978	3.828498463142262	1.771921458625526	1.891636918826566	469.2788	0.0074501158913794	2	0.40564
0.3426855263157894	0.031715099628155	1.9860962721542068	3.6136051440300103	1.7286358304523222	3.0794806457716444	1.869340290719344	1.6992565109699351	508.82444	0.0058005181195981	0	0.40432
0.3777947368421053	0.0	2.2459312216251286	4.002265869066229	1.7001927189884996	5.067765206015149	1.8724357090374724	2.1252666232896003	603.32048	0.007342309824351	0	0.41848
0.2976852631578947	0.0	1.876734481233876	4.081012558408553	1.7802322006071254	4.135532889190127	1.6662393845087295	2.1740437462546014	663.62508	0.0074448987159308	0	0.43432
0.314145	0.0	1.9260246062441675	4.559160951055478	2.095436213899202	6.115655974325479	1.866576556184928	2.04724309201857	688.49844	0.0074887202872598	1	0.44472
0.3415592105263158	0.0295351793666085	2.3781387887573158	4.195946080878682	2.163123699001356	5.763262515809865	1.8056350993108656	2.3708617079343024	660.17516	0.0091750220936186	2	0.44424
0.450275	0.0990375876426696	2.3556882364527514	3.4582473847838835	2.245332697478006	2.0345936736054524	7.07026184930494	3.8710708075548914	607.70388	0.00998980585519	2	0.46344
1.2489276315789473	0.19859976086293	10.686948456916376	6.419032874577346	9.203264305023188	2.7111078009382408	5.78132242432755	4.274425159859063	586.17556	0.0139037722552523	4	0.45216
0.722575	0.0	3.680307331104728	5.617602948049207	4.128757023923732	2.8131587584437394	2.1480647981486243	2.396253489670575	504.17524	0.0054050671953138	1	0.42884
0.4436118421052632	0.0	3.07392729628791	4.48624884401646	2.113076146813166	4.262900854890641	1.9691279871323528	2.0993057521467766	379.4178	0.0062403524202634	2	0.43592
0.5317921052631579	0.1281501088823591	2.374614726926912	3.64181396519488	2.2512529408631994	6.094303880440482	1.6162612128869234	2.6505192069476946	367.9204	0.0123455349386614	3	0.47684
0.8648789473684211	0.0295104024061842	4.75102632785943	4.097501984010618	2.219599825761669	4.67379390141873	2.048192580465259	3.013094647928722	453.36424	0.0249639172913221	3	0.48536
0.2267644736842105	0.0261848318532497	1.786191406689325	4.4945368409026	1.927219249312389	5.877652707732465	1.7086260123446384	2.2536722465221826	524.08016	0.0078630625941472	0	0.4748
0.3297328947368421	0.0259649540960989	1.8584698632331904	3.3027964479645	2.007830710481237	6.352880369783754	1.6494320867688876	2.43745706449922	499.39912	0.0061619913312617	1	0.46508
0.2905355263157895	0.0330336871083234	2.173241804187412	3.636295360474825	1.9899671476005107	6.86728821955811	1.834816882129704	2.4119170908198933	452.0784	0.0096023586588396	0	0.47484
0.2855118421052631	0.0284687488625169	4.373132321528252	3.595374321531453	2.045796245431314	5.401567286831897	1.933742545050385	2.2194004658152244	382.5766	0.0069840307733065	1	0.47288
0.3641447368421052	0.027186038950781	3.202374480092268	3.523389830175086	2.3262778238249884	4.34855400513163	1.9784729665242704	2.3857185411201223	278.65636	0.0066574330824613	1	0.45932
1.589171052631579	0.0626757980941178	9.955254765279443	4.098135697358027	11.97236014502306	2.4817885319177155	4.626858589444762	5.422711764575955	266.42212	0.0104118655400942	2	0.46068
0.4217328947368421	0.2584948928549269	4.43636670872195	3.6519155593084753	3.851740440404097	1.5687958150184682	10.497986099126097	4.058212094653812	369.88456	0.0049552723955406	0	0.41804
0.3096223684210526	0.4457824270361155	2.038801137495191	3.519531397982293	2.297267822075877	1.923297916040566	10.651018563408034	4.876903988566975	438.50108	0.0035820887188262	1	0.40804
0.6019142105263158	0.4081771383300801	5.111586458229813	3.349449263865119	3.354080527820744	1.965636980039967	5.757177232207845	4.779716232352321	469.48056	0.0125372348188915	2	0.46232
0.6599357894736843	0.4857342471906302	2.535469786943041	3.346185988169045	2.7541670962957463	1.9189033135279103	5.79197920420034	3.881851560825773	494.15968	0.0123432275048248	0	0.48116
0.6082052631578947	0.0270782308956785	2.728526968409803	3.901169198143751	3.1975751428924237	5.317099296325254	2.0310719727843707	4.679726970944039	536.48408	0.0081919175084899	2	0.46496
0.3150973684210526	0.0187617521831232	1.6861712223082492	3.5447748806789527	2.117610503450992	7.046425304878049	1.6859246952137863	2.44161554605912	629.60544	0.0128797729103004	0	0.4838
0.3023407894736842	0.0170722336924518	1.7279100272885537	3.467944944326016	2.0189783623663384	7.961689771858968	1.953268835566024	2.3772734032270058	651.3802	0.0112388119898824	2	0.49496
0.3264618421052631	0.0148000001907348	1.871388835893901	3.853440544508208	1.858343536884674	5.8626332681189695	1.7252600158972409	2.112845559995345	699.22436	0.0090673793692799	0	0.46036
0.2817394736842105	0.0290099966759775	2.045878225001032	3.926680867386497	2.007834096979672	7.169001578282828	1.6673082380435695	2.220261323378157	800.27712	0.0132256902141781	0	0.46512
0.2106605263157894	0.0	1.936875386454936	3.7239663766018	1.760537481612812	6.046419458762887	1.80514047682354	2.249517735898487	731.47456	0.0090646243227229	1	0.42872
0.256095	0.0	1.8858162208703952	3.6112772648239706	1.8743746927930955	5.849379623995132	1.7002957359580784	2.4062589094153166	614.36088	0.0108305304671736	0	0.46416
0.201105	0.0	1.63421345418755	3.907287419258466	1.734891674271028	4.788078520779798	1.792167890726568	1.8971552007295749	536.35528	0.0095996026862018	0	0.45464
0.2727105263157894	0.0	2.063924112715875	4.226722323284824	1.8997242667700065	5.3120388552834	1.9477967562772949	2.2076802812151928	500.2606	0.0098504211649123	1	0.46012
0.2281763157894737	0.0	1.7141396608149986	3.373024832705981	1.7938413848707455	6.15134034533274	1.6758375621205566	2.1316375132158822	562.10364	0.0098258667667122	0	0.46408
0.2755297368421052	0.0	1.44656311609651	4.499257743243664	1.5368249096274855	5.8099994370048655	1.648627422982187	2.0669084282086985	580.43688	0.0219761023874493	2	0.49936
0.6507623684210526	0.0148000001907348	2.5733386398340423	3.919057212668748	1.9460691457671533	8.380061486338112	1.8008797102504852	2.8009031462968244	536.699	0.0222159667077485	0	0.493
0.5171178947368421	0.0	2.3868861447036798	4.119559734442998	1.8018134107094967	8.523208440820525	2.3050307979586884	2.8717539685358147	554.5434	0.0180377569254706	0	0.50252
0.3155663157894736	0.0	2.049343194798233	2.9533310073462724	1.9169110461949337	2.5691433402233907	3.0356097287184287	2.7837525269863064	600.44192	0.0105126629005986	0	0.45916
0.3207276315789473	0.0	1.9206447934680655	5.384651750276607	1.891937533133509	2.6981467236340704	2.5311492571780465	2.606690827989964	634.36	0.0100818266058143	0	0.43808
0.2665186842105263	0.0	2.0897994853702917	3.780063441168307	1.7871832500944838	2.53365782821492	2.959314087026692	2.9420472908568835	662.48152	0.0095951059129658	1	0.43976
0.2345378947368421	0.0035564032467928	1.9430548420994345	3.648487032506556	2.2553008276380395	2.93448362907417	2.694922984054573	2.727842028699342	679.21988	0.0075590070224334	1	0.428
0.6120105263157894	0.0	3.4771204542869016	4.429122052842168	3.939851414037882	2.1128850510429644	3.219982685712383	3.0824242424242425	694.6602	0.0099386654591034	0	0.42216
0.3021578947368421	0.0	2.1764169403635862	5.440028821243524	2.2487703028811903	2.0044046875915176	4.184487316421896	2.901392156862745	618.23616	0.0093567114006771	0	0.44488
0.2922631578947369	0.0	2.1370840396895794	3.4966105231778206	2.0297670151167586	2.3209365997001177	3.2247392118723432	2.4528248805302915	546.1184	0.0097208636581897	0	0.433
0.5325447368421052	0.0	2.207662302199845	3.9482123917567296	2.28806938436752	2.1177901334101965	5.367006087082216	3.037444145773075	539.7184	0.0089158409421934	1	0.44352
0.8546552631578946	0.0521472864981547	8.248324672432966	3.927514387989203	11.63747457416033	2.061615785690165	4.758288989746562	4.6033875200683765	462.57492	0.0100111757051418	1	0.47004
1.1282868421052632	0.0172410687196601	4.929764664343019	4.466757390993173	7.123513753112158	2.5744131770998875	2.5616855710811226	4.088764856218612	408.20088	0.0149172120182128	3	0.46876
0.5897184210526316	0.0	4.238934537303411	4.316594663278272	2.362396659040898	3.1602094616253837	1.9055116656210416	2.317998827765218	381.76088	0.0138747743616735	1	0.4618
0.3428157894736842	0.0	1.8367853668104497	3.605999108482554	2.0616809999258785	2.409832472097001	1.7343371373417362	2.073002673788988	432.10196	0.0065205590364161	1	0.44184
1.3346342105263158	0.0420090451885764	10.815593312677592	5.762702951029301	13.354962805558776	2.254688654515613	4.688334378055813	5.4953738928887645	506.64224	0.0111236041627911	2	0.42572
0.5688907894736842	0.1071255567583046	7.143681249836016	4.677088817976333	3.965267412440183	2.1297156929959287	7.38164824185387	3.784813739984304	540.80008	0.003739159699468	1	0.36444
0.1230802631578947	0.1128535525266145	2.0033236024798287	6.0912663442922295	1.9925312424155133	1.7858144927285484	5.785144416236775	3.595052534719993	487.23504	0.0038311190854275	0	0.39504
0.4001342105263158	0.3764904552606709	2.5363940148859534	4.337335118324665	2.6245586591504595	1.9922949230083824	8.687494742312408	2.893219328128468	380.9992	0.0040608795933337	0	0.37388
0.5550552631578948	1.3301381079569408	2.6210173255309197	4.293019684125992	3.5849130215349327	2.052270980728148	9.68992336683417	2.952329808675053	400.46332	0.0048716530603871	0	0.38656
0.2289657894736842	0.6987857120003341	2.05565994897081	3.974217379661245	2.5312716964246587	2.118110572094064	8.769648944903182	3.663646273235878	503.96224	0.005920037933623	1	0.40616
0.7970236842105263	0.2689625993842091	4.053568722966555	5.633398520788914	4.779309038222605	2.1050738594589715	4.9635466681316265	4.969956993841667	551.98116	0.0119473148024432	3	0.46116
0.2531381578947368	0.0357146467840872	2.7361040756485044	4.577938157959973	2.620140447533451	2.1161693484520305	6.894559197154472	3.8005193538485367	541.47864	0.0076390709887357	0	0.43628
1.684890789473684	0.0536414202111836	12.599840122024398	5.2493641090843886	13.182992832139384	2.3026104696588248	5.261556733682181	5.618372439478585	498.49836	0.012183358921917	2	0.43708
0.457075	0.0148000001907348	2.3322656252620284	4.314030482361887	2.261257287717774	3.3440517869813284	2.1424106745737586	2.138505616966231	417.65604	0.0088947351866785	0	0.46316
0.2636486842105263	0.0	2.345893448114419	4.406372253668416	2.041947862962698	2.3619704816469422	2.171890765441831	2.063429805615551	371.31896	0.0039468207575117	0	0.39012
0.713575	0.0	3.762879251311737	7.621907701792975	7.6187255339742785	2.1591823806276498	2.789671714729812	2.6727623257037623	405.44336	0.0049569881071939	0	0.38416
2.0398613157894734	0.0379841982894598	23.79978227163497	5.936937823834197	32.55559014883766	2.2295185863585623	4.974416772548473	5.985264668819735	474.70164	0.010077034258036	2	0.44316
0.5294771052631578	0.0234795751466166	5.366373917815062	7.3973226861167	5.1271787620574205	2.599469626805942	7.533086312462967	5.521196983524664	461.8186	0.0043460991136992	0	0.40028
0.5290392105263158	0.0385782327822584	4.528343062924489	6.482107719475278	4.914194436649833	2.189980712808294	7.806628364364554	4.414945819910338	477.66476	0.004528909464233	0	0.36896
0.9671697368421052	0.0293265739045404	5.077851892979089	6.068768958543984	7.3684913330715345	2.3142810898866117	7.903407603222558	4.98988485238053	605.22396	0.0038495378112617	0	0.37792
0.6875986842105264	0.1478407617747944	4.362455074788179	6.34430159376272	6.3203261777950965	2.2700412246937685	9.008409917251756	5.026040159309658	617.55584	0.0042836877152236	0	0.3818
0.3476763157894736	0.156773813790584	2.3982896893229886	4.919268427378748	2.8094425527436884	2.099665933310079	9.479019245235706	4.335918173564664	555.61796	0.0032040908141784	0	0.36556
0.4691994736842105	0.5391962531316555	2.6808314299906577	5.320216515609265	3.4660344079822627	2.2294635243481484	10.6577700146674	6.985621015908233	533.92064	0.0061812572133365	1	0.42288
1.0116307894736842	0.0192510414394297	3.983807067272452	6.799072990844353	3.707864942524836	2.634594745356167	2.481256980478729	3.476633712837718	470.77748	0.0092870354479726	0	0.4452
1.6482455263157894	0.0193166729673095	11.736446345988536	6.516618769074263	14.70192577754401	3.161968983193095	3.046148699750458	5.789669570262177	442.3204	0.0091121114322367	0	0.47292
0.3554663157894737	0.0178481719314292	2.414269639486492	6.156110043907794	2.159934606249964	5.102256150522947	2.258848843464228	2.554496092352273	570.88704	0.0078166961245677	0	0.44828
0.275608947368421	0.0	2.2451095629148776	5.780962640020366	1.8725350906122835	6.85566613529532	2.116970701603723	2.218183242218706	692.3034	0.007554677063998	0	0.41948
0.2902265789473684	0.0	3.1509514672066525	5.806934216906416	2.266362658373392	6.247526775468571	2.135322058439077	2.4504087680700803	722.34028	0.0080260386164398	0	0.419
0.4479986842105262	0.0047486631628026	2.439561737651483	3.9879331556959112	2.208003607121988	5.762865003965236	1.7541333743396337	2.254096946369488	721.9386	0.0134861364832345	0	0.46576
0.2718115789473684	0.0	2.13119950413726	4.551693163231927	2.0136680660148385	5.460446615828425	1.9014303681370444	2.2901302561412717	752.66396	0.0109535937484222	0	0.44024
0.3547463157894737	0.0	1.8932853660742808	4.03383359053498	2.0532089571429983	4.89377767573064	1.8574419080217912	2.224573159044734	866.12448	0.0069210895767282	1	0.43328
0.2388444736842105	0.0160860872786978	1.6035618743583593	3.359920910493827	1.89343712745646	4.928605004105124	1.8078168468098688	2.154844784768212	865.01596	0.0097250577035371	0	0.45484
0.1952044736842105	0.0	1.6472031794134592	3.644865158492048	2.395559523649688	4.536252233925245	2.1940418104645167	2.363907824066894	843.70156	0.0085781951563147	0	0.4522
0.2455471052631579	0.0	1.780532397480261	4.010083865683866	1.7812636486461786	4.63717508358222	1.5680573562633098	2.0619817663724263	809.03704	0.0081974425406666	0	0.438
0.1203934210526315	0.0062641508924136	1.7502383243764126	4.036566586152455	1.7943105113641642	4.071213216128278	1.735203488810756	2.120802556670794	757.58052	0.0086721980566838	0	0.40756
0.1136421052631579	0.0	1.715727934738098	3.9092967541460704	2.015724524741331	3.8415025932826423	1.638446181856026	2.3434098421426586	771.67952	0.0088287144021777	0	0.44888
0.1394157894736842	0.0148000001907348	1.778470116959416	3.5856495621818425	1.833463954032504	4.179762190687211	1.7530071886966418	2.155586615487316	722.15408	0.0106155988548783	0	0.41944
0.2005026315789473	0.0	1.618246174011592	3.541111256287973	1.8427929912809653	4.515514857765561	1.6504520122659658	2.2963822389987087	618.05956	0.0113808129757292	0	0.45432
0.2663026315789473	0.0	2.1917966146969614	3.661903409128066	1.7017486501116537	4.49491333165534	1.895478293016318	2.0706994064936577	601.47968	0.0114283776428769	1	0.4216
0.1184618421052631	0.0	1.9042755774902065	5.346234002853126	1.7043964889709076	3.797336935409824	1.9132672837159503	2.4288102996105856	667.7034	0.0056760686851599	0	0.39912
0.2032065789473684	0.0	1.7183864802024806	3.8559120297805647	1.8387668218189488	3.032428202689852	2.4510798122065727	2.627976999477261	690.01844	0.0099450415572699	1	0.43944
0.3219684210526315	0.0	2.1987191868972924	3.8564147262026616	1.9578971119146071	2.6558058025572797	2.4996794334675783	2.7657740165700453	677.84128	0.0061927410627287	0	0.40932
0.244278947368421	0.0148000001907348	2.011523126411018	4.020764784946237	2.170296529827283	2.274180397083354	4.104034640251498	3.2333563767871265	682.68008	0.0063630960447823	1	0.42704
0.3619381578947368	0.0	2.2061902978389725	4.4344755306086645	2.380761105553388	1.929166868280448	4.8899996689289855	3.2507390120922754	686.41916	0.0064192509275324	0	0.40504
0.1801881578947368	0.0	2.2212529700352506	5.049650649744748	2.7371309465690774	2.3131542927398043	5.429913749041656	4.074294638383163	681.07984	0.0056623343248928	0	0.43924
0.8682105263157894	0.0091858678612827	6.468242152428571	6.01407759189875	11.27973069283857	2.1494261670687527	6.977186866125761	4.325200746582257	643.01932	0.0051163435533116	0	0.39472
1.6810578947368422	0.3969823412397909	19.663182028591248	5.941872489959839	21.244167679103363	2.019957123158378	7.937083233771405	6.751707507181391	622.33964	0.0057250922111202	2	0.389
0.1909657894736842	0.0726462914691044	2.26539842199442	5.1922769198546765	2.392268061925272	2.145529084119808	4.75107334351542	2.847603592314118	641.7996	0.0046937618039285	0	0.39652
0.2557315789473684	0.1011605361071729	1.987736692807565	3.815851908683551	2.233544023727036	2.4729596337211746	3.955110855268896	3.4133234101895265	621.5576	0.0078346269070751	1	0.42236
0.1723602631578947	0.0460040513600725	1.9298637959901528	4.313362137184851	1.563259421118077	2.712307115691583	1.9524526097462391	2.3602081617714337	550.95768	0.0045603929710388	1	0.39064
0.711537105263158	0.0579003465789931	3.239294397400018	8.19333000174581	7.003669073407044	3.251770003881001	2.4290245388760003	2.9132611163846853	509.80112	0.0079514510042527	2	0.4326
0.1632355263157894	0.019252724283661	2.0085270489811538	5.776104695431472	1.7141229345875642	4.236005847647888	1.8536639975145228	2.0812892191794767	556.74148	0.0065443622414504	2	0.3998
0.2342934210526315	0.0202444559141142	1.9292711638402225	4.193269376899696	1.889990702516113	5.788588896044083	1.9192190329763708	2.166617225185405	616.00136	0.0074825861804976	0	0.41496
0.3437444736842105	0.0241538421857939	1.9341645751515004	3.785920984455958	1.9086061834580936	4.946602740549804	2.0114295285152	2.307782886861766	537.97556	0.0060113782922309	0	0.40968
0.1466002631578947	0.0326486749726004	1.674495050624939	3.786553618957672	1.6252860540865486	4.326648685999598	1.84076406151504	1.831890403555738	509.90188	0.0075337934260157	0	0.41804
0.2121223684210526	0.0	1.564335156101674	3.650530716652925	1.905593732692464	4.496211973172145	1.5908693986978168	2.0573333192904117	617.92208	0.0115246405193034	1	0.45768
0.1888197368421052	0.0	1.808894479612897	3.680261240404533	2.013967685153118	2.9970602234535377	1.81993132811427	2.445942869347002	560.87648	0.0120280812423018	0	0.4316
0.1983934210526315	0.0	1.7574924745369576	3.6493743278912896	1.7173026390684174	5.753306885893637	1.83493677999438	2.191942271005557	492.42004	0.0080890222918286	0	0.42136
0.150275	0.0	1.7649368997585642	3.527286894698449	1.6244650874772657	4.690200944438863	1.839456251311412	2.0901465211688204	513.0816	0.0073934296357982	0	0.42364
0.137168947368421	0.0	1.6351147393046983	3.5075836226721933	1.8504001380786257	4.4509942962342	1.642544173231402	1.982754276827372	517.39904	0.0100875019200584	0	0.43824
0.2447815789473684	0.0	1.7068222450388897	3.5989273831500745	1.7344196483727938	4.017743726260429	1.6350263430346257	2.5091011592715087	521.89812	0.0078126549991965	0	0.42804
0.2581521052631579	0.0	1.755484999625492	3.788022112484661	1.8562572480599644	4.87368397196186	1.8229790256963785	2.194595636142501	501.08016	0.0066792643238516	1	0.407
0.2812868421052631	0.0	1.6794842502785987	3.9542762009731622	1.8821251300583064	4.097590860170544	1.9501905357213944	1.8793153895732084	539.88392	0.0062310484757142	0	0.38504
0.1747447368421052	0.0	1.6033711932091042	3.0657320528624497	1.7712210801527568	3.900921003369524	1.7518304241168494	1.9537676188319613	580.76064	0.0059351958632819	0	0.4034
0.1595447368421052	0.0436474919801781	1.7345908479052414	3.5187064435472384	1.731084940140414	4.12230615883164	1.7911388434896742	1.9611330170947237	595.92048	0.0072652960101295	0	0.41008
0.1744752631578947	0.0	1.574651521280678	2.8537186605569262	1.854673112458108	3.92403875170054	1.6490424434110191	1.8726488195676103	691.52672	0.0080990500583017	0	0.44476
0.2150563157894736	0.0	1.7335656033484268	3.716892437512382	2.384622359279453	4.219699710308769	2.008105405655759	2.2591394735816963	765.27992	0.0092132395362503	0	0.41736
0.2263315789473684	0.0	1.8646653324437603	3.688708640050491	1.861568296986834	4.550971459934138	1.8960880089545349	1.8850596538396909	710.65428	0.0081113918244488	0	0.41868
0.22085	0.0206953145407296	1.578961126526458	3.8532573895715703	1.638699908059813	5.451092585616719	1.737786574817262	1.9647495917189823	673.17988	0.0131756641487864	1	0.4388
0.2393236842105263	0.0	1.9116559589825823	3.7443163897034863	1.7025149110373208	3.618456605278115	1.8025827952509892	1.9643101390482849	604.75888	0.0090280005941671	0	0.44004
0.1561315789473684	0.0	1.9688096843733909	4.636604511375388	1.7241558005288589	4.414119179742577	2.07506858829658	2.08180395856674	557.41884	0.0079685547365511	0	0.41736
0.3930802631578947	0.0	2.1111222404691787	4.709315503126984	1.899550806748616	5.2700198871972095	1.7237851325783542	2.2693856428403407	580.76008	0.0079320017234016	1	0.4354
0.2563907894736842	0.0	2.8482942210420914	5.365574134149094	2.052936350826068	5.920100880293002	1.8043568047661689	2.210289389221014	517.7758	0.0091808117614072	0	0.43692
0.9682052631578948	0.0	3.719035861332335	4.98551468591781	4.879788650913781	2.9566845988049137	2.438798929230391	2.962627590305281	489.97948	0.0137501515021394	0	0.44864
0.8542447368421053	0.2575043302394847	7.759014962248291	4.75936545886306	5.739411330129297	2.2954623547246085	9.67938313253012	5.541310663879163	513.60416	0.0127767451479505	1	0.45516
1.055536842105263	0.0	3.3614264874557644	4.9491285754893655	4.793119731580437	2.8699960194252045	2.58041577714137	3.5775856902117527	585.64264	0.0069202360446312	1	0.4322
0.593178947368421	0.0148000001907348	2.697808315250083	4.425137075482865	2.455969213140659	4.134817268868413	1.9491041452552245	2.529321160693992	608.05764	0.0089664347996606	0	0.44028
0.2251	0.0	1.9491207602102767	5.540344347385745	1.736737033458412	3.853579106042732	1.7481914342318503	1.786588578333542	641.52536	0.0059501428714394	3	0.37556
0.5158947368421053	0.0	2.4325270704985638	4.006454376283368	2.429252529265157	6.212560211256403	1.9571156771318277	3.038901695401612	787.44616	0.0126239663333752	1	0.4754701880752301
0.2481315789473684	0.0	1.95346363263306	4.468807984575252	2.228165913112671	6.232760039552168	1.7621148900471717	2.375672727272727	869.12016	0.0085784672735193	0	0.46648
0.6468763157894737	0.0	3.096716888828765	5.646204163803985	2.7214291435504703	4.549124515620178	1.9666987286717963	3.2470131550571484	854.47968	0.0129641744881693	2	0.47316
0.4606026315789473	0.0	2.5874875014107594	4.666180752108633	2.2174594318239955	7.394826619031949	2.0288278784600124	4.696425457123224	852.76072	0.0137001172000169	0	0.47636
0.2452157894736842	0.0	2.02244796779702	4.365721891061993	2.073613980833153	6.097564876618929	1.5916283350670146	2.4609080742298266	901.34052	0.0150155687184894	3	0.48808
0.2988592105263158	0.0	1.798553071569811	3.770946089304658	2.03667526205145	6.148424292763962	1.7233808233546015	2.160027764241341	851.15696	0.0118082097734072	0	0.44684
0.2028318421052631	0.0	1.7193640403354251	3.701484032346491	1.8498483035074773	5.615349170055679	1.6556249319535232	2.432515869720591	728.59568	0.0098906259680144	0	0.44468
0.4543034210526315	0.0	2.125657654878436	4.393989169096677	2.1485339015217413	7.733799311455733	1.7328569106514289	2.56661896341631	705.98036	0.0132345457657996	0	0.48028
0.4365844736842105	0.0	2.356057015050217	4.802919050320071	2.3026230083949546	6.4949248401957504	2.1011295762135083	2.5214370437133846	787.58396	0.0118489328206637	1	0.46788
0.5826986842105263	0.0	2.7182250509771526	5.763177613375379	2.0976759548513764	5.1666326620209615	2.0368750247320566	2.658897526251483	781.22036	0.0091532759253768	0	0.42972
0.2720660526315789	0.0	2.5860947781427623	6.223834832085868	3.020431334648814	3.1160180227735466	6.639977918755038	3.676670200722385	740.8356	0.0076949277986498	1	0.42968
1.3925563157894736	0.0354898018555162	16.91078247743607	5.115713742393509	12.670198434326691	2.360839582028013	10.450989371181263	8.890085257577338	636.194	0.0078038648050935	2	0.37804
0.3752368421052632	0.0202024477736631	2.620826967959103	4.428087137297483	5.209137746046169	1.8060914106081456	9.537429924242424	3.458793713130372	543.57948	0.0044868101987505	2	0.36712
0.2676655263157895	0.0159856844747319	2.194862383904246	4.587405236250722	2.2106116951618784	1.97234288473164	10.304327209181505	3.49948813154754	536.2376	0.0039507670756473	1	0.3758
0.3329907894736842	0.0	2.3386688159339517	4.152868690256582	2.4590742773783587	1.7270399617490828	10.288041897370372	3.140699377454596	514.70012	0.0043658108275076	0	0.37968
0.2244805263157894	0.0205516666173934	2.295495525130496	5.580392712289964	2.306023014263201	2.192286723517048	11.195354375	3.769237794641058	502.02276	0.0041093151075349	0	0.3888
1.3083284210526316	0.0265469673272189	12.138579180626422	4.167707483067037	20.04317826434345	2.46872617034921	5.635547655975818	6.651289511785487	552.56136	0.0102376974539897	3	0.4652
1.4982081578947368	0.0377934782639143	18.384818846379662	4.579905898207419	15.503797784456768	2.856015565195204	8.13953215448763	7.19074655077439	580.75856	0.0081897908019143	3	0.43092
0.9925697368421054	0.0244562822925157	7.745708612436677	4.534270264187744	6.339244269433658	2.2302224097143624	2.259409713976309	3.021424866203777	552.46004	0.0101952717166087	1	0.44248
1.3526539473684212	0.1372995724566769	9.533776403960454	3.721503145236464	7.514457369009223	2.181092272511422	6.035375651854893	4.807717233833326	635.60312	0.0166896256693321	1	0.47072
0.7812881578947368	0.0384161301647579	4.797181820964025	5.327960541444964	7.273196560242713	2.180411215368633	4.4437056359701455	3.339652089626566	645.26332	0.0058111768110184	0	0.41776
1.348722105263158	0.0505382930066448	9.837011766115596	5.773744969818913	12.03020993882668	2.4515055676195727	3.5744504125929817	5.144405506248255	661.35872	0.0104136638936926	2	0.41592
0.43633	0.3841249929199193	5.248093631462346	4.059358535640496	4.0014141444486055	2.674718870751518	2.7660709426245327	3.2499212168486737	743.1612	0.0055695242364441	0	0.40276
0.2318168421052631	0.0781988637383407	1.9019587671799263	4.618173828125	1.9271904522399832	3.571613827566024	2.1115196948819066	2.684051569822402	741.4218	0.0059150751729397	2	0.39248
0.2971773684210526	0.0773708945555661	1.9065351743269905	3.8372492529692894	1.8287725695440396	3.9897673782624303	2.067165845453057	2.477733221835437	693.99376	0.0081884050163977	1	0.4352
0.2020576315789473	0.0	1.935602695419094	4.038541819264792	1.7623338002068387	3.5770703788278	1.6875831226847249	2.0320934292328654	617.2618	0.0064372109778488	0	0.42764
0.2936186842105263	0.0	1.6842192124850537	3.481223912887648	1.5681885211837367	4.739099074307802	1.592496597532297	1.9547287640022195	657.50236	0.0081787254752657	1	0.43752
0.2693013157894737	0.0	1.923260831200812	4.593713186406072	1.5607112580921212	4.000856199165308	1.84632777390576	2.193829026182055	706.53852	0.0070859005769035	0	0.41852
0.2035697368421052	0.0295899987220764	1.7061708490601366	3.546897926967999	1.540353080705272	4.35371153340923	1.8118506965292016	1.9508580285847728	717.02356	0.0133012185681567	1	0.42988
0.2702684210526316	0.0	1.6988783061545971	3.5706715106032823	1.944185542076552	5.563444151376596	1.6700284079065697	1.8879444206470308	819.40408	0.0101281233375913	1	0.45432
0.3217447368421052	0.0177225752504999	1.62294123190414	3.567618750081569	1.90208922063944	5.438877411764599	1.6463080586004222	2.293192590447544	838.69764	0.0133688203279411	0	0.48728
0.1527473684210526	0.0	2.1542761042989103	3.965206120988793	1.5690865277975423	2.855129089827484	1.961005685376652	2.1254095284463785	755.1176	0.0072491478259072	0	0.4036
0.2766868421052632	0.0	1.7440822614102385	3.214566937873928	1.7091119367152343	2.671470693994966	1.723873714876473	2.215271409152696	738.07896	0.0084395905714525	1	0.43616
0.1873144736842105	0.0	1.7738327020467155	2.961010994967048	1.5573098198402977	3.067651182869971	1.5629691443006666	2.271025427270329	740.68064	0.0068829289223867	1	0.44348
0.2057513157894736	0.0	1.651166795057479	3.0014500052023725	1.6981293005266698	3.1163952165006217	1.616450797423083	1.9044713927875636	708.08008	0.0084980443488499	0	0.4336
0.2632552631578947	0.0141373831906422	1.5594093995157134	3.192143866055741	1.5647730306476089	2.9546224949201165	1.7208561955374757	1.878313172823168	704.5592	0.0080386037152304	0	0.40676
0.1463368421052631	0.0	1.6825778110159475	3.824545044586523	1.7813580714303192	1.9803003541789157	1.857593692045529	1.9249369917663417	745.84464	0.0067765412137087	0	0.41444
0.18045	0.0	1.7623586009290555	3.269746526342244	1.803555330473064	2.312298269691658	1.5205632038885195	1.9682318675539363	824.73772	0.0076887884493435	0	0.42964
0.3133421052631579	0.0	1.6078133296418702	3.152670435735659	1.7045027204562482	2.707468657714381	1.8028333160316967	2.035151736079468	741.23344	0.0095878184121496	1	0.44352
0.109328947368421	0.0	1.6115722285348029	3.322614471687524	1.5963960291821309	2.94590047282468	1.596792828685259	1.905073956735144	625.78228	0.0089574858672478	0	0.42848
0.1579315789473684	0.0	1.6336321300344363	3.472694234160965	1.851305677117897	2.8441490957671105	1.7268522888154794	2.123363706870252	709.60496	0.0110380819883767	0	0.45288
0.2082355263157894	0.0	1.5884397417143166	4.482754676440849	1.5716559381715858	2.2300089290403906	1.6299005535792823	1.6476062433039935	759.6578	0.0093137197070086	0	0.44568
0.2012144736842105	0.0	1.5890418300488818	5.428149158564246	1.5316590227106637	2.176111029086077	1.846637314658336	1.8344444314445836	813.8048	0.0061229268813483	0	0.4258
0.2204302631578947	0.0	1.5850868638797366	5.015912631116136	1.6176084350679791	1.887307733191488	1.4885791557837351	1.642247648112039	903.94052	0.009864329547023	0	0.44856
0.1298734210526315	0.0047741931292318	1.56330324751466	4.20243896414027	1.6910248710463802	2.0304711488290152	1.5320349725924205	1.833983850886609	713.70888	0.0073646518299509	0	0.44488
0.1346626315789474	0.0157330643657532	1.5132820503797768	5.377838482482318	1.751223822769416	1.961997895811402	1.5805009547343591	1.7317307315942785	538.0994	0.0070879845957545	0	0.43524
0.1316126315789474	0.0	1.6712140705165643	4.70515625	1.6227040886237316	1.7712361373586785	1.5132951734032118	1.8420078693246915	624.48376	0.0091063819024492	0	0.42668
0.1034171052631579	0.0	1.483857068457796	5.0757187183384	1.6776849297235377	1.7388547278206314	1.538759779998451	1.7184659704615368	614.07648	0.0068859116905226	0	0.42016
0.1623086842105263	0.019138792737891	1.5052974809855582	3.626877928817629	1.5660158052451862	2.080116603270556	1.4502883637694717	1.5924774481468231	648.48512	0.0046561463917704	0	0.40476
0.1655873684210526	0.0	1.7452385250165858	4.091301454929307	2.1196574791485663	2.267792908183902	1.7251746168996491	2.025128859862834	785.98412	0.0092778594024391	0	0.44208
0.1679263157894736	0.0	1.6428320446025155	5.206117278183344	1.777871930790653	1.6415752383544768	1.552024939210674	1.830300097975282	804.19752	0.0089276615090229	0	0.43904
0.1852684210526316	0.0	1.616362878614783	6.238138017961242	1.4635034586517215	1.662343606014819	1.6025290020459122	1.713976503932687	711.41564	0.0082131184039396	0	0.44172
0.1541578947368421	0.0	1.873986945927023	6.044726720971091	1.571508877974162	1.7862145974049677	1.6634921119220736	1.5609002054549783	582.55784	0.0055884059864633	1	0.40156
0.1054965789473684	0.0	1.5588582794429744	6.306110862333674	1.5035289343773874	1.934202756484404	1.4164353990069671	1.684269047237085	600.86132	0.0063441975532384	0	0.4194
0.1673455263157894	0.0	1.7286535998853954	5.8442660030241935	1.4000376348572432	1.6867403203216005	1.6163586082066883	1.8374277386537088	609.69764	0.0067874924924619	0	0.41592
0.141	0.0	1.6147043742725675	5.888731934584179	1.522772486046441	1.5680463295147982	1.4254128236718306	2.019837249596044	525.33844	0.0059602559820518	0	0.40732
0.0645157894736842	0.0137872717597267	1.570682802440635	5.630345837823276	1.34028404215076	1.7269917763499625	1.5796663647784042	1.4795000857464538	504.83848	0.004739192068419	0	0.3878
0.1187881578947368	0.0	1.78699937065798	5.816491462793069	1.6265018287299309	1.7487613015676688	1.714123504155547	1.5390104810231386	486.24008	0.0056366774908935	0	0.37576
0.1095134210526315	0.0	1.6360726204333658	5.73327440754411	1.2904684349218434	1.7605325168188255	1.5041389311086557	1.564423344388574	476.60064	0.0055838538291173	0	0.37588
0.1152905263157894	0.0	1.5273342617722532	6.098904914639447	1.4770385939426636	1.9299524958223275	1.531777783331251	1.7674570285054143	537.64184	0.0081508357731384	1	0.39352
0.1413657894736842	0.0	1.5870399998451408	5.605332434011549	1.3520933133762425	1.7073733748484776	1.5336570724025986	1.7032105516814038	549.8182	0.0054617447643069	0	0.38912
0.1059552631578947	0.0	1.6126930088708695	7.112203777542177	1.3804446701721669	1.8311454311454312	1.534462953184845	1.6186423131205483	497.54092	0.0070042941336772	0	0.40276
0.0998236842105263	0.0	1.5702466384184617	5.756243289877301	1.189870065736429	1.777190664905328	1.5545690833345116	1.5614566518250992	542.20048	0.0064993336076596	0	0.3894
0.0783697368421052	0.0148000001907348	1.5064592785036106	5.347972420837589	1.4505202363845424	1.7017896380219537	1.4990418245833452	1.6239124874617483	525.25852	0.0051578358277853	0	0.38152
0.235525	0.0	1.7052459588325448	5.492265223535457	1.3074060020373033	1.5958780780463508	1.5672784864375562	1.6457217164219684	502.6808	0.0053799758805246	1	0.39792
0.1281263157894736	0.0	1.7168660394282065	6.422279800907258	1.2358049629023278	1.637055946150226	1.3770339274733472	1.5708373593453309	520.43856	0.0077450206096207	0	0.42108
0.1108052631578947	0.0	1.5344143717477712	5.750449016272427	1.252446055420916	1.6075429465988291	1.5837706587295377	1.5906565767659486	480.79944	0.0066022525877286	1	0.38828
0.0773552631578947	0.0	1.4839818896884232	5.409075567045114	1.2921140102981123	1.4254191457749272	1.597392830283279	1.6310931152412378	515.724	0.0054105724105063	0	0.39368
0.1591447368421052	0.0	1.4198362510364526	5.818585179065247	1.2566757881213175	1.7099038457298386	1.392468768590125	1.5593528645227348	601.84288	0.0071873638138525	0	0.40524
0.1788868421052631	0.0	1.6312164619871523	5.905584697171675	1.344614668114556	1.614156866281092	1.4800474137979305	1.6032106813425318	657.40232	0.0063899392038057	1	0.41552
0.1975947368421052	0.0	1.488211671130544	6.1766451125690285	1.5095472427484935	1.5602564974028792	1.5377856698411785	1.684941143836529	693.93812	0.0069621635769044	0	0.41592
0.1676052631578947	0.0	1.5957573696600558	6.184759736180904	1.4049434211590237	1.595071988151505	1.460036251745456	1.7897662406411994	633.29756	0.0080224149231349	0	0.41184
0.1499552631578947	0.0014509802647665	1.4913895775936172	6.3206240549395165	1.3822800796708794	1.6627110250613777	1.6095738605863692	1.7973314226508197	596.18124	0.0066195366236742	0	0.39552
0.1742171052631579	0.0	1.5819022566282754	6.180728125	1.1907983884453184	1.5318644352628097	1.4693089788982534	1.502455899811059	619.71888	0.007617484597143	0	0.3994
0.1194960526315789	0.0	1.394117564908086	5.725054055783009	1.5689435381102856	1.6218338482090673	1.6118112274425216	1.6028723580834348	583.63976	0.0071041448163986	0	0.43216
0.133503947368421	0.0	1.6435114982774108	5.848300415800416	1.3577720411689822	1.927807087059889	1.6102281579960684	1.5197647635216127	646.162	0.0059997779755381	0	0.4046
0.1995934210526315	0.0	1.5729260244000904	5.5363992730478655	1.3166713461831985	1.433889894643122	1.5035631470655475	1.6214215811203423	683.62316	0.007539584011155	0	0.43
0.1717026315789473	0.0	1.5200065357847978	4.902722489299969	1.379495514706824	2.0488751078606704	1.4527357655822375	1.845000479892504	656.33692	0.0103398605719384	1	0.44404
0.1103236842105263	0.0	1.5148883406268474	5.461998209980568	1.3643160326124526	1.4309181159579212	1.5312190790308258	1.4496782930572696	591.33644	0.0076471311179329	1	0.38844
0.1590907894736841	0.0	1.5227827784578107	6.029240663109756	1.5614265589602536	1.5865140943343568	1.5195567168213355	1.9317254533083985	570.14204	0.0078781236371222	0	0.42712
0.1636776315789473	0.0	1.676107654285652	5.87691029336951	1.6197696511899615	1.4366731886808983	1.4492915392484875	1.7408366509229796	664.70268	0.0077479872889378	0	0.42564
0.1496565789473684	0.0	1.5664941334766158	5.497744799135054	1.2309376972997843	1.776152158010241	1.5010067033618992	1.5114205772489075	600.9762	0.0066432268396721	0	0.41044
0.1131907894736842	0.0	1.5896308295950226	5.123895417091702	1.3206995335297018	1.5432857384451324	1.4157835681336493	1.4761201945660904	564.10076	0.0055917306610591	0	0.41652
0.1037855263157894	0.0	1.805441477201664	6.460985721442886	1.6943837500163703	1.881320643307338	1.8355926566672829	1.8089537074969275	719.86772	0.0055343666671654	0	0.38492
0.231403947368421	0.0	1.61931070512989	6.271054926171079	1.3909172023544183	1.6983293999303597	1.4855568934155003	1.790198863595775	728.5754	0.0074855028987632	0	0.41876
0.2120842105263157	0.0	1.652724579124579	4.599797217868338	1.395637741474689	1.7445769681755876	1.7323474753246069	1.847976022626252	682.33972	0.0062869519120104	0	0.41572
0.2117631578947368	0.0	1.4891174140511083	3.126773052734273	1.48454948748679	2.333944749205339	1.6225998111337387	1.8005435291115552	675.9422	0.0117062016134051	0	0.45924
0.1491276315789473	0.0	1.4960316300585756	3.119669204103458	1.5959059079354685	2.2167068394855853	1.5138173758092144	1.69175564278322	659.25508	0.0070053674631609	0	0.41916
0.249163947368421	0.0	1.4226575266749977	2.9695788883282472	1.618603174686687	2.3933025404157044	1.7385561198800947	1.9111370698423775	697.665	0.0090309913619125	0	0.4514
0.2232807894736842	0.0	1.5255059436554297	2.84146794713366	1.8941706885070224	2.878060554123113	1.867876370399088	2.040873610481213	686.13908	0.0137270012097498	1	0.47964
0.2774997368421052	0.0	1.891344546465043	3.1273434263471134	1.672331162237097	3.360465757330925	1.389847875318027	1.918844521831886	621.53452	0.0167902724149647	2	0.47256
0.1264371052631579	0.0	1.627808200097994	3.0883835259558343	1.6397006962896756	2.7969293863650733	1.4977699555600257	1.991080120250994	625.02388	0.0097498133066471	2	0.4588
0.276275	0.0148000001907348	1.5950462671600882	3.1693336121513496	1.7995216616243237	4.680333209494324	1.5633042626500435	2.3235007629283917	693.92256	0.0135952400219089	0	0.47944
0.2229407894736842	0.0155977940978283	1.6540082172006554	3.097992787751727	1.7454012346285188	4.18267062609084	1.6513095676382197	2.102384731136598	693.69636	0.0113028007137775	0	0.4666
0.1390434210526315	0.0192501203345379	1.67758798273533	3.450277558316412	1.6407580143514835	3.0806265433504945	1.8124169271821935	1.8476634597574664	583.55568	0.0069533509125078	0	0.40628
0.2128342105263158	0.0	1.6320792971654978	3.345617679130608	1.4646293238208494	2.95142186637217	1.543356938408711	2.060944548439562	560.58476	0.0098623540642682	1	0.41536
0.2639131578947368	0.0179917631178279	1.3848155169012195	2.9568727291768826	1.5624376761562868	3.743708734201094	1.7967625974025976	1.8694794540543291	662.94244	0.0141592257794562	0	0.47608
0.1667921052631579	0.0214447802391605	1.7239405158157148	3.1296087671968924	1.635509549023397	2.689791675897176	1.5261468973026169	1.667596981172492	665.81756	0.0081762664525999	0	0.4316
0.2817052631578947	0.0531710551071851	1.7145519069909745	3.135171217646535	1.736570960487054	4.461561806922246	1.553086045228902	1.8947822192424608	703.44312	0.0168630665278084	1	0.49128
0.1706513157894737	0.0251921068229389	1.6882466327053318	2.6399980905809755	1.6393390450359722	3.837396107136916	1.5212840195394275	2.0665519100877123	735.21964	0.0110466523380139	0	0.48772
0.2343407894736842	0.0240313521653056	2.0359254788077137	2.995008373453859	1.813779845550302	3.354420589851621	1.4782030960500303	2.0338911447931878	659.83528	0.0101169719327898	1	0.46668
0.2402460526315789	0.0270236986412849	1.595384850723588	3.225623436941765	1.718449789622833	3.633864513740768	1.655879497125195	1.6318025507437706	609.56256	0.0088045869276979	1	0.44928
0.2886986842105263	0.0	1.4358769550806432	2.7779165832984702	1.6560580629307848	3.662395989974937	1.590819032307805	2.091447884991506	663.70108	0.0153959738358154	0	0.51856
0.2425684210526315	0.0	1.608311712770466	3.157085659581318	1.6634867604842645	4.590432341381247	1.7197988597979428	2.187613914170422	685.71752	0.0116777535984095	0	0.47024
0.2129394736842105	0.0	1.6013311128304075	2.845649712314469	1.6914611131264852	3.6121599645180367	1.4843746613920494	2.061283091576405	638.282	0.0125123244699309	0	0.48208
0.2095986842105263	0.0	1.4816666691071292	2.9475589298673066	1.5541435202807676	4.3021658082738	1.4983000550612922	2.018710026484697	666.12016	0.0086878986531145	2	0.45868
0.1911171052631578	0.0	1.4556198560942757	3.082486943204013	1.7203048032777348	3.5379791429954777	1.6750802976889934	1.7911589349437278	588.66936	0.01059640017818	1	0.44932
0.0355894736842105	0.0	1.8682036503362152	4.047610035211267	1.6639234449760765	3.410368016944665	1.6648475587571854	2.0790927835051547	251.98672	0.0025301614644948	1	0.4704083468249685
0.0	0.0	0.0	0.0	0.0	0.0	0.0	0.0	114.7078	3.605745373403325e-06	0	0.0
0.1721815789473684	0.0	1.345546373415215	3.1766983845480485	1.8018925607174403	3.057471741637832	1.6005596620908131	2.0915902007049434	449.09416	0.0079736226904655	1	0.4798621470088987
0.3068473684210526	0.0252928204006618	1.6604912830488834	3.653760742208768	1.6863722500792495	5.398743857201737	1.464149577704225	2.387900020555156	736.28504	0.0156023098686162	0	0.48684
0.2032368421052631	0.0	1.6316063245293873	3.388678992719221	1.6598745954356984	5.066191851563729	1.5384419719858222	2.038121154398654	743.55928	0.0120215777494977	0	0.47752
0.4103426315789474	0.0148000001907348	1.9835349905996824	2.9961264582072302	1.935087312085972	5.3835744729587125	1.6815904580033187	2.1989689691689813	712.398	0.0190470447793077	1	0.51056
0.3077060526315789	0.0	1.875428225356559	3.423983246775004	2.0594313399491537	6.851244373548968	1.6507156924105342	2.238572092245368	759.28512	0.0154492080551385	0	0.49828
0.2313223684210526	0.0148000001907348	1.5430140248346564	3.530464200356818	1.8681492259880248	6.993882939293093	1.6892303415946608	2.2589510407901283	831.54204	0.0160848916587759	2	0.52408
0.3541707894736842	0.0	1.5978106029190706	3.860768400239489	1.9910310901094064	7.887738019776877	1.5900236361455045	2.710555209914641	799.79536	0.0242933513330712	1	0.51428
0.3353292105263158	0.0	1.9818429770063168	3.4331690397461143	1.7538319248364886	7.548160359327217	1.7591634486388124	2.464117670070023	651.69444	0.0205204690233749	1	0.51396
0.3473381578947368	0.0	2.0507535163182693	4.711827002996347	2.028923808354404	4.592395463691238	2.9885133530850942	2.616321981216952	646.82228	0.0068218686067707	0	0.45812
0.3324186842105263	0.0	1.6072601233989707	3.369903391459947	2.737090210425607	1.735908084558868	4.188155155781956	2.9578115204061346	762.78468	0.0231111160234142	0	0.524326818219948
0.3601823684210526	0.0295900011062622	2.259457787026016	3.974414102324001	7.032834919373428	1.8205130751406815	5.295897435897435	3.28133071412288	765.91736	0.0190299586533097	0	0.5096448381488534
0.7176544736842105	0.0491200838840848	4.184136239142956	3.5254470068453334	8.721823131281061	2.5205561146520554	4.321845045045046	4.075138245028724	640.7552	0.0156594432320314	3	0.51828
0.8149176315789474	0.0491200838840848	7.757184344372157	4.171479529679439	3.732465748440828	2.016719283829953	4.414238459858032	4.173609055317536	582.07936	0.0166885085859719	1	0.48156
0.4236907894736842	0.0	2.2293916504341738	3.2710638470273383	2.4020673910787047	1.9111764892852827	4.528102745288469	2.6654355710866167	577.43824	0.0117195607201492	0	0.46864
0.4334176315789473	0.02405878004989	5.037444944303068	3.767425840367724	3.552220779462267	2.309744199011159	3.901841753123752	4.214542007583316	550.91744	0.0151202531061452	1	0.49296
0.7061592105263159	0.02405878004989	3.964271556675213	4.634249062861854	6.048978406634474	7.0970127197273865	2.6720816563628067	3.0619511407662507	474.50004	0.0208417468810081	0	0.50284
0.2726644736842105	0.0	5.125117356758608	6.641289891968293	3.5601537968240087	2.79643572384157	5.774177180139487	3.031588765198308	431.50084	0.0049774445526564	0	0.40656
1.088780263157895	0.0261129407321705	6.230731698067115	5.00066571888513	5.692461489989125	8.017376249128516	3.707059072623333	4.432667271451312	536.8634	0.0186721247562415	2	0.4952
0.2957621052631579	0.0	2.1013352003121715	4.159359228262953	2.269976714678918	7.975751983111566	1.8242022467883825	2.48997247911622	676.80512	0.0164382471331428	0	0.49432
0.3432615789473685	0.0	1.836006215581927	3.772102773710026	2.0983611686205568	9.360294080284552	1.7030611540293863	2.47873888227631	789.36488	0.018952305271345	1	0.52644
0.2873371052631578	0.0148000001907348	1.8107484297588128	4.49669845459909	2.149107687145632	9.10203003494632	1.6431920363063188	2.767776944758145	852.88312	0.0214161711464208	0	0.51412
0.5426602631578947	0.0186724602612035	1.8160138611935648	3.7155768671549456	2.208182509807963	7.708744996468095	1.601800277809727	2.471868593121846	867.69948	0.0251078924618749	1	0.54304
0.3413921052631579	0.0	1.5980859344467817	3.522111943266172	1.8584508190071063	6.872858911283923	1.6174894031897311	2.274011651945123	845.81372	0.0205164537116359	0	0.5174
0.2713315789473684	0.0	1.7345340032106331	3.6039926010746055	2.193928158100116	4.915870353900831	1.7290225935293766	2.359017212201263	743.01724	0.013240968879882	0	0.47232
0.2248921052631579	0.0	1.912179993218272	4.413744028583303	2.045746009813367	4.513892293088757	1.9193244691710905	2.463375972040897	716.00536	0.0091153982637559	1	0.45676
0.2542973684210526	0.0	1.866790413395808	3.429511882304485	2.0007169821535533	5.307558139534883	1.824080631083151	1.976556466289249	813.42228	0.0155117552538128	1	0.49028
0.3064105263157894	0.0	2.9863493960513146	3.444289471252006	1.7787306153513784	6.431483613501935	1.658457437965721	2.363973644028069	887.05972	0.0180896631944179	0	0.4974
0.2023947368421052	0.0	1.7210906098698011	3.212728684798338	1.8063104017112117	6.612967027749863	1.4958884177040863	2.295256092554117	871.77988	0.0209962854907793	0	0.53068
0.286953947368421	0.0155804742294754	1.6995746981640452	4.080836895880159	2.664412145113004	8.351052847322949	2.101724500076452	2.540753217673081	785.3346	0.0188820908653034	1	0.52832
0.2649328947368421	0.0	1.8173532246910895	3.477785050579026	1.8602959818101457	5.945238785754123	1.547646135078948	2.4103515203672647	658.05684	0.0155304753657298	1	0.50196
0.2948473684210526	0.0	1.823205759214146	4.441796625929862	1.6207982466652169	5.323274340629656	1.6571225732909305	2.3037480625616458	634.92096	0.0122341600968907	1	0.47972
0.4257763157894736	0.0	2.434390414912281	4.652488955301456	2.1804492433783365	5.61498630224261	1.5644304185008835	2.554760296350836	675.51912	0.0219442627399809	1	0.51896
0.7535473684210526	0.0613825768649745	4.392481630559289	4.843063602351683	4.741885842702375	4.53325374173338	2.262594181638681	3.439945735956095	633.299	0.0137188088122536	2	0.47368
0.3355157894736842	0.0491104246007206	2.936695240189604	4.449460191954522	3.0305630968949258	3.928682225075183	3.843924645938029	3.1017545512181868	667.48488	0.0134534634210081	1	0.4812
0.7490921052631578	0.0436592821926684	2.282350029036703	4.659222235572109	2.7217821466443395	4.712268438893249	2.3330254880854806	3.213145637879701	721.8784	0.0165422498173924	0	0.51048
0.8577921052631579	0.0233933991594276	3.7256637030533	4.584749700925725	3.5452719654086016	5.8067913060081455	1.7441065727571357	3.076043993160372	698.21876	0.0119929507205065	0	0.47716
0.6769263157894736	0.021136996937174	4.751257830938759	4.793657293904377	2.431328846419199	6.656111396303902	1.9913499634645664	2.908862266682933	653.48208	0.0163445275663978	3	0.44388
0.4003736842105263	0.0246654902835428	3.3760809101986733	4.1883753604538665	2.3146875317224977	7.651717639593909	2.0479915680584373	2.930267812455448	708.09916	0.0130850043136232	1	0.47248
1.0089881578947368	0.024865420177037	5.174827311553412	6.469448787927525	9.409386635745513	6.662818427749191	2.529505709436588	5.505919978466055	731.20136	0.0154917717160196	0	0.49264
0.5010697368421053	0.0355868439260526	3.1113215247976838	5.820853571017125	2.4416428626815208	6.775538955476025	2.039811026844797	3.2545056879000978	702.41828	0.0182076533743914	1	0.5094
0.2020357894736842	0.0531094381931464	1.9904013113484769	4.6645596684979065	2.035939760033109	7.780524153136901	1.742453884696372	2.409460302715147	731.76224	0.0179499264373148	0	0.52728
0.2014694736842105	0.0	2.3953640020449574	5.484411547482814	2.4024290678179945	6.379306444216366	1.971550179252	3.0245753310212846	796.12456	0.010429235233945	1	0.4657863145258103
0.312921052631579	0.021504799524943	2.116639274606132	4.038397636700648	1.979883325061714	6.1219893501412725	1.9494407464807584	2.647586741737246	909.30404	0.0215711906123862	2	0.53376
0.4121168421052632	0.0269009091637351	2.4738810710394405	5.235915049567673	2.548669652489189	8.287650259067357	1.906651533729173	2.992337475449829	987.263	0.0289596076536879	0	0.53424
0.3040802631578947	0.0230639048985072	1.8727236711015105	4.143400302667737	1.644395772568013	7.062192581300813	1.708401854100439	2.747108145088189	896.17028	0.0216332298179935	0	0.524
0.2550871052631578	0.0	1.786256218403614	3.3193924203431884	1.800545644968578	6.006689563983488	1.7166242976829884	2.266704291987576	752.37492	0.0097579742339428	0	0.44928
0.2554736842105263	0.0244924400592672	1.7376092874299436	3.736674173245234	1.9378736869641209	8.98520537525355	1.727962411346165	2.423706606698397	797.70772	0.0141002617681377	1	0.50464
0.2998263157894737	0.0244239702133047	1.8707406641681388	3.68649395881582	2.656935428509364	7.99026962424706	1.7305078972852035	2.4723972677003143	849.37804	0.0229603887458408	0	0.54916
0.2207947368421052	0.0	1.7746083032872513	3.58834186894513	1.944427922772601	6.128918810353969	1.5736933012536407	2.310767271200915	688.39072	0.0136966719917514	1	0.49412
0.2540084210526316	0.0	1.7324513361088052	3.972215229918292	1.890270228618822	4.329021945272284	1.693191288092074	2.1042282088404605	640.8472	0.006849888870418	0	0.42908
0.5715034210526316	0.0	1.9983410919231548	4.619750197212727	2.5316211817910657	2.736966190104112	9.96745850959974	10.42004501172508	905.2294	0.021204090145651	1	0.55088
0.7776934210526316	0.0998240458607162	6.672575242898342	3.777078227124183	11.673632749576624	2.012564151302034	10.495477513895906	6.565106722256365	847.428	0.0197504733977598	2	0.526
1.0573092105263158	0.3430692988842103	20.97876354891579	3.7811518060660143	12.428219801328291	2.087006275378368	6.134740756787984	7.031102534042745	547.43352	0.0123042307089707	0	0.46692
1.0025065789473684	0.2607775158703683	3.5874188123168627	4.241408372364048	6.085293116222543	2.327354596622889	5.265768666613967	5.037525930834119	506.07824	0.0093188661043959	1	0.49352
0.4414881578947369	0.0335507471175562	2.5663439451150176	4.564174886696881	2.957296699533529	2.867060488948717	2.269693739094459	2.4480230547550432	420.6554	0.0045130596304641	1	0.44444
2.154696052631579	0.0574031109530579	10.179661589163125	4.402441772833304	13.74432127360143	2.1335534608250444	3.80846201279546	5.614752004885364	434.02628	0.012586392015096	2	0.50092
0.6276539473684211	0.0406797553879	5.472337250755676	5.579451608426313	7.819206905818614	1.8833281560452109	4.119205656424581	3.6839480211765583	598.08576	0.0073426710543913	0	0.47296
0.1922486842105263	0.1351119290340423	2.0159042176553035	3.825475516587626	2.3752464241793594	2.061681690054061	6.177861288704528	2.8295639131575987	755.70508	0.0119045159525029	0	0.46384
0.8383326315789473	0.1010634466871583	2.386983379870473	4.434258915019015	4.3691864674337655	2.365275512474726	4.1403947157658685	8.949859608449254	833.86052	0.0164506885679329	0	0.50872
0.95787	0.038123339762985	13.212491007209245	3.82443645536976	13.987378609965202	2.177377734763146	9.67966912640143	17.945550334068603	745.1552	0.0303295681224149	1	0.58212
0.5346394736842105	0.0465350622109101	8.679689878416143	4.629806804346328	9.293828243452191	2.55701317715959	11.165958273060404	10.361274893688687	637.47472	0.011681343877035	0	0.47404
1.4691447368421051	0.035409345538619	14.235474899995364	3.889079512478236	16.711169057243282	2.4179475426534247	5.587940830144245	6.058102846721116	519.31816	0.0082796950853221	3	0.4488
0.516667105263158	0.0425782016498445	2.282993995328501	4.878828620319333	1.941379990179136	5.191458375080711	1.948774073131416	2.8715556587198914	663.29328	0.0138583687664831	1	0.51128
0.6277697368421052	0.0246620416641235	2.7154172528112515	3.922447268703263	2.683093627788748	7.2446799018514385	1.6357717147752735	3.4065955872740528	1033.67124	0.029351579645241	2	0.57044
0.3001986842105263	0.0	2.223945567225546	6.161152444279287	2.300099647204374	4.428415641272263	1.705123359580052	2.354677140078045	927.94144	0.0152415269680934	0	0.49372
0.0749486842105263	0.0	1.4937759336099583	4.157845167783457	2.050849719992197	4.268284291534631	1.291925465838509	2.517638119360456	348.69792	0.0060745447776948	0	0.555062630480167
0.0	0.0	0.0	0.0	0.0	0.0	0.0	0.0	97.72576	0.0	0	0.0
0.2588210526315789	0.0	1.4591602541615332	2.9467275494672758	1.754297211996467	6.412997690531179	1.5761380013101391	2.346518907803039	523.72092	0.0154763483575512	0	0.5639132441162898
0.399025	0.0	1.7483277124861587	4.429228618421052	1.974293580063729	5.906766306087179	1.5276568623524631	2.237045422807295	876.34436	0.0232253635534819	0	0.54408
0.3937171052631579	0.0219211119192617	1.8066377702033356	3.4596658805031444	2.1614594072173894	6.549371185147507	1.6212441651157825	2.4466890785611177	896.1378	0.0254945761124526	1	0.54652
0.3438092105263158	0.0	1.956038338606942	4.75448993869936	2.503514267858052	6.924597494964753	2.0571014867485458	2.739467095505381	887.08344	0.0243036953477999	0	0.5788
0.3493013157894736	0.0	1.6477154017665157	3.498811075061768	2.266140674178798	7.593358125	1.5720115234705982	2.53373067926112	928.22148	0.025756371577908	2	0.57184
0.4267421052631578	0.0	1.83214520681	3.822620090587998	2.116293477286541	7.838398499085577	1.452376025825522	2.590104903164143	926.89724	0.0263785514530013	0	0.59112
0.7539105263157895	0.026346082149698	3.703111053961134	3.2291846234702306	1.96122563658906	4.805954500934912	3.42922336084395	3.9073339238263953	795.65596	0.0371218725785087	1	0.54692
0.556203947368421	0.0161739346759566	2.273532316473612	3.718898196511284	2.1769259147251887	8.242306577620967	1.6352073263800566	2.38698686761532	807.28432	0.0381373387249778	1	0.5762
0.2923739473684211	0.0	1.901027608011829	3.666551605583442	2.353879743939965	6.33355866062437	1.699274202346594	2.495553566099672	861.63856	0.0270191365267949	2	0.5680272108843537
0.4420826315789473	0.0	1.929448262609771	4.321586698031128	2.5727970320011253	7.953366035606819	1.686551905958252	3.0026705163207623	917.90068	0.0231827420434531	0	0.54012
0.4064936842105263	0.0	1.7774685860736494	3.8868117797695274	1.7752244978814202	6.929865981331988	1.5025979270673937	2.542503634944135	883.37844	0.0130489003732625	0	0.49608
0.1067786842105263	0.0	1.898564982523753	5.731370788986792	1.690490192491829	3.335566137253162	1.7596997257360725	2.0047538110040217	751.39472	0.007723955692193	1	0.41816
0.102982894736842	0.6526566459037162	3.313216310028707	4.2422773945385766	3.9602361589974513	6.088707435546145	1.9128853329218112	3.45585399719982	661.58092	0.008066720000295	1	0.43768
0.279023947368421	0.0	1.8832594483891176	4.348629219806504	2.404375503197756	6.676719847254134	1.8778864168501328	2.584840709783502	740.63848	0.0081868071409534	0	0.43636
0.3237434210526316	0.0	2.34092659414432	5.719496970720993	2.0853281343513754	4.953875255623722	2.1284594038317786	2.4627964920361705	766.96208	0.0064486491060256	0	0.42132
0.8114642105263157	0.0	3.220331422078374	5.321291864451477	3.363841954619741	5.3044525642698686	2.076449362955721	2.7047466845083203	704.8008	0.0101735539562561	0	0.42004
0.5824	0.1726871393772185	7.759167787413845	4.623901165741891	4.499815059232046	2.098595237570117	7.8565411500251505	5.479504168062047	770.6226	0.0129139281010978	2	0.4666
0.6934263157894736	0.7041483294500328	2.9566856645724164	3.498541697836836	3.5278834769707514	1.7454588570400724	7.561394392644392	4.547814032611252	799.14252	0.0148691937084759	0	0.50668
1.3905363157894737	0.0709799801453483	9.27465887022596	3.583159071313561	10.873696566772432	2.679985420748098	4.634120033050402	8.596985403842567	869.31864	0.0246884409836811	1	0.539
1.0646147368421053	0.2922586072835441	4.647484382318385	3.869069453546458	6.56679306183277	2.1901243241381687	8.1545386039977	7.588866043410041	955.88248	0.0229726265606459	0	0.57048
1.1312436842105265	0.6003743677173633	7.144578822075021	3.8292245042901194	9.963643062563037	2.188738099835072	5.680127066275298	7.696939945908959	931.12408	0.0229764484141153	1	0.558
0.8296142105263157	0.4957190385157889	10.706224796050025	4.023757735051795	6.755122938365815	2.5142907689144063	8.77037842400419	8.981230100356314	1058.72184	0.0274313642670126	2	0.54668
1.007232105263158	0.097783880643197	2.9888969726433907	3.8650129207752464	4.4932012733587126	2.155328748055351	3.3020207218929207	7.727276056101452	1038.47472	0.0340391133008984	1	0.57616
0.4660407894736842	0.0253497295219241	3.794367929905365	6.5562468334519926	4.180425928645595	2.8995956375567724	2.142237792861835	3.36246318640578	812.23584	0.0116377442284892	1	0.49768
1.350933947368421	0.0578842099186901	8.4650449665557	5.3448045160641895	10.865573142369527	2.212669892479849	7.187256510370024	6.505167699763327	782.27896	0.016945912804884	1	0.50416
1.1804815789473684	0.0708112149069318	7.457195462549061	4.956449882614477	17.80377436294865	2.4447209988501	7.127248182762201	5.171923285627077	869.66308	0.0087669507666195	0	0.4818
1.0537768421052631	0.0258513139901017	6.260042159913954	5.707474044908016	11.61644513326519	2.056391385272921	6.312786380686736	5.50644403930077	1034.56648	0.0220985637624123	1	0.51872
0.84677	0.0468552099133328	4.45911275017051	3.8571598648788985	5.299158484484031	2.3763613399921386	5.296154695435475	5.4654553060715525	1022.83712	0.0230534895882185	0	0.5526
0.477518947368421	0.2121882487941372	2.395488647632152	4.617590281440567	3.930392829511567	2.8579604118670368	7.801797818465133	6.270180868167203	826.19088	0.0209528438228018	0	0.52248
0.4865631578947368	0.84788583536969	3.171905111088394	4.175178383566	3.559761607816348	5.173613227893601	2.524200083022001	4.251745219197325	716.09844	0.0195904960569213	1	0.52544
1.97775	0.0306350968460393	16.71669353903506	5.464575357700302	18.26213169234961	2.7091128700657894	6.1402408179739005	6.944459314468242	739.76264	0.0121331753659949	1	0.46492
0.2525657894736842	0.0778135520449466	3.117110951028549	4.274445328531345	7.5248940498025405	1.864839795903363	8.572046761453397	4.14852260307998	760.47952	0.0090166688981126	1	0.4492
0.3142842105263158	0.1356781206391838	1.9793309884297985	3.4484218709510235	3.2739642225334644	2.26655275995934	9.313072129909363	5.304223091253653	708.57812	0.010231396563018	0	0.4622
0.3444618421052632	0.3514825769701162	5.009177261329816	4.117347010141042	4.21685539973356	2.216802808459628	10.180865317070056	5.72514030665042	715.90372	0.0127325492953552	0	0.48108
0.9108302631578948	0.376282394516867	4.256152454927028	3.477386052179645	3.947127350614037	1.8874625273948664	8.080991065204993	6.924400319233838	883.76472	0.034218190516023	1	0.55748
1.5410144736842106	0.3870582051130039	11.274825091018505	4.195346760233521	10.8415474226773	2.442607455082422	6.041080806154238	12.117160590347028	866.47416	0.0342928063025194	1	0.56428
0.4090671052631578	0.0522448535657848	1.927750418042064	4.012114779874215	2.3284949792429974	6.286556281826352	1.657316138430146	3.006074939550645	740.13772	0.0250758755919512	3	0.5944
0.328475	0.0246284344815019	3.195716543479329	4.16516733903745	3.7568560741306833	6.071156116029953	1.896616724805425	3.266378960825495	743.15992	0.0186806966685547	1	0.52652
0.4524907894736842	0.0219634523705419	2.3024123348728742	3.8867068254043535	2.505766899493483	4.723492489270385	1.767914703704526	3.1930298930332177	640.35584	0.0173312116229534	1	0.546
0.6206526315789475	0.027573852065187	2.3731030633782897	3.6041345408481593	2.316589890673789	7.612895653052112	1.703506033552509	2.815405297282557	561.53644	0.0282205411366855	2	0.5814
0.46605	0.0	1.8938316944015103	3.594428107003645	1.8964340347104915	5.792705238195501	1.5874290150688692	2.290655928690446	585.3624	0.0206540192397903	1	0.52576
0.6595302631578946	0.1041446733287672	5.659399652141826	2.9161314330800825	4.030615732250699	4.593853300651503	2.552812742195859	3.97435987360038	684.96728	0.0431450331181638	2	0.62
0.303932894736842	0.5386480087807326	3.2800979195271136	2.3487441793565407	2.851025696079227	1.809729569485161	4.439543765131108	7.625573075980682	746.16	0.04519550802329	3	0.6354
0.820778947368421	0.0392312094761616	10.10728611949032	3.589643509517277	7.544698728583987	5.52440674799634	2.402642777166855	6.116956182527443	687.097	0.0307841943811669	4	0.5704
0.3016894736842105	0.0	1.908438780444108	4.3257190755208335	1.8798958410668936	7.562094592979241	1.705004637604981	2.3554668904640086	698.16264	0.0200881249652189	0	0.54756
0.2548960526315789	0.0	1.7864796523096595	6.284886394650656	1.8460644704706164	3.833678789948227	1.985797135229338	2.164900255754476	750.87976	0.0155601351118087	0	0.50068
0.252195	0.1051727194535104	1.9213940311773945	5.674733436810718	2.1607739161909074	3.0796170709560253	1.8747648250010769	2.3806060606060604	743.77668	0.0165281512569679	1	0.5388
0.4192365789473684	0.0377859495758766	1.7784441246713971	4.132027874110618	1.654836497369792	4.557867138669175	1.5752121957186167	2.392253454602706	751.54404	0.0265155795537724	4	0.54208
0.2891513157894737	0.0255867246248536	1.735615269254212	3.828931076123945	1.9730381969231288	5.369925806214647	1.7772394261508129	2.29686104720165	756.7192	0.0242054084333952	4	0.53972
0.3293710526315789	0.0310961542413337	2.250197094050165	4.095977925451754	1.926811319164093	6.3537371142731605	1.5178217328838248	2.465779083829322	749.14236	0.0180825764694634	2	0.52836
0.3448447368421052	0.0843587725062113	4.364167214267652	6.027082629267237	2.810112442650232	5.5414888755261575	1.9963051760087285	3.4804911624568264	842.12336	0.0291361344678962	1	0.567
0.2438342105263158	0.0387508344234018	1.7316684496466477	4.641680239427939	1.9748841142330016	5.189961716703607	1.814913479862788	2.0962584260533643	815.17356	0.0269573737935458	2	0.50284
0.1657426315789473	0.0171082653751263	2.1817617033591863	4.434545478040628	1.6127508241618909	5.163500394388167	1.6379045032812851	2.313279102150326	711.1782	0.0153508511810442	3	0.48516
0.6460481578947369	0.0226659962593596	3.80055357349853	5.198660209004558	5.425584628276121	3.560671089498472	1.8221099117898127	3.651050689302738	701.48312	0.0140290864340698	3	0.49316
0.1430460526315789	0.0148000001907348	1.8516055393716693	5.3673686584281874	1.3745105337480883	3.184803344718387	1.5513680176389475	1.8380546617759448	774.72168	0.0135108399910435	2	0.4862
0.3192092105263158	0.0266586488431638	1.7154908595288425	5.3983161839430895	1.6899493827237166	3.571094805435618	1.6542441638133214	2.0244485336040228	785.03632	0.0169355657838723	3	0.49748
0.1531776315789473	0.0	1.7376716230816216	5.740176411290323	1.7319299910629262	3.2012698639942734	1.7130940702087392	2.1702745770828784	720.48112	0.0103016550663639	3	0.43004
0.2033473684210526	0.0	1.644639158177536	3.650097560178452	1.864955756088525	5.410706374521149	1.7631059216397318	2.206413700893739	770.98172	0.0147531708187916	3	0.50656
0.2350431578947368	0.0	1.6062828571260686	3.4810020848050454	1.8962150061614464	5.728233182431896	1.6497428067868438	2.3178436351079603	788.31824	0.0185018721804899	1	0.51348
0.2701423684210526	0.0	1.6156143940823449	4.193390023413111	1.7639745637776685	7.408494754350052	1.6951707594810286	2.350698415375821	715.63784	0.0173025180927444	0	0.51336
0.4343860526315789	0.0219211101531982	2.426005353079729	3.3731945761759228	3.1297163851554286	2.652341056406013	7.738979282438035	4.7156120696032415	627.41548	0.0260931640372907	0	0.52872
0.9782257894736844	0.0869248913180443	11.964259254583048	5.62211477151966	8.914395531477345	2.232346239760803	11.39277868236473	6.574404935650789	563.37876	0.0100272829983865	2	0.4502
0.844113157894737	0.0593473629144406	6.073428677547961	7.5366607977759985	6.367279187042007	2.2416865348750465	6.145888187556357	7.807083877793229	508.53876	0.0237785306067677	1	0.51472
1.1905634210526317	0.0211121476268644	5.810582231556942	4.263336636262777	9.120718767410468	4.03325313500415	5.157322229892992	5.500831433284013	516.02036	0.0257927859228849	0	0.54068
1.5821365789473685	0.036955571978866	11.714271157144394	4.69643270919146	9.845804807275114	2.287886290618616	7.605424134791276	8.20698784074682	567.18604	0.0185247820107375	1	0.50224
0.6251973684210527	0.0	2.3291709668146825	4.747271185058315	3.385643043419208	6.389958941826204	1.908337696240416	2.8809528596322798	666.54164	0.0249052109829117	0	0.58244
0.4727236842105262	0.0204100005928127	2.4296478870976297	4.127332460776355	2.3174087577675992	6.367808930425753	1.661537932516656	2.911890790687956	697.3366	0.0219635618394963	3	0.5538
0.7254289473684211	0.0645026344536144	9.92719238722711	3.5865999132999566	5.865737150791135	3.420814438004447	6.316753792401928	5.940650602797495	652.32	0.0325101147772284	3	0.57572
0.4288026315789473	0.1253123196656405	1.793926645952362	3.08229908219891	2.948420455870008	1.851909134517613	6.987881619167599	4.980568693878894	691.2238	0.0291643608212471	0	0.57148
0.529675	0.1491967844261786	1.8626286580973523	2.720605828640166	1.9060921361577496	4.713728135309156	1.4191904843156629	3.4842078763507125	682.03832	0.0354708852753919	3	0.63428
0.4800723684210526	0.0233027159436369	2.460876088099399	5.019933926506408	2.3949877170700327	8.131128691983122	1.6603706829702307	2.9079299457952037	634.23768	0.0228001358162655	0	0.52792
0.2654578947368421	0.0182692582715195	2.148869321146893	6.960883515279571	2.117870095599143	8.977864551169382	2.0955374925983743	2.308456562698765	604.91904	0.0174031486206896	0	0.51296
1.3175473684210528	0.0408298264027068	5.764827815032685	5.122981003537272	4.526131117353168	5.074057342633374	2.585630858065842	12.188827391901649	586.70044	0.0222667580898369	3	0.50768
0.3996118421052632	0.0368403960836372	3.025816053093839	4.2982771679825404	2.6216245431860785	3.408410236431372	3.486467890188721	3.4279023927658203	602.94116	0.011931369277379	1	0.46436
0.6454223684210527	0.0450083049816222	3.485103004502188	4.724631188494776	2.866957056066893	2.7165376193749617	3.4851789035551297	2.954128151811145	662.9414	0.0121458134179956	1	0.44224
1.2038355263157894	0.0863571331047916	2.829042127153868	4.135550430679716	3.5835180157089823	2.471709768757224	3.7044463794604754	3.913716543684233	730.06244	0.0168679567707987	0	0.48184
0.4887565789473684	0.0906352840880923	2.971161148739208	4.358503478540255	2.5069596731251664	2.787671959780684	2.806204930281168	3.402135904677632	672.07672	0.0119760074395642	0	0.46072
0.2356868421052631	0.059429331048499	2.1732823926711493	6.799656536318822	1.8774110371079549	3.4964532440709357	3.4324547466429194	2.500814219309609	630.33804	0.0080868320804834	0	0.41784
0.29935	0.0617529572366841	2.254792277806516	5.054872693096377	2.102975481466519	5.101126946290004	2.510620608130295	2.9209221638895237	610.00024	0.0124375860909854	0	0.44468
0.4034513157894737	0.0193078357009485	2.798584490488319	5.767949778530143	2.3153764649476387	6.261698706973863	1.946366834895458	2.3428756137825983	583.29804	0.0119721424307542	1	0.46136
0.5328813157894736	0.0201684250964878	2.55409183859974	4.432251078814374	2.161642306881046	3.80446315613087	5.221415748376268	5.859200807832228	581.92056	0.0180743019289128	0	0.522
1.0791665789473683	0.1224521135562696	5.140483036463159	4.1113055595636965	3.356130053940296	2.8369045457890736	4.370494255532424	4.433472070098576	591.623	0.0370525864808699	4	0.56548
0.5677086842105263	0.0275966306845868	2.47016245484853	3.8769042058364303	2.3991233952516384	5.87130939524838	1.9061965811965809	3.0364863277970677	662.501	0.0282310053788914	0	0.56272
0.2259010526315789	0.0182862968212216	2.3845629651432287	4.431229402484223	3.0914326162688366	7.871405447070916	2.0843203285420944	2.586987091780192	614.19672	0.0171494666749589	2	0.53888
0.9316436842105262	0.0306626630414493	3.798172047285934	5.987731006160164	5.029423390857987	4.207870472008781	2.203126913916298	5.424096596204442	588.7806	0.0226356013807829	2	0.55732
0.4501563157894737	0.0148000001907348	2.9216244915937244	6.464435108583247	2.8435214283311803	8.679554344880433	1.987969528355558	3.5913363035015924	625.0012	0.0261563052490178	1	0.5386
1.2586384210526316	0.0251201803570829	5.346641946571067	3.087294244591796	6.96620879589094	2.5625124123667344	3.2736762529742163	6.402927887807485	666.30332	0.0380583084630966	2	0.60748
0.3708105263157895	0.0248754039383479	3.2581481795719758	8.334552840286285	3.1316725895930664	3.93635762449428	3.529676935215662	5.200326979117089	722.38188	0.0311395042600351	0	0.57104
0.5296157894736842	0.1308845167170975	2.7185014740012394	4.246714167020211	3.1037280571683223	3.2740359067951275	4.21440176876871	4.507500895243965	762.659	0.0361163110986877	0	0.59008
0.3982973684210527	0.2704823472878805	1.786979163140312	4.188400986278564	3.1274325893564097	2.336175241762438	3.610072656535487	6.227161400288449	827.98172	0.0352939883577122	0	0.60496
0.4700421052631578	0.2613425757871224	2.221979468433751	4.992800945082276	2.400879400156494	1.940217921210986	6.799403243863894	6.831900222019068	794.7782	0.033966141537498	0	0.56656
0.728538157894737	0.029297129942639	7.342879778368741	3.94095435112693	4.0910069292827576	3.2612394833034597	5.287430112671506	4.383483429394813	637.61428	0.0615492458713755	1	0.60428
0.4115855263157895	0.0255100028268222	3.345837854762784	4.932608045221942	1.9582724695784528	7.732404297218975	1.752836490987218	2.646483916350212	630.38396	0.0204424474380998	0	0.52748
0.9571692105263158	0.4948972780361303	6.963532181406729	7.930613787801128	7.280772155408726	3.4830967209424477	4.713662642090191	6.2397383995623406	716.30132	0.0218432592773086	1	0.50036
0.3571955263157895	0.2574998652575834	1.759458497154713	4.080982529567656	1.980230383793908	8.079652393533058	1.8193726815983469	2.728709619627863	794.70052	0.0136007894070709	0	0.50072
0.63928	0.0223293436980959	2.490877453620295	5.343280917464296	2.8789808290184844	4.546592055852488	2.6643054735745406	2.691953963549891	703.1778	0.0360110818172553	1	0.5034
0.1580657894736842	0.0201762784888104	1.6561091463974411	3.7958989794054823	1.5493506497913088	3.0230865066485606	1.8249165207582272	1.8821368854840272	508.152	0.0053630650015087	0	0.38448
0.1804513157894737	0.0166715822763006	1.6206118886194316	3.936217698094367	1.589693151484323	2.8222461790035567	1.834876571428571	1.76059727108899	550.24536	0.0061870180063037	0	0.38936
0.1486276315789473	0.0	1.6359076168816362	3.5982144663380145	1.973753559714966	3.637734179949776	1.6896251089799477	2.016566937934407	675.54316	0.0075485816231194	0	0.42288
0.1360923684210526	0.0213071865135275	1.6610056506903643	4.421664355555556	2.0946798838692016	3.661104804990995	1.8337802921763835	2.025567064379928	691.97884	0.0114643588667056	0	0.4482
0.1836023684210526	0.035843111996489	1.9257377037848449	4.7315108895132605	1.7277427044921243	4.231021350527454	1.8975925379935132	2.0482358933201628	647.7798	0.0114120241914777	1	0.43232
0.1324171052631579	0.0352853479463583	1.830508683490195	4.541520766412677	1.9273795589774168	4.718817177694514	1.962168055327004	2.7184576986678444	654.60128	0.0117848211617329	0	0.48716
0.3620197368421052	0.0210668829341449	1.7351045510629712	3.9379834207744215	1.9962686184930736	5.084294528032277	1.493613488240635	2.755892419535103	725.46164	0.0179480190720978	0	0.49624
0.3403842105263158	0.0273922285844576	1.7835834807701787	3.91981791468966	1.990353728878413	6.09451836893461	1.822469224997916	2.304946615809381	788.22164	0.0137000615760158	1	0.4682
0.3104947368421052	0.021807896270403	1.5912178274812927	3.0912060321857924	2.104377790918399	7.336001890731476	1.7423570492498974	2.060491589991469	776.79904	0.0200444483024933	0	0.535
0.2620631578947369	0.0170841695719243	2.019203486721408	3.6251702511943806	1.8548452996250056	7.032552622360921	1.5610009735496169	2.4742049202755734	763.12048	0.0252243540336103	0	0.53168
0.2282894736842105	0.0163478224641695	1.6019738622728508	4.7760815761146205	2.3164193397754347	5.371707155842009	1.846338002211184	2.530731156751896	755.45916	0.0265651980712133	0	0.54804
0.3146144736842104	0.0223726758360544	1.94954577499313	3.34533018134821	2.1116456000834933	7.337953000952683	1.6149380550378247	2.6483216497230613	666.13364	0.0234307744514942	1	0.55384
0.3834223684210526	0.0854206697843825	2.59333196861888	3.7544487927614174	1.9735593898174584	4.4557047589628045	1.7409215486959095	2.34801329117486	622.20168	0.0260497169724632	1	0.52036
0.5994973684210527	0.095112527990156	2.945421348190995	3.4361845611947626	2.094475776859293	5.055401183156893	1.2846448768098524	2.8167569518751048	651.20168	0.0409520417491127	0	0.6388
0.379521052631579	0.0295899987220764	3.4378385290045634	4.584132368198587	2.319173077372189	4.460010007505629	1.8063172610943308	3.189858147296115	642.72024	0.0141749712296093	0	0.4686
0.2379881578947368	0.6245272257007223	2.9629562129621463	3.9929406050862073	2.71802483077323	4.379637274945591	1.9378294726010368	3.148427978616023	745.1842	0.0155164311543632	3	0.52728
0.3675881578947368	0.2411553311957687	1.930882748004217	7.024349203015051	1.9168932094588111	4.613358515355559	1.937481028830342	2.965620174987133	809.98092	0.0201075257982225	1	0.52004
0.4336368421052631	0.019300738324795	1.947693085567492	4.938724894291755	2.064893938061769	6.0997641460639285	1.913588516746412	2.7181543854977925	774.74364	0.026605269670276	2	0.51544
0.274678947368421	0.0463964293188892	1.4877023498993998	3.9155732848582776	1.6759575760353786	4.584076220934106	1.4140132127509462	2.627191814195225	916.44104	0.0353207333333352	0	0.58084
0.7520842105263157	0.0250041738250792	4.680738165366408	4.40819585222726	7.208218991699465	4.633440004994381	2.479869555223537	4.857739047391668	883.8332	0.0319711033990803	2	0.59324
0.3170389473684211	0.0264207124710083	5.854311132234782	5.837993672124731	7.510664262731995	1.8909463852497572	5.77545993214726	4.328462908011869	719.49684	0.018007534743898	0	0.50856
1.1383089473684211	0.030373359981336	12.28331998272868	6.25443256473013	12.296330221516769	2.7945517284605206	12.723781088082902	9.26410228607124	738.00352	0.0115651569774571	3	0.51364
0.8277257894736842	0.1474200008541062	12.201485356486891	3.4134894666069022	7.637979713084082	1.9109807676357584	8.163472579814623	4.623961146019266	805.0642	0.0174739604230488	3	0.57332
0.9132789473684212	0.3129231147638302	3.949028818962888	5.136980683660658	5.260989846786438	2.2757269753872618	14.566315143504532	9.03640983946307	888.62084	0.0128702617103212	2	0.44676
0.4058684210526316	0.0470810006446505	2.2096924998271854	3.662738859743661	3.962986366745797	2.021753536615521	10.152488974294355	5.564914792879885	832.69596	0.0111328223525776	0	0.49592
1.0107815789473684	0.1351703189748637	11.435892059285305	5.742791193166282	9.825652164490055	1.9269386058662863	7.925003495525727	6.551863806237715	714.0768	0.018367170197578	2	0.51648
1.554855263157895	0.2069509259738466	17.356743314006366	3.9750274636117617	22.365481800947304	2.6778354766500816	8.42626393545179	11.651685347497391	690.98028	0.0140596702894393	2	0.52268
0.2407	0.2523872389587241	3.855917432450967	3.7327221550505647	2.498950103798669	1.7179942700313	8.08340924932324	4.016221283609766	723.30212	0.0133996311196158	0	0.49548
0.2186578947368421	0.3407251041906761	1.6832909022535998	5.1722751149520985	2.5242449329048946	1.9269325328496052	7.282526946871612	3.92747542113653	748.67784	0.0179536673730261	0	0.52244
0.3626618421052632	0.161519483053284	1.736307109019147	4.768646858158703	2.59636383119504	1.991900032721066	7.13173231934384	3.7359086105555503	662.53588	0.0217493494104637	0	0.51836
0.3614644736842105	0.2290601513348192	1.627861549159269	2.955237375964081	2.494338454875386	1.8650275070913973	5.820515263750429	4.165154739039666	641.96232	0.0242738462582756	1	0.52416
0.3691131578947368	0.3374002547094049	6.176763970715261	4.765055004641916	8.297033735915308	2.0265415905514508	7.160861334002006	4.655381288261911	713.30124	0.0176055804622874	0	0.50084
1.1600994736842103	0.0389869584216635	6.748742909679155	4.184572448091294	10.398529640595754	2.154632305025144	6.654227417961641	6.072789975051031	707.88064	0.0150675645647329	2	0.45252
0.2557402631578947	0.4776313977363782	2.994203524234458	4.305940524301874	4.414138286639404	2.210346392376342	7.156309614914281	3.0160149664491795	650.23672	0.0062451076169925	0	0.4184
0.3677402631578947	0.1369344286213003	2.4799129590306697	5.128862458863629	3.26914444051684	1.900202745512144	6.622082634944914	2.68210033444816	641.02236	0.0059418913385797	1	0.41704
0.2947647368421052	0.1730492394062453	1.7799600209163249	3.3258626764891464	2.4473396838353456	2.0806405277756954	6.258828334639405	4.772701562727258	718.34076	0.0168810293125405	1	0.48104
0.2279652631578947	0.2089782086447874	1.9882403846402	3.711297245869081	2.2211985186172942	2.2581461647515493	5.667762768969705	3.79022633565874	625.29172	0.0151239870593565	0	0.453
0.46027	0.0390450586646754	2.2741205635444848	4.820486172633916	1.9248411184525764	3.5097234584707047	1.9053566480589283	1.9436588720770287	455.81796	0.0094070478973932	1	0.44572
0.3822410526315789	0.0148000001907348	4.046717951749993	6.321214653783232	2.066531640940246	5.967419598757984	2.1440280133218788	2.4787943262411347	436.64128	0.0082044606358864	0	0.44004
1.345802894736842	0.2368331779584385	9.267426518835746	6.098836980653347	13.879364776903726	2.3443562814946195	7.81804531085353	4.924881720796362	482.79912	0.0124168010625418	2	0.43516
0.3402639473684211	0.2691603396181254	2.3741682195562333	6.0136536398367175	2.2121541568100542	3.091769187024272	4.318069301974205	3.2268322485904384	367.33028	0.0165237349780868	0	0.45144
0.0603568421052631	0.0755845628605841	3.1725619959709856	4.312542837559972	4.254251191154694	1.8910657254471936	2.2423541653762773	4.5300378010584295	194.99466548121805	0.0007447318223131	1	0.4242271927620005
0.0	0.0	0.0	0.0	0.0	0.0	0.0	0.0	0.0	0.0	0	0.0
